,SPY 3/20/15 P205,,SPY 4/17/15 P201,,SPY 5/15/15 P211,,SPY 6/19/15 P205,,SPY 7/17/15 P210,,SPY 8/21/15 P211,,SPY 9/18/15 P207,,SPY 10/16/15 P209,,SPY 11/20/15 P191,,SPY 12/18/15 P192,,SPY 1/15/16 P210,,SPY 2/19/16 P210,,SPY 3/18/16 P201,,SPY 4/15/16 P193,,SPY 5/20/16 P198,,SPY 6/17/16 P206,,SPY 7/15/16 P207,,SPY 8/19/16 P210,,SPY 9/16/16 P209,,SPY 10/21/16 P216,,SPY 11/18/16 P217,,SPY 12/16/16 P215,,SPY 1/20/17 P211,,SPY 2/17/17 P219,,SPY 3/17/17 P225,,SPY 4/21/17 P227,,SPY 5/19/17 P239,,SPY 6/16/17 P235,,SPY 7/21/17 P238,,SPY 8/18/17 P243,,SPY 9/15/17 P242,,SPY 10/20/17 P247,,SPY 11/17/17 P247,,SPY 12/15/17 P252,,SPY 1/19/18 P257,,SPY 2/16/18 P264,,SPY 3/16/18 P268,,SPY 4/20/18 P281,,SPY 5/18/18 P267,,SPY 6/15/18 P257,,SPY 7/20/18 P264,,SPY 8/17/18 P273,,SPY 9/21/18 P271,,SPY 10/19/18 P280,,SPY 11/16/18 P289,,SPY 12/21/18 P291,,SPY 1/18/19 P273,,SPY 2/15/19 P279,,SPY 3/15/19 P250,,SPY 4/18/19 P270,,SPY 5/17/19 P280,,SPY 6/21/19 P285,,SPY 7/19/19 P291,,SPY 8/16/19 P274,,SPY 9/20/19 P295,,SPY 10/18/19 P294,,SPY 11/15/19 P290,,SPY 12/20/19 P293,,SPY 1/17/20 P306,,SPY 2/21/20 P311,,SPY 3/20/20 P324,,SPY 4/17/20 P324,,SPY 5/15/20 P309,,SPY 6/19/20 P246,,SPY 7/17/20 P282,,SPY 8/21/20 P305,,SPY 9/18/20 P310,,SPY 10/16/20 P328,
0,1/2/2015,5.76,2/2/2015,6.13,3/2/2015,4.69,4/1/2015,5.64,5/1/2015,5.03,6/1/2015,5.28,7/1/2015,5.73,8/3/2015,4.88,9/1/2015,8.63,#N/A Invalid Security,,11/2/2015,5.43,12/1/2015,5.71,1/4/2016,7.11,2/1/2016,6.44,3/1/2016,6.61,4/1/2016,5.03,5/2/2016,5.27,6/1/2016,5.45,7/1/2016,5.29,8/1/2016,4.97,9/1/2016,5.44,10/3/2016,5.25,11/1/2016,6.31,12/1/2016,5.38,1/3/2017,5.12,2/1/2017,4.67,3/1/2017,5.35,4/3/2017,4.57,5/1/2017,4.4,6/1/2017,4.24,7/3/2017,4.44,8/1/2017,4.28,9/1/2017,4.52,10/2/2017,4.2,11/1/2017,4.33,12/1/2017,4.62,1/2/2018,4.1,2/1/2018,5.7,3/1/2018,7.76,4/2/2018,8.7,5/1/2018,6.46,6/1/2018,5.57,7/2/2018,6.37,8/1/2018,5.52,9/4/2018,5.48,10/1/2018,5.62,11/1/2018,8.3,12/3/2018,7.33,1/2/2019,8.87,2/1/2019,7.12,3/1/2019,5.9,4/1/2019,6.37,5/1/2019,6.57,6/3/2019,8.01,7/1/2019,6.7,8/1/2019,7.87,9/3/2019,8.9,10/1/2019,9.18,11/1/2019,6.94,12/2/2019,8,1/2/2020,6.96,2/3/2020,8.88,3/2/2020,14.17,4/1/2020,21.41,5/1/2020,16.86,6/1/2020,14.34,7/1/2020,14.69,8/3/2020,13.11
,1/5/2015,7.49,2/3/2015,4.68,3/3/2015,5.14,4/2/2015,5.33,5/4/2015,4.65,6/2/2015,5.35,7/2/2015,5.95,8/4/2015,5.22,9/2/2015,7.14,,,11/3/2015,5.15,12/2/2015,6.67,1/5/2016,6.36,2/2/2016,8.45,3/2/2016,6.1,4/4/2016,5.52,5/3/2016,6.24,6/2/2016,5.06,7/5/2016,5.99,8/2/2016,5.79,9/2/2016,4.74,10/4/2016,5.78,11/2/2016,6.94,12/2/2016,5.27,1/4/2017,4.31,2/2/2017,4.62,3/2/2017,5.86,4/4/2017,4.39,5/2/2017,4.4,6/2/2017,3.84,7/5/2017,4.08,8/2/2017,4.25,9/5/2017,5.43,10/3/2017,3.88,11/2/2017,4.34,12/4/2017,4.8,1/3/2018,3.35,2/2/2018,9.38,3/2/2018,6.9,4/3/2018,7.15,5/2/2018,7.54,6/4/2018,4.82,7/3/2018,6.77,8/2/2018,4.65,9/5/2018,5.99,10/2/2018,5.64,11/2/2018,9.1,12/4/2018,13,1/3/2019,12.29,2/4/2019,6.06,3/4/2019,6.48,4/2/2019,6.3,5/2/2019,6.6,6/4/2019,5.52,7/2/2019,5.87,8/2/2019,8.8,9/4/2019,7.1,10/2/2019,12.17,11/4/2019,6.3,12/3/2019,9.25,1/3/2020,8.27,2/4/2020,6.07,3/3/2020,18.4,4/2/2020,17.54,5/4/2020,16.13,6/2/2020,12.9,7/2/2020,13.22,8/4/2020,12.77
,1/6/2015,8.95,2/4/2015,5.13,3/4/2015,5.46,4/6/2015,4.68,5/5/2015,6,6/3/2015,4.89,7/6/2015,6.18,8/5/2015,4.64,9/3/2015,6.35,,,11/4/2015,5.63,12/3/2015,8.62,1/6/2016,7.77,2/3/2016,8.41,3/3/2016,5.75,4/5/2016,6.77,5/4/2016,6.79,6/3/2016,5.25,7/6/2016,5.3,8/3/2016,5.39,9/6/2016,4.21,10/5/2016,5.22,11/3/2016,7.77,12/5/2016,4.46,1/5/2017,4.31,2/3/2017,3.92,3/3/2017,5.45,4/5/2017,5.03,5/3/2017,4.48,6/5/2017,3.96,7/6/2017,5.14,8/3/2017,4.51,9/6/2017,4.9,10/4/2017,3.7,11/3/2017,3.98,12/5/2017,5.03,1/4/2018,3.01,2/5/2018,17.42,3/5/2018,5.55,4/4/2018,5.78,5/3/2018,7.86,6/5/2018,4.59,7/5/2018,5.7,8/3/2018,4.12,9/6/2018,6.49,10/3/2018,5.59,11/5/2018,8.22,12/6/2018,13.17,1/4/2019,7.75,2/5/2019,5.76,3/5/2019,6.65,4/3/2019,5.87,5/3/2019,5.17,6/5/2019,4.6,7/3/2019,5.04,8/5/2019,14.33,9/5/2019,5.63,10/3/2019,10.5,11/5/2019,6.57,12/4/2019,8.13,1/6/2020,7.62,2/5/2020,4.92,3/4/2020,12.3,4/3/2020,17.32,5/5/2020,14.23,6/3/2020,11.24,7/6/2020,11.47,8/5/2020,11.15
,1/7/2015,7.42,2/5/2015,4.18,3/5/2015,5.32,4/7/2015,4.78,5/6/2015,6.48,6/4/2015,6.12,7/7/2015,5.55,8/6/2015,5.48,9/4/2015,7.56,,,11/5/2015,5.55,12/4/2015,6.12,1/7/2016,11,2/4/2016,7.79,3/4/2016,5.57,4/6/2016,5.4,5/5/2016,6.9,6/6/2016,4.68,7/7/2016,5.25,8/4/2016,5.1,9/7/2016,4.21,10/6/2016,4.98,11/4/2016,7.76,12/6/2016,4.06,1/6/2017,3.94,2/6/2017,3.97,3/6/2017,5.51,4/6/2017,4.49,5/4/2017,4.37,6/6/2017,4.2,7/7/2017,4.33,8/4/2017,4.33,9/7/2017,4.82,10/5/2017,3.13,11/6/2017,3.74,12/6/2017,4.91,1/5/2018,2.56,2/6/2018,14.6,3/6/2018,5.22,4/5/2018,5.01,5/4/2018,5.83,6/6/2018,3.65,7/6/2018,4.7,8/6/2018,3.62,9/7/2018,6.7,10/4/2018,6.77,11/6/2018,7.2,12/7/2018,18.44,1/7/2019,6.76,2/6/2019,5.59,3/6/2019,7.58,4/4/2019,5.63,5/6/2019,6.16,6/6/2019,4.06,7/5/2019,5.37,8/6/2019,11.48,9/6/2019,5.07,10/4/2019,8.25,11/6/2019,6.47,12/5/2019,7.73,1/7/2020,8.1,2/6/2020,4.57,3/5/2020,19.5,4/6/2020,11.72,5/6/2020,15.09,6/4/2020,11.35,7/7/2020,13.16,8/6/2020,10.3
,1/8/2015,5.47,2/6/2015,4.4,3/6/2015,7.2,4/8/2015,4.33,5/7/2015,5.96,6/5/2015,6.05,7/8/2015,7.44,8/7/2015,5.77,9/8/2015,5.71,,,11/6/2015,5.4,12/7/2015,6.55,1/8/2016,12.2,2/5/2016,10.04,3/7/2016,5.38,4/7/2016,6.81,5/6/2016,6.23,6/7/2016,4.61,7/8/2016,3.77,8/5/2016,4.14,9/8/2016,4.37,10/7/2016,5.46,11/7/2016,5,12/7/2016,3.2,1/9/2017,4.16,2/7/2017,4.02,3/7/2017,5.98,4/7/2017,4.66,5/5/2017,3.88,6/7/2017,4.14,7/10/2017,4.06,8/7/2017,3.98,9/8/2017,5.07,10/6/2017,3.28,11/7/2017,3.86,12/7/2017,4.42,1/8/2018,2.41,2/7/2018,12.53,3/7/2018,5.17,4/6/2018,7.1,5/7/2018,5.47,6/7/2018,3.67,7/9/2018,3.48,8/7/2018,3.25,9/10/2018,6.1,10/5/2018,7.85,11/7/2018,4.71,12/10/2018,18.97,1/8/2019,5.81,2/7/2019,6.84,3/7/2019,8.99,4/5/2019,4.97,5/7/2019,10.61,6/7/2019,3.5,7/8/2019,5.9,8/7/2019,11.86,9/9/2019,5.02,10/7/2019,8.75,11/7/2019,6.06,12/6/2019,6.45,1/8/2020,6.8,2/7/2020,5.32,3/6/2020,22.62,4/7/2020,11.25,5/7/2020,13.33,6/5/2020,8.51,7/8/2020,11.72,8/7/2020,10.33
,1/9/2015,6.28,2/9/2015,4.73,3/9/2015,6.26,4/9/2015,3.76,5/8/2015,4.51,6/8/2015,6.8,7/9/2015,7.38,8/10/2015,4.25,9/9/2015,6.5,,,11/9/2015,6.53,12/8/2015,7.54,1/11/2016,11.91,2/8/2016,11.67,3/8/2016,6.23,4/8/2016,6.48,5/9/2016,6.05,6/8/2016,4.33,7/11/2016,3.37,8/8/2016,4.09,9/9/2016,7.79,10/10/2016,4.74,11/8/2016,4.69,12/8/2016,3.14,1/10/2017,4.08,2/8/2017,3.84,3/8/2017,6.1,4/10/2017,4.78,5/8/2017,3.67,6/8/2017,3.97,7/11/2017,4.09,8/8/2017,4.37,9/11/2017,3.67,10/9/2017,3.44,11/8/2017,3.7,12/8/2017,3.64,1/9/2018,2.31,2/8/2018,20.94,3/8/2018,4.55,4/9/2018,6.84,5/8/2018,5.35,6/8/2018,3.51,7/10/2018,3.21,8/8/2018,3.22,9/11/2018,5.41,10/8/2018,7.63,11/8/2018,4.9,12/11/2018,16.5,1/9/2019,5.31,2/8/2019,6.61,3/8/2019,9.29,4/8/2019,4.8,5/8/2019,9.28,6/10/2019,3.07,7/9/2019,5.78,8/8/2019,7.98,9/10/2019,4.85,10/8/2019,11.26,11/8/2019,5.7,12/9/2019,6.74,1/9/2020,5.94,2/10/2020,4.39,3/9/2020,41.37,4/8/2020,9.45,5/8/2020,10.13,6/8/2020,7.69,7/9/2020,12.8,8/10/2020,9.57
,1/12/2015,7.08,2/10/2015,3.82,3/10/2015,8.54,4/10/2015,3.3,5/11/2015,5,6/9/2015,6.5,7/10/2015,5.6,8/11/2015,5.35,9/10/2015,6.08,,,11/10/2015,6.15,12/9/2015,8.7,1/12/2016,10.34,2/9/2016,11.39,3/9/2016,5.95,4/11/2016,6.72,5/10/2016,4.75,6/9/2016,4.6,7/12/2016,2.86,8/9/2016,3.96,9/12/2016,5.52,10/11/2016,6.24,11/9/2016,3.37,12/9/2016,2.61,1/11/2017,3.77,2/9/2017,3.29,3/9/2017,6.05,4/11/2017,4.92,5/9/2017,3.78,6/9/2017,3.96,7/12/2017,3.26,8/9/2017,4.37,9/12/2017,3.27,10/10/2017,3.07,11/9/2017,4.05,12/11/2017,3.08,1/10/2018,2.38,2/9/2018,22,3/9/2018,3.1,4/10/2018,5.12,5/9/2018,4.16,6/11/2018,3.3,7/11/2018,3.85,8/9/2018,3.39,9/12/2018,5.15,10/9/2018,7.95,11/9/2018,5.71,12/12/2018,13.8,1/10/2019,4.71,2/11/2019,6.43,3/11/2019,6.64,4/9/2019,5.62,5/9/2019,9.42,6/11/2019,3.16,7/10/2019,5.06,8/9/2019,9.17,9/11/2019,4.1,10/9/2019,9.54,11/11/2019,5.84,12/10/2019,7.13,1/10/2020,6.3,2/11/2020,3.97,3/10/2020,38.89,4/9/2020,8.22,5/11/2020,9.52,6/9/2020,8.85,7/10/2020,11.05,8/11/2020,10.85
,1/13/2015,7.35,2/11/2015,3.79,3/11/2015,9,4/13/2015,3.72,5/12/2015,5.1,6/10/2015,5.01,7/13/2015,4,8/12/2015,5.18,9/11/2015,5.52,,,11/11/2015,6.68,12/10/2015,8.34,1/13/2016,14.22,2/10/2016,11.6,3/10/2016,5.92,4/12/2016,5.49,5/11/2016,5.67,6/10/2016,5.69,7/13/2016,2.79,8/10/2016,4.2,9/13/2016,7.65,10/12/2016,6.05,11/10/2016,3.5,12/12/2016,2.68,1/12/2017,3.87,2/10/2017,2.93,3/10/2017,5.44,4/12/2017,5.28,5/10/2017,3.72,6/12/2017,4.01,7/13/2017,2.98,8/10/2017,6.7,9/13/2017,3.12,10/11/2017,2.85,11/10/2017,4.33,12/12/2017,2.96,1/11/2018,1.96,2/12/2018,16.8,3/12/2018,3.18,4/11/2018,5.26,5/10/2018,3.32,6/12/2018,3.17,7/12/2018,3.12,8/10/2018,4.17,9/13/2018,4.38,10/10/2018,15.51,11/12/2018,8.07,12/13/2018,16.18,1/11/2019,4.44,2/12/2019,4.86,3/12/2019,6.01,4/10/2019,4.87,5/10/2019,8.7,6/12/2019,3.2,7/11/2019,4.75,8/12/2019,11.54,9/12/2019,3.64,10/10/2019,8.38,11/12/2019,5.5,12/11/2019,6.47,1/13/2020,5.27,2/12/2020,3.33,3/11/2020,41.12,4/13/2020,8.14,5/12/2020,12.93,6/10/2020,9.3,7/13/2020,13.16,8/12/2020,8.63
,1/14/2015,8.17,2/12/2015,2.89,3/12/2015,7.11,4/14/2015,3.45,5/13/2015,5.01,6/11/2015,4.85,7/14/2015,3.61,8/13/2015,5.21,9/14/2015,5.75,,,11/12/2015,8.6,12/11/2015,11.46,1/14/2016,10.85,2/11/2016,13.09,3/11/2016,4.37,4/13/2016,4.4,5/12/2016,5.68,6/13/2016,7.05,7/14/2016,2.46,8/11/2016,3.85,9/14/2016,8.09,10/13/2016,6.48,11/11/2016,3.5,12/13/2016,2.35,1/13/2017,3.59,2/13/2017,2.39,3/13/2017,5.26,4/13/2017,6.25,5/11/2017,3.91,6/13/2017,3.37,7/14/2017,2.58,8/11/2017,6.57,9/14/2017,3.02,10/12/2017,2.94,11/13/2017,4.16,12/13/2017,3.01,1/12/2018,1.66,2/13/2018,16.69,3/13/2018,3.61,4/12/2018,4.36,5/11/2018,2.93,6/13/2018,3.46,7/13/2018,2.93,8/13/2018,4.69,9/14/2018,4.14,10/11/2018,19.23,11/13/2018,8.34,12/14/2018,20.62,1/14/2019,4.64,2/13/2019,4.73,3/13/2019,4.96,4/11/2019,4.81,5/13/2019,13.5,6/13/2019,2.87,7/12/2019,4.26,8/13/2019,8.8,9/13/2019,3.68,10/11/2019,6.59,11/13/2019,5.35,12/12/2019,5.25,1/14/2020,5.24,2/13/2020,3.56,3/12/2020,58.71,4/14/2020,5.93,5/13/2020,14.74,6/11/2020,19.47,7/14/2020,11.03,8/13/2020,8.84
,1/15/2015,9.3,2/13/2015,2.62,3/13/2015,8.55,4/15/2015,3.01,5/14/2015,3.88,6/12/2015,5.65,7/15/2015,3.5,8/14/2015,4.7,9/15/2015,4.3,,,11/13/2015,10.23,12/14/2015,10.41,1/15/2016,15.3,2/12/2016,10.81,3/14/2016,4.2,4/14/2016,4.34,5/13/2016,6.48,6/14/2016,7.1,7/15/2016,2.48,8/12/2016,3.83,9/15/2016,6.45,10/14/2016,6.47,11/14/2016,3.36,12/14/2016,2.71,1/17/2017,3.82,2/14/2017,1.96,3/14/2017,5.69,4/17/2017,4.9,5/12/2017,3.89,6/14/2017,3.49,7/17/2017,2.45,8/14/2017,4.65,9/15/2017,2.8,10/13/2017,2.7,11/14/2017,4.27,12/14/2017,3.4,1/16/2018,2,2/14/2018,15.25,3/14/2018,4.06,4/13/2018,4.12,5/14/2018,2.71,6/14/2018,3.03,7/16/2018,2.85,8/14/2018,3.86,9/17/2018,4.8,10/12/2018,15.75,11/14/2018,9.42,12/18/2018,23.24,1/15/2019,3.64,2/14/2019,4.99,3/14/2019,5.17,4/12/2019,3.93,5/14/2019,10.23,6/14/2019,2.77,7/15/2019,4.13,8/14/2019,14.3,9/16/2019,3.85,10/14/2019,6.51,11/14/2019,5.26,12/13/2019,4.61,1/15/2020,5.03,2/14/2020,3.39,3/13/2020,55.4,4/15/2020,7.29,5/14/2020,12.77,6/12/2020,16.94,7/15/2020,9.55,8/14/2020,9.04
,1/16/2015,7.64,2/17/2015,2.49,3/16/2015,6.54,4/16/2015,2.92,5/15/2015,3.75,6/15/2015,6.12,7/16/2015,2.81,8/17/2015,4.06,9/16/2015,3.64,,,11/16/2015,7.91,12/15/2015,8.98,1/19/2016,14.98,2/16/2016,8.5,3/15/2016,4.28,4/15/2016,4.23,5/16/2016,5.27,6/15/2016,7.17,7/18/2016,2.3,8/15/2016,3.53,9/16/2016,6.56,10/17/2016,6.45,11/15/2016,2.67,12/15/2016,2.44,1/18/2017,3.56,2/15/2017,1.82,3/15/2017,4.64,4/18/2017,5.07,5/15/2017,3.33,6/15/2017,3.7,7/18/2017,2.36,8/15/2017,4.51,9/18/2017,2.48,10/16/2017,2.51,11/15/2017,5,12/15/2017,2.34,1/17/2018,1.65,2/15/2018,11.63,3/15/2018,3.81,4/16/2018,3.09,5/15/2018,3.53,6/15/2018,3.14,7/17/2018,2.34,8/15/2018,4.72,9/18/2018,4.15,10/15/2018,16.85,11/15/2018,7.95,12/19/2018,28.98,1/16/2019,3.55,2/15/2019,3.7,3/15/2019,4.42,4/15/2019,3.86,5/15/2019,9.72,6/17/2019,2.62,7/16/2019,4.38,8/15/2019,13.64,9/17/2019,3.71,10/15/2019,5.07,11/15/2019,4.25,12/16/2019,3.71,1/16/2020,4.24,2/18/2020,3.49,3/16/2020,70.5,4/16/2020,7.59,5/15/2020,12.1,6/15/2020,14.49,7/16/2020,10,8/17/2020,7.65
,1/20/2015,7.21,2/18/2015,2.41,3/17/2015,6.68,4/17/2015,3.84,5/18/2015,3.39,6/16/2015,5.52,7/17/2015,2.68,8/18/2015,4.31,9/17/2015,3.84,,,11/17/2015,8.32,12/16/2015,6.83,1/20/2016,15.97,2/17/2016,6.61,3/16/2016,3.69,4/18/2016,3.59,5/17/2016,6.35,6/16/2016,6.65,7/19/2016,2.3,8/16/2016,3.96,9/19/2016,6.32,10/18/2016,5.87,11/16/2016,2.74,12/16/2016,2.37,1/19/2017,3.8,2/16/2017,1.93,3/16/2017,4.53,4/19/2017,5.47,5/16/2017,3.32,6/16/2017,3.51,7/19/2017,1.98,8/16/2017,4.32,9/19/2017,2.39,10/17/2017,2.45,11/16/2017,3.9,12/18/2017,2.04,1/18/2018,1.71,2/16/2018,11.18,3/16/2018,3.34,4/17/2018,2.33,5/16/2018,2.89,6/18/2018,3.05,7/18/2018,2.24,8/16/2018,3.85,9/19/2018,3.83,10/16/2018,12.45,11/16/2018,7,12/20/2018,32.83,1/17/2019,3,2/19/2019,3.44,3/18/2019,4.07,4/16/2019,3.77,5/16/2019,8.13,6/18/2019,2.18,7/17/2019,5.3,8/16/2019,10.55,9/18/2019,3.47,10/16/2019,5.09,11/18/2019,4.19,12/17/2019,3.72,1/17/2020,3.94,2/19/2020,3.01,3/17/2020,59.54,4/17/2020,5.49,5/18/2020,8.32,6/16/2020,12.38,7/17/2020,8.6,8/18/2020,7.36
,1/21/2015,6.37,2/19/2015,2.38,3/18/2015,4.91,4/20/2015,3.03,5/19/2015,3.33,6/17/2015,5.17,7/20/2015,2.54,8/19/2015,5.45,9/18/2015,4.99,,,11/18/2015,6.03,12/17/2015,9,1/21/2016,15.2,2/18/2016,6.68,3/17/2016,3.1,4/19/2016,3.25,5/18/2016,6.3,6/17/2016,6.94,7/20/2016,1.99,8/17/2016,3.7,9/20/2016,6.5,10/19/2016,5.27,11/17/2016,2.39,12/19/2016,2.07,1/20/2017,3.38,2/17/2017,1.86,3/17/2017,4.67,4/20/2017,4.34,5/17/2017,5.85,6/19/2017,2.66,7/20/2017,1.94,8/17/2017,6.88,9/20/2017,2.33,10/18/2017,2.34,11/17/2017,4.01,12/19/2017,2.38,1/19/2018,1.46,2/20/2018,12.34,3/19/2018,4.87,4/18/2018,2.29,5/17/2018,2.88,6/19/2018,3.66,7/19/2018,2.55,8/17/2018,3.38,9/20/2018,3.1,10/17/2018,12.96,11/19/2018,9.95,12/21/2018,34.94,1/18/2019,2.33,2/20/2019,2.97,3/19/2019,4.29,4/17/2019,4.08,5/17/2019,9.1,6/19/2019,1.86,7/18/2019,4.67,8/19/2019,8.28,9/19/2019,3.4,10/17/2019,4.79,11/19/2019,4.26,12/18/2019,3.74,1/21/2020,4.13,2/20/2020,3.56,3/18/2020,76,4/20/2020,7.42,5/19/2020,9.41,6/17/2020,12.79,7/20/2020,7.13,8/19/2020,7.55
,1/22/2015,4.6,2/20/2015,1.95,3/19/2015,5.34,4/21/2015,3.01,5/20/2015,3.4,6/18/2015,4.06,7/21/2015,2.7,8/20/2015,8.49,9/21/2015,3.93,,,11/19/2015,6.1,12/18/2015,11.15,1/22/2016,12.6,2/19/2016,6.55,3/18/2016,2.83,4/20/2016,3.18,5/19/2016,6.62,6/20/2016,6.04,7/21/2016,2.29,8/18/2016,3.42,9/21/2016,4.89,10/20/2016,5.22,11/18/2016,2.39,12/20/2016,1.87,1/23/2017,3.44,2/21/2017,1.59,3/20/2017,4.72,4/21/2017,4.6,5/18/2017,5.23,6/20/2017,3.27,7/21/2017,1.93,8/18/2017,7,9/21/2017,2.36,10/19/2017,2.29,11/20/2017,3.59,12/20/2017,2.31,1/22/2018,1.18,2/21/2018,11.51,3/20/2018,4.6,4/19/2018,2.64,5/18/2018,3.05,6/20/2018,3.3,7/20/2018,2.67,8/20/2018,3.07,9/21/2018,3.08,10/18/2018,16.27,11/20/2018,12.5,12/24/2018,40.1,1/22/2019,3.43,2/21/2019,3.21,3/20/2019,4.69,4/18/2019,3.69,5/20/2019,10.95,6/20/2019,1.58,7/19/2019,5.41,8/20/2019,9.55,9/20/2019,4.15,10/18/2019,5.07,11/20/2019,4.66,12/19/2019,3.36,1/22/2020,4.16,2/21/2020,4.87,3/19/2020,68.38,4/21/2020,9.14,5/20/2020,7.38,6/18/2020,12.44,7/21/2020,6.99,8/20/2020,7.54
,1/23/2015,5.1,2/23/2015,1.87,3/20/2015,4.35,4/22/2015,2.64,5/21/2015,3.01,6/19/2015,4.65,7/22/2015,2.85,8/21/2015,13.1,9/22/2015,4.97,,,11/20/2015,5.28,12/21/2015,10,1/25/2016,15,2/22/2016,5.13,3/21/2016,2.59,4/21/2016,3.69,5/20/2016,5.69,6/21/2016,5.7,7/22/2016,1.97,8/19/2016,3.42,9/22/2016,4.17,10/21/2016,5.17,11/21/2016,1.84,12/21/2016,1.94,1/24/2017,2.79,2/22/2017,1.61,3/21/2017,6.54,4/24/2017,2.86,5/19/2017,4.1,6/21/2017,3.35,7/24/2017,1.88,8/21/2017,6.52,9/22/2017,2.4,10/20/2017,1.97,11/21/2017,2.78,12/21/2017,2.12,1/23/2018,1.12,2/22/2018,10.87,3/21/2018,4.61,4/20/2018,3.2,5/21/2018,2.37,6/21/2018,4.15,7/23/2018,2.41,8/21/2018,2.87,9/24/2018,3.42,10/19/2018,14.17,11/21/2018,11.68,12/26/2018,34.66,1/23/2019,3.12,2/22/2019,2.61,3/21/2019,3.6,4/22/2019,3.45,5/21/2019,8.35,6/21/2019,1.73,7/22/2019,4.87,8/21/2019,7.83,9/23/2019,3.67,10/21/2019,4.34,11/21/2019,4.83,12/20/2019,3.06,1/23/2020,4.07,2/24/2020,10.59,3/20/2020,75,4/22/2020,7.4,5/21/2020,8.25,6/19/2020,14.31,7/22/2020,6.5,8/21/2020,6.85
,1/26/2015,4.36,2/24/2015,1.53,3/23/2015,4.47,4/23/2015,2.4,5/22/2015,3.14,6/22/2015,3.86,7/23/2015,3.15,8/24/2015,21.01,9/23/2015,4.94,,,11/23/2015,5.36,12/22/2015,8.15,1/26/2016,13.29,2/23/2016,6.23,3/22/2016,2.59,4/22/2016,3.47,5/23/2016,5.8,6/22/2016,6.18,7/25/2016,2.11,8/22/2016,3.41,9/23/2016,4.54,10/24/2016,4.48,11/22/2016,1.7,12/22/2016,2.02,1/25/2017,2.17,2/23/2017,1.6,3/22/2017,6.16,4/25/2017,2.39,5/22/2017,3.35,6/22/2017,3.32,7/25/2017,1.7,8/22/2017,4.74,9/25/2017,2.61,10/23/2017,2.33,11/22/2017,2.78,12/22/2017,2.25,1/24/2018,1.15,2/23/2018,9.07,3/22/2018,8.2,4/23/2018,3.05,5/22/2018,2.47,6/22/2018,3.77,7/24/2018,2.1,8/22/2018,2.93,9/25/2018,3.59,10/22/2018,16.33,11/23/2018,13.05,12/27/2018,35.27,1/24/2019,2.83,2/25/2019,2.55,3/22/2019,5.98,4/23/2019,2.8,5/22/2019,8.66,6/24/2019,1.62,7/23/2019,3.93,8/22/2019,8,9/24/2019,4.73,10/22/2019,4.65,11/22/2019,4.36,12/23/2019,3.01,1/24/2020,5.31,2/25/2020,16.08,3/23/2020,89,4/23/2020,7.2,5/22/2020,7.82,6/22/2020,11.31,7/23/2020,7.73,8/24/2020,5.97
,1/27/2015,5.98,2/25/2015,1.53,3/24/2015,4.92,4/24/2015,2.27,5/26/2015,3.96,6/23/2015,3.53,7/24/2015,4,8/25/2015,18.55,9/24/2015,5.51,,,11/24/2015,5.2,12/23/2015,7,1/27/2016,11.96,2/24/2016,5.6,3/23/2016,3,4/25/2016,3.55,5/24/2016,4.05,6/23/2016,4.28,7/26/2016,2.06,8/23/2016,3.21,9/26/2016,5.8,10/25/2016,4.84,11/23/2016,1.67,12/23/2016,1.94,1/26/2017,2.09,2/24/2017,1.54,3/23/2017,6.63,4/26/2017,2.46,5/23/2017,3.09,6/23/2017,3.02,7/26/2017,1.66,8/23/2017,5.37,9/26/2017,2.49,10/24/2017,2.28,11/24/2017,2.5,12/26/2017,2.2,1/25/2018,1.21,2/26/2018,6.92,3/23/2018,11.45,4/24/2018,4.01,5/23/2018,2.22,6/25/2018,6.15,7/25/2018,1.67,8/23/2018,3,9/26/2018,3.91,10/23/2018,17.47,11/26/2018,9.85,12/28/2018,29.17,1/25/2019,2.15,2/26/2019,2.71,3/25/2019,6.04,4/24/2019,3.08,5/23/2019,11.4,6/25/2019,2.05,7/24/2019,3.38,8/23/2019,13.7,9/25/2019,4,10/23/2019,4.52,11/25/2019,3.4,12/24/2019,3,1/27/2020,8.22,2/26/2020,17,3/25/2020,58.02,4/24/2020,5.26,5/26/2020,6.36,6/23/2020,10.87,7/24/2020,8.2,8/25/2020,5.49
,1/28/2015,8,2/26/2015,1.55,3/25/2015,6.81,4/27/2015,2.43,5/27/2015,3.16,6/24/2015,4.3,7/27/2015,4.84,8/26/2015,16.98,9/25/2015,5.47,,,11/25/2015,5,12/24/2015,6.82,1/28/2016,13.72,2/25/2016,4.44,3/24/2016,2.92,4/26/2016,3.41,5/25/2016,3.45,6/24/2016,9.8,7/27/2016,1.98,8/24/2016,3.73,9/27/2016,4.69,10/26/2016,5.2,11/25/2016,1.48,12/27/2016,1.7,1/27/2017,2.16,2/27/2017,1.41,3/24/2017,6.38,4/27/2017,2.26,5/24/2017,2.82,6/26/2017,2.88,7/27/2017,1.84,8/24/2017,5.6,9/27/2017,2.23,10/25/2017,2.59,11/27/2017,2.43,12/27/2017,2.12,1/26/2018,0.85,2/27/2018,9.06,3/26/2018,7.18,4/25/2018,3.75,5/24/2018,2.3,6/26/2018,5.26,7/26/2018,1.69,8/24/2018,2.46,9/27/2018,3.55,10/24/2018,23.58,11/27/2018,9.44,12/31/2018,30.13,1/28/2019,2.59,2/27/2019,2.61,3/26/2019,4.96,4/25/2019,3.2,5/24/2019,10.89,6/26/2019,2,7/25/2019,3.87,8/26/2019,10.5,9/26/2019,4.18,10/24/2019,3.89,11/26/2019,3.04,12/26/2019,2.62,1/28/2020,6.22,2/27/2020,28.34,3/27/2020,56.69,4/27/2020,3.76,5/27/2020,5.29,6/24/2020,13.87,7/27/2020,6.87,8/26/2020,5.1
,1/29/2015,6.5,2/27/2015,1.61,3/26/2015,7.26,4/28/2015,2.13,5/28/2015,3.1,6/25/2015,4.57,7/28/2015,3.46,8/27/2015,12.71,9/28/2015,7.91,,,11/27/2015,4.88,12/28/2015,7,1/29/2016,9.86,2/26/2016,4.79,3/28/2016,2.76,4/27/2016,3.1,5/26/2016,3.26,6/27/2016,11.43,7/28/2016,1.82,8/25/2016,3.77,9/28/2016,4.1,10/27/2016,5.89,11/28/2016,1.62,12/28/2016,2.23,1/30/2017,2.73,2/28/2017,1.54,3/27/2017,6.42,4/28/2017,2.38,5/25/2017,2.42,6/27/2017,3.74,7/28/2017,1.84,8/25/2017,5.27,9/28/2017,2.04,10/26/2017,2.51,11/28/2017,1.86,12/28/2017,2.01,1/29/2018,1.24,2/28/2018,11.68,3/27/2018,9.68,4/26/2018,2.77,5/25/2018,2.39,6/27/2018,6.64,7/27/2018,2.08,8/27/2018,1.92,9/28/2018,3.5,10/25/2018,20.9,11/28/2018,6.22,1/8/2019,23.45,1/29/2019,2.6,2/28/2019,2.57,3/27/2019,5.44,4/26/2019,2.74,5/28/2019,13,6/27/2019,1.81,7/26/2019,3.28,8/27/2019,11.81,9/27/2019,4.8,10/25/2019,3.36,11/27/2019,2.84,12/27/2019,2.78,1/29/2020,6.4,2/28/2020,33,3/30/2020,54.41,4/28/2020,3.82,5/28/2020,5.56,6/25/2020,12.3,7/28/2020,7.33,8/27/2020,5.11
,1/30/2015,8.57,3/2/2015,1.25,3/27/2015,6.74,4/29/2015,2.63,5/29/2015,3.65,6/26/2015,4.52,7/29/2015,2.88,8/28/2015,11.59,9/29/2015,7.52,,,11/30/2015,5.35,12/29/2015,5.65,2/1/2016,9.32,2/29/2016,5.3,3/29/2016,2.06,4/28/2016,3.9,5/27/2016,2.82,6/28/2016,8.39,7/29/2016,1.6,8/26/2016,3.95,9/29/2016,5.16,10/28/2016,5.92,11/29/2016,1.52,12/29/2016,2.36,1/31/2017,2.63,3/1/2017,1.05,3/28/2017,5.16,5/1/2017,2.08,5/26/2017,2.35,6/28/2017,2.75,7/31/2017,1.67,8/28/2017,5.15,9/29/2017,1.67,10/27/2017,1.84,11/29/2017,2,12/29/2017,2.42,1/30/2018,1.72,3/1/2018,14.45,3/28/2018,10.2,4/27/2018,2.61,5/29/2018,3.69,6/28/2018,5.71,7/30/2018,2.4,8/28/2018,1.91,10/1/2018,2.98,10/26/2018,28.35,11/29/2018,6.45,1/14/2019,21.3,1/30/2019,1.68,3/1/2019,2.03,3/28/2019,4.77,4/29/2019,2.67,5/29/2019,15.5,6/28/2019,1.4,7/29/2019,3.25,8/28/2019,10.14,9/30/2019,3.75,10/28/2019,2.93,11/29/2019,3.17,12/30/2019,3.35,1/30/2020,5.28,3/2/2020,20.64,3/31/2020,50.63,4/29/2020,2.73,5/29/2020,4.89,6/26/2020,15.48,7/29/2020,6.06,8/28/2020,4.37
,2/2/2015,6.55,3/3/2015,1.45,3/30/2015,5.25,4/30/2015,3.22,6/1/2015,3.5,6/29/2015,7.67,7/30/2015,2.67,8/31/2015,13.36,9/30/2015,5.94,,,12/1/2015,4.09,12/30/2015,6.45,2/2/2016,12.44,3/1/2016,3.09,3/30/2016,1.77,4/29/2016,4.55,5/31/2016,2.91,6/29/2016,5.69,8/1/2016,1.59,8/29/2016,3.26,9/30/2016,4.19,10/31/2016,6.05,11/30/2016,1.62,12/30/2016,2.6,2/1/2017,2.53,3/2/2017,1.09,3/29/2017,4.99,5/2/2017,2.04,5/30/2017,2.39,6/29/2017,3.73,8/1/2017,1.57,8/29/2017,4.95,10/2/2017,1.42,10/30/2017,1.99,11/30/2017,1.77,1/2/2018,1.64,1/31/2018,1.48,3/2/2018,12.98,3/29/2018,7.85,4/30/2018,3.04,5/30/2018,2.46,6/29/2018,5.2,7/31/2018,1.91,8/29/2018,1.6,10/2/2018,3.01,10/29/2018,29.9,11/30/2018,5.4,1/17/2019,17.38,1/31/2019,1.16,3/4/2019,2.31,3/29/2019,3.9,4/30/2019,2.54,5/30/2019,14.24,7/1/2019,1.02,7/30/2019,3.72,8/29/2019,7.75,10/1/2019,5.62,10/29/2019,3.02,12/2/2019,4.37,12/31/2019,2.89,1/31/2020,8.55,3/3/2020,25.92,4/1/2020,62.89,4/30/2020,3.58,6/1/2020,4.74,6/29/2020,12.58,7/30/2020,6.3,8/31/2020,5.02
,2/3/2015,4.8,3/4/2015,1.57,3/31/2015,6.25,5/1/2015,2.32,6/2/2015,3.65,6/30/2015,7.2,7/31/2015,2.76,9/1/2015,18.45,10/1/2015,5.15,,,12/2/2015,5.11,12/31/2015,8,2/3/2016,11.7,3/2/2016,2.78,3/31/2016,1.86,5/2/2016,3.61,6/1/2016,2.7,6/30/2016,4.41,8/2/2016,2.01,8/30/2016,3.4,10/3/2016,4.47,11/1/2016,7.14,12/1/2016,1.87,1/3/2017,1.79,2/2/2017,2.55,3/3/2017,0.92,3/30/2017,4.54,5/3/2017,2.18,5/31/2017,2.23,6/30/2017,3.59,8/2/2017,1.53,8/30/2017,4.36,10/3/2017,1.31,10/31/2017,1.84,12/1/2017,1.75,1/3/2018,1.29,2/1/2018,1.54,3/5/2018,10.3,4/2/2018,11.75,5/1/2018,2.74,5/31/2018,2.83,7/2/2018,4.8,8/1/2018,1.99,8/30/2018,1.99,10/3/2018,2.93,10/30/2018,27.96,12/3/2018,3.77,1/22/2019,17.41,2/1/2019,1.11,3/5/2019,2.36,4/1/2019,2.77,5/1/2019,3.45,5/31/2019,17.27,7/2/2019,0.83,7/31/2019,5.15,8/30/2019,7.69,10/2/2019,8.16,10/30/2019,2.75,12/3/2019,5.31,1/2/2020,2.2,2/3/2020,7.27,3/4/2020,17.79,4/2/2020,58.58,5/1/2020,4.58,6/2/2020,3.88,6/30/2020,10.57,7/31/2020,5.8,9/1/2020,4.63
,2/4/2015,5.48,3/5/2015,1.44,4/1/2015,6.78,5/4/2015,2.05,6/3/2015,3.15,7/1/2015,5.97,8/3/2015,2.94,9/2/2015,15.31,10/2/2015,4.09,,,12/3/2015,7.09,1/4/2016,9.86,2/4/2016,11.5,3/3/2016,2.5,4/1/2016,1.5,5/3/2016,4.42,6/2/2016,2.39,7/1/2016,3.96,8/3/2016,1.76,8/31/2016,3.6,10/4/2016,4.85,11/2/2016,7.96,12/2/2016,1.84,1/4/2017,1.31,2/3/2017,1.91,3/6/2017,0.93,3/31/2017,4.86,5/4/2017,2.05,6/1/2017,1.74,7/3/2017,3.34,8/3/2017,1.61,8/31/2017,3.65,10/4/2017,1.19,11/1/2017,1.77,12/4/2017,1.84,1/4/2018,1.1,2/2/2018,3.1,3/6/2018,10.31,4/3/2018,9.7,5/2/2018,3.36,6/1/2018,1.98,7/3/2018,5.56,8/2/2018,1.6,8/31/2018,1.75,10/4/2018,4.05,10/31/2018,20.6,12/4/2018,8.38,1/23/2019,14.47,2/4/2019,0.83,3/6/2019,2.9,4/2/2019,2.71,5/2/2019,3.45,6/3/2019,17.49,7/3/2019,0.67,8/1/2019,6.66,9/3/2019,8.66,10/3/2019,6.67,10/31/2019,2.89,12/4/2019,4.51,1/3/2020,2.76,2/4/2020,4.71,3/5/2020,26.68,4/3/2020,61.13,5/4/2020,3.87,6/3/2020,2.98,7/1/2020,9.31,8/3/2020,4.9,9/2/2020,3.85
,2/5/2015,4.1,3/6/2015,2.16,4/2/2015,5.85,5/5/2015,2.92,6/4/2015,3.96,7/2/2015,6.1,8/4/2015,3.23,9/3/2015,15.07,10/5/2015,2.75,,,12/4/2015,4.48,1/5/2016,9.55,2/5/2016,14.05,3/4/2016,2.38,4/4/2016,1.63,5/4/2016,4.96,6/3/2016,2.51,7/5/2016,4.51,8/4/2016,1.61,9/1/2016,3.67,10/5/2016,4.35,11/3/2016,8.79,12/5/2016,1.22,1/5/2017,1.3,2/6/2017,1.95,3/7/2017,1.02,4/3/2017,5.07,5/5/2017,1.72,6/2/2017,1.55,7/5/2017,3.05,8/4/2017,1.54,9/1/2017,3.2,10/5/2017,0.96,11/2/2017,1.71,12/5/2017,1.84,1/5/2018,0.87,2/5/2018,12.58,3/7/2018,10.26,4/4/2018,7.3,5/3/2018,3.52,6/4/2018,1.58,7/5/2018,4.17,8/3/2018,1.35,9/4/2018,1.79,10/5/2018,4.82,11/1/2018,19.34,12/6/2018,9.05,1/24/2019,15.54,2/5/2019,0.75,3/7/2019,3.6,4/3/2019,2.47,5/3/2019,2.47,6/4/2019,13.54,7/5/2019,0.69,8/2/2019,7.68,9/4/2019,6.61,10/4/2019,4.65,11/1/2019,2.16,12/5/2019,4.14,1/6/2020,2.39,2/5/2020,3.48,3/6/2020,30.5,4/6/2020,43.21,5/5/2020,3.14,6/4/2020,3.1,7/2/2020,8.1,8/4/2020,4.44,9/3/2020,7.4
,2/6/2015,4.27,3/9/2015,1.81,4/6/2015,5.03,5/6/2015,3.3,6/5/2015,4.23,7/6/2015,6.48,8/5/2015,2.77,9/4/2015,17.85,10/6/2015,2.82,,,12/7/2015,4.9,1/6/2016,11.5,2/8/2016,18.92,3/7/2016,2.15,4/5/2016,2.2,5/5/2016,5.01,6/6/2016,2.15,7/6/2016,3.85,8/5/2016,1.11,9/2/2016,2.97,10/6/2016,4.07,11/4/2016,8.98,12/6/2016,1.06,1/6/2017,1.09,2/7/2017,1.91,3/8/2017,1.1,4/4/2017,4.92,5/8/2017,1.51,6/5/2017,1.6,7/6/2017,4.15,8/7/2017,1.33,9/5/2017,4.03,10/6/2017,1,11/3/2017,1.37,12/6/2017,1.75,1/8/2018,0.74,2/6/2018,6.34,3/9/2018,5.72,4/5/2018,6.32,5/4/2018,2.25,6/5/2018,1.5,7/6/2018,2.96,8/6/2018,1.09,9/5/2018,2.09,10/8/2018,4.7,11/5/2018,19.69,12/7/2018,12.86,1/31/2019,8.84,2/6/2019,0.76,3/8/2019,3.56,4/4/2019,2.32,5/6/2019,3.17,6/5/2019,10.94,7/8/2019,0.73,8/5/2019,13.92,9/5/2019,4.79,10/7/2019,5.02,11/4/2019,1.94,12/6/2019,3.06,1/7/2020,2.47,2/6/2020,3.15,3/9/2020,51.22,4/7/2020,42.05,5/6/2020,3.32,6/5/2020,2,7/6/2020,6.71,8/5/2020,3.86,9/4/2020,7.35
,2/9/2015,4.76,3/10/2015,2.91,4/7/2015,5.4,5/7/2015,2.96,6/8/2015,4.91,7/7/2015,5.74,8/6/2015,3.57,9/8/2015,13.16,10/7/2015,2.19,,,12/8/2015,6.25,1/7/2016,15.66,2/9/2016,15.75,3/8/2016,2.79,4/6/2016,1.54,5/6/2016,4.32,6/7/2016,2.09,7/7/2016,3.79,8/8/2016,1.03,9/6/2016,2.54,10/7/2016,4.5,11/7/2016,5.43,12/7/2016,0.78,1/9/2017,1.11,2/8/2017,1.83,3/9/2017,1.14,4/5/2017,5.26,5/9/2017,1.61,6/6/2017,1.72,7/7/2017,3.2,8/8/2017,1.61,9/6/2017,3.59,10/9/2017,1.06,11/6/2017,1.3,12/7/2017,1.41,1/9/2018,0.76,2/7/2018,6.41,3/12/2018,5.71,4/6/2018,9.72,5/7/2018,1.95,6/6/2018,1.06,7/9/2018,2.01,8/7/2018,0.93,9/6/2018,2.22,10/9/2018,4.88,11/6/2018,17.83,12/10/2018,11.76,2/1/2019,9.04,2/7/2019,0.98,3/11/2019,2.11,4/5/2019,1.83,5/7/2019,5.56,6/6/2019,9.35,7/9/2019,0.71,8/6/2019,10.68,9/6/2019,4.22,10/8/2019,7.26,11/5/2019,2.03,12/9/2019,3.55,1/8/2020,2.11,2/7/2020,3.72,3/10/2020,38.29,4/8/2020,40.23,5/7/2020,2.62,6/8/2020,1.75,7/7/2020,7.93,8/6/2020,3.32,9/8/2020,9.28
,2/10/2015,3.67,3/11/2015,3.02,4/8/2015,4.86,5/8/2015,1.94,6/9/2015,4.74,7/8/2015,8.07,8/7/2015,3.67,9/9/2015,12.89,10/8/2015,1.71,,,12/9/2015,7.5,1/8/2016,18.37,2/10/2016,15.73,3/9/2016,2.43,4/7/2016,2.29,5/9/2016,4.04,6/8/2016,1.91,7/8/2016,2.42,8/9/2016,1,9/7/2016,2.49,10/10/2016,3.8,11/8/2016,5.03,12/8/2016,0.7,1/10/2017,1.09,2/9/2017,1.4,3/10/2017,0.95,4/6/2017,4.95,5/10/2017,1.51,6/7/2017,1.66,7/10/2017,2.95,8/9/2017,1.59,9/7/2017,3.41,10/10/2017,0.96,11/7/2017,1.37,12/8/2017,1.05,1/10/2018,0.73,2/8/2018,12.8,3/13/2018,7.38,4/9/2018,8.62,5/8/2018,1.87,6/7/2018,1.09,7/10/2018,1.75,8/8/2018,0.85,9/7/2018,2.38,10/10/2018,12.32,11/7/2018,12.81,12/11/2018,10.71,2/6/2019,6.51,2/8/2019,0.84,3/12/2019,1.76,4/8/2019,1.73,5/8/2019,5.44,6/7/2019,7.07,7/10/2019,0.56,8/7/2019,10.31,9/9/2019,4.09,10/9/2019,5.68,11/6/2019,1.93,12/10/2019,3.46,1/9/2020,1.55,2/10/2020,2.87,3/11/2020,51.7,4/9/2020,32.53,5/8/2020,1.7,6/9/2020,2.14,7/8/2020,6.82,8/7/2020,3.2,9/9/2020,6.96
,2/11/2015,3.45,3/12/2015,2.03,4/9/2015,4,5/11/2015,2.15,6/10/2015,3.12,7/9/2015,8.01,8/10/2015,2.38,9/10/2015,14.7,10/9/2015,1.56,,,12/10/2015,6.83,1/11/2016,18.24,2/11/2016,19.17,3/10/2016,2.34,4/8/2016,2,5/10/2016,2.91,6/9/2016,2.01,7/11/2016,2.11,8/10/2016,1.09,9/8/2016,2.75,10/11/2016,5.38,11/9/2016,3.3,12/9/2016,0.55,1/11/2017,0.93,2/10/2017,1.17,3/13/2017,0.82,4/7/2017,5.03,5/11/2017,1.68,6/8/2017,1.52,7/11/2017,2.92,8/10/2017,3.35,9/8/2017,3.66,10/11/2017,0.87,11/8/2017,1.21,12/11/2017,0.8,1/11/2018,0.58,2/9/2018,9.99,3/14/2018,8.12,4/10/2018,6.38,5/9/2018,1.23,6/8/2018,1.08,7/11/2018,2.38,8/9/2018,0.99,9/10/2018,1.97,10/11/2018,17,11/9/2018,14.91,12/12/2018,9.75,2/7/2019,9,2/11/2019,0.77,3/13/2019,1.3,4/9/2019,2.22,5/9/2019,5.89,6/10/2019,6.53,7/11/2019,0.51,8/8/2019,6.72,9/10/2019,3.97,10/10/2019,4.54,11/7/2019,1.78,12/11/2019,2.96,1/10/2020,1.61,2/11/2020,2.71,3/12/2020,72.88,4/13/2020,36.39,5/11/2020,1.41,6/10/2020,2.18,7/9/2020,7.6,8/10/2020,2.89,9/10/2020,8.45
,2/12/2015,2.53,3/13/2015,2.51,4/10/2015,3.38,5/12/2015,2.24,6/11/2015,2.9,7/10/2015,5.56,8/11/2015,3.31,9/11/2015,14.06,10/12/2015,1.25,,,12/11/2015,10.39,1/12/2016,16.32,2/12/2016,15.75,3/11/2016,1.47,4/11/2016,2.12,5/11/2016,3.8,6/10/2016,2.94,7/12/2016,1.63,8/11/2016,0.92,9/9/2016,6.05,10/12/2016,5.35,11/10/2016,3.15,12/12/2016,0.58,1/12/2017,1.03,2/13/2017,0.86,3/14/2017,0.94,4/10/2017,5.06,5/12/2017,1.63,6/9/2017,1.58,7/12/2017,2.15,8/11/2017,3.13,9/11/2017,2.26,10/12/2017,0.89,11/9/2017,1.47,12/12/2017,0.82,1/12/2018,0.49,2/12/2018,7.15,3/15/2018,7.77,4/11/2018,7,5/10/2018,0.89,6/11/2018,0.96,7/12/2018,1.6,8/10/2018,1.35,9/11/2018,1.59,10/12/2018,12.7,11/12/2018,18.97,12/13/2018,11.39,2/8/2019,9.74,2/12/2019,0.51,3/14/2019,1.36,4/10/2019,1.73,5/10/2019,4.6,6/11/2019,6.6,7/12/2019,0.41,8/9/2019,7.9,9/11/2019,3.11,10/11/2019,3.16,11/8/2019,1.5,12/12/2019,2.22,1/13/2020,1.21,2/12/2020,1.99,3/13/2020,68.49,4/14/2020,29.67,5/12/2020,2.35,6/11/2020,7.36,7/10/2020,6.12,8/11/2020,3.46,9/11/2020,7.62
,2/13/2015,2.14,3/16/2015,1.69,4/13/2015,3.92,5/13/2015,2.12,6/12/2015,3.64,7/13/2015,3.9,8/12/2015,3.22,9/14/2015,14.48,10/13/2015,1.65,,,12/14/2015,9.4,1/13/2016,21.4,2/16/2016,12.93,3/14/2016,1.37,4/12/2016,1.5,5/12/2016,3.7,6/13/2016,4.02,7/13/2016,1.54,8/12/2016,0.87,9/12/2016,3.8,10/13/2016,5.81,11/11/2016,3.28,12/13/2016,0.46,1/13/2017,0.87,2/14/2017,0.64,3/15/2017,0.66,4/11/2017,5.55,5/15/2017,1.26,6/12/2017,1.59,7/13/2017,1.85,8/14/2017,1.7,9/12/2017,1.98,10/13/2017,0.79,11/10/2017,1.62,12/13/2017,0.83,1/16/2018,0.63,2/13/2018,6.6,3/16/2018,7.39,4/12/2018,5.54,5/11/2018,0.72,6/12/2018,0.85,7/13/2018,1.45,8/13/2018,1.63,9/12/2018,1.53,10/15/2018,14.4,11/13/2018,19.68,12/14/2018,14.64,2/12/2019,4.67,2/13/2019,0.49,3/15/2019,1.04,4/11/2019,1.7,5/13/2019,8.75,6/12/2019,6.74,7/15/2019,0.4,8/12/2019,10.5,9/12/2019,2.69,10/14/2019,2.67,11/11/2019,1.54,12/13/2019,1.65,1/14/2020,1.16,2/13/2020,2.1,3/16/2020,85.06,4/15/2020,32.74,5/13/2020,3.11,6/12/2020,5.65,7/13/2020,7.69,8/12/2020,2.61,9/14/2020,5.67
,2/17/2015,2.01,3/17/2015,1.7,4/14/2015,3.65,5/14/2015,1.44,6/15/2015,4.34,7/14/2015,3.33,8/13/2015,3.16,9/15/2015,11.78,10/14/2015,1.78,,,12/15/2015,7.5,1/14/2016,17.26,2/17/2016,10.08,3/15/2016,1.34,4/13/2016,0.98,5/13/2016,4.45,6/14/2016,4,7/14/2016,1.29,8/15/2016,0.74,9/13/2016,5.73,10/14/2016,5.55,11/14/2016,3.15,12/14/2016,0.59,1/17/2017,0.91,2/15/2017,0.62,3/16/2017,0.59,4/12/2017,6,5/16/2017,1.24,6/13/2017,1.23,7/14/2017,1.44,8/15/2017,1.61,9/13/2017,1.81,10/16/2017,0.7,11/13/2017,1.46,12/14/2017,0.91,1/17/2018,0.47,2/14/2018,4.29,3/19/2018,11.89,4/13/2018,5.44,5/14/2018,0.68,6/13/2018,0.96,7/16/2018,1.41,8/14/2018,1.18,9/13/2018,1.11,10/16/2018,8.78,11/14/2018,20.58,12/17/2018,19.18,2/13/2019,4.12,2/14/2019,0.54,3/18/2019,0.88,4/12/2019,1.18,5/14/2019,6.62,6/13/2019,6.09,7/16/2019,0.43,8/13/2019,7.2,9/13/2019,2.58,10/15/2019,1.78,11/12/2019,1.4,12/16/2019,1.13,1/15/2020,1.18,2/14/2020,1.88,3/17/2020,77.86,4/16/2020,31.6,5/14/2020,2.3,6/15/2020,4.61,7/14/2020,6.06,8/13/2020,2.52,9/15/2020,4.93
,2/18/2015,1.95,3/18/2015,0.93,4/15/2015,2.95,5/15/2015,1.31,6/16/2015,3.51,7/15/2015,3.17,8/14/2015,2.67,9/16/2015,10.11,10/15/2015,1.02,,,12/16/2015,5.19,1/15/2016,21.67,2/18/2016,10.37,3/16/2016,0.93,4/14/2016,0.93,5/16/2016,3.34,6/15/2016,4.05,7/15/2016,1.33,8/16/2016,0.93,9/14/2016,5.87,10/17/2016,5.82,11/15/2016,2.19,12/15/2016,0.5,1/18/2017,0.87,2/16/2017,0.62,3/17/2017,0.6,4/13/2017,6.73,5/17/2017,3.25,6/14/2017,1.26,7/17/2017,1.28,8/16/2017,1.41,9/14/2017,1.77,10/17/2017,0.69,11/14/2017,1.52,12/15/2017,0.59,1/18/2018,0.53,2/15/2018,3.03,3/20/2018,10.91,4/16/2018,3.78,5/15/2018,1,6/14/2018,0.77,7/17/2018,1.1,8/15/2018,1.6,9/14/2018,1.01,10/17/2018,9.82,11/16/2018,17.82,12/18/2018,19.34,2/14/2019,4.79,2/15/2019,0.34,3/19/2019,0.98,4/15/2019,1.13,5/15/2019,5.43,6/14/2019,5.98,7/17/2019,0.51,8/14/2019,13.55,9/16/2019,2.81,10/16/2019,1.79,11/13/2019,1.4,12/17/2019,1.12,1/16/2020,0.89,2/18/2020,2.01,3/18/2020,94.1,4/17/2020,23.72,5/15/2020,2.13,6/16/2020,3.69,7/15/2020,4.8,8/14/2020,2.53,9/16/2020,5.32
,2/19/2015,1.76,3/19/2015,1.03,4/16/2015,2.81,5/18/2015,1.09,6/17/2015,3.4,7/16/2015,2.38,8/17/2015,2.19,9/17/2015,10.4,10/16/2015,0.83,,,12/17/2015,7.83,1/19/2016,21.72,2/19/2016,10.45,3/17/2016,0.66,4/15/2016,0.9,5/17/2016,4.32,6/16/2016,3.59,7/18/2016,1.07,8/17/2016,0.79,9/15/2016,4.5,10/18/2016,5,11/16/2016,2.38,12/16/2016,0.45,1/19/2017,1,2/17/2017,0.59,3/20/2017,0.61,4/17/2017,5.29,5/18/2017,2.73,6/15/2017,1.35,7/18/2017,1.31,8/17/2017,3.03,9/15/2017,1.54,10/18/2017,0.63,11/15/2017,1.98,12/18/2017,0.46,1/19/2018,0.4,2/16/2018,2.82,3/21/2018,9.87,4/17/2018,2.61,5/16/2018,0.75,6/15/2018,0.79,7/18/2018,0.99,8/16/2018,1.15,9/17/2018,1.37,10/18/2018,12.7,11/19/2018,22.05,12/19/2018,22.99,2/15/2019,1.53,2/19/2019,0.27,3/20/2019,1.08,4/16/2019,1.06,5/16/2019,4.13,6/17/2019,5.85,7/18/2019,0.43,8/15/2019,12.65,9/17/2019,2.56,10/17/2019,1.65,11/14/2019,1.29,12/18/2019,1.12,1/17/2020,0.77,2/19/2020,1.61,3/19/2020,82.06,4/20/2020,26.76,5/18/2020,1.07,6/17/2020,3.41,7/16/2020,5.09,8/17/2020,1.92,9/17/2020,5.92
,2/20/2015,1.35,3/20/2015,0.66,4/17/2015,4.2,5/19/2015,1.1,6/18/2015,2.16,7/17/2015,2.2,8/18/2015,2.38,9/18/2015,13.15,10/19/2015,0.68,,,12/18/2015,10.08,1/20/2016,23.5,2/22/2016,8.09,3/18/2016,0.53,4/18/2016,0.65,5/18/2016,4.48,6/17/2016,3.98,7/19/2016,1,8/18/2016,0.63,9/16/2016,4.56,10/19/2016,4.4,11/17/2016,1.91,12/19/2016,0.32,1/20/2017,0.71,2/21/2017,0.42,3/21/2017,1.03,4/18/2017,5.66,5/19/2017,1.71,6/16/2017,1.2,7/19/2017,0.99,8/18/2017,3.05,9/18/2017,1.31,10/19/2017,0.62,11/16/2017,1.27,12/19/2017,0.55,1/22/2018,0.31,2/20/2018,3.41,3/22/2018,17.05,4/18/2018,2.45,5/17/2018,0.7,6/18/2018,0.76,7/19/2018,1.23,8/17/2018,0.95,9/18/2018,1.06,10/19/2018,12.71,11/20/2018,28.21,12/20/2018,26.11,,,2/20/2019,0.2,3/21/2019,0.71,4/17/2019,1.19,5/17/2019,4.89,6/18/2019,4.28,7/19/2019,0.54,8/16/2019,9.45,9/18/2019,2.36,10/18/2019,1.82,11/15/2019,0.93,12/19/2019,0.95,1/21/2020,0.78,2/20/2020,2.05,3/20/2020,93.77,4/21/2020,35.99,5/19/2020,1.28,6/18/2020,3.02,7/17/2020,3.98,8/18/2020,1.81,9/18/2020,6.79
,2/23/2015,1.2,3/23/2015,0.64,4/20/2015,3.07,5/20/2015,1.07,6/19/2015,2.79,7/20/2015,2.08,8/19/2015,3.41,9/21/2015,12.41,10/20/2015,0.7,,,12/21/2015,9.14,1/21/2016,22.95,2/23/2016,9.79,3/21/2016,0.4,4/19/2016,0.56,5/19/2016,4.65,6/20/2016,3.2,7/20/2016,0.83,8/19/2016,0.59,9/19/2016,4.56,10/20/2016,4.32,11/18/2016,1.88,12/20/2016,0.26,1/23/2017,0.71,2/22/2017,0.41,3/22/2017,1.04,4/19/2017,6.19,5/22/2017,1.15,6/19/2017,0.8,7/20/2017,0.93,8/21/2017,2.74,9/19/2017,1.26,10/20/2017,0.51,11/17/2017,1.2,12/20/2017,0.52,1/23/2018,0.22,2/21/2018,3.95,3/23/2018,22.59,4/19/2018,3,5/18/2018,0.72,6/19/2018,0.99,7/20/2018,1.25,8/20/2018,0.77,9/19/2018,0.88,10/22/2018,13.51,11/21/2018,25.05,12/21/2018,32.13,,,2/21/2019,0.21,3/22/2019,1.75,4/18/2019,0.99,5/20/2019,5.6,6/19/2019,3.62,7/22/2019,0.36,8/19/2019,6.53,9/19/2019,2.26,10/21/2019,1.24,11/18/2019,0.88,12/20/2019,0.87,1/22/2020,0.73,2/21/2020,3,3/23/2020,103,4/22/2020,30.04,5/20/2020,0.8,6/19/2020,3.73,7/20/2020,2.95,8/19/2020,1.97,9/21/2020,8.44
,2/24/2015,0.92,3/24/2015,0.71,4/21/2015,3.12,5/21/2015,0.86,6/22/2015,1.89,7/21/2015,2.32,8/20/2015,6.37,9/22/2015,15.35,10/21/2015,0.96,,,12/22/2015,6.55,1/22/2016,19.55,2/24/2016,9.18,3/22/2016,0.44,4/20/2016,0.5,5/20/2016,3.64,6/21/2016,2.84,7/21/2016,1.06,8/22/2016,0.56,9/20/2016,4.58,10/21/2016,4.23,11/21/2016,1.34,12/21/2016,0.25,1/24/2017,0.45,2/23/2017,0.4,3/23/2017,1.11,4/20/2017,4.66,5/23/2017,0.98,6/20/2017,1.04,7/21/2017,0.9,8/22/2017,1.51,9/20/2017,1.18,10/23/2017,0.66,11/20/2017,1.01,12/21/2017,0.46,1/24/2018,0.23,2/22/2018,3.06,3/26/2018,17.17,4/20/2018,4.05,5/21/2018,0.49,6/20/2018,0.82,7/23/2018,1.01,8/21/2018,0.76,9/20/2018,0.69,10/23/2018,15.53,11/23/2018,28.06,12/24/2018,36.58,,,2/22/2019,0.13,3/25/2019,1.55,4/22/2019,0.83,5/21/2019,4.16,6/20/2019,2.72,7/23/2019,0.23,8/20/2019,8.25,9/20/2019,3.05,10/22/2019,1.4,11/19/2019,0.88,12/23/2019,0.81,1/23/2020,0.73,2/24/2020,8.75,3/24/2020,82.47,4/23/2020,28.7,5/21/2020,0.85,6/22/2020,2.35,7/21/2020,2.93,8/20/2020,1.84,9/22/2020,7.12
,2/25/2015,0.9,3/25/2015,1.44,4/22/2015,2.5,5/22/2015,0.85,6/23/2015,1.63,7/22/2015,2.34,8/21/2015,10.9,9/23/2015,14.64,10/22/2015,0.42,,,12/23/2015,5.1,1/25/2016,22.4,2/25/2016,7.17,3/23/2016,0.5,4/21/2016,0.6,5/23/2016,3.75,6/22/2016,3.42,7/22/2016,0.75,8/23/2016,0.53,9/21/2016,2.97,10/24/2016,3.47,11/22/2016,1.12,12/22/2016,0.27,1/25/2017,0.31,2/24/2017,0.35,3/24/2017,1,4/21/2017,5.07,5/24/2017,0.79,6/21/2017,1.09,7/24/2017,0.84,8/23/2017,1.93,9/21/2017,1.19,10/24/2017,0.62,11/21/2017,0.6,12/22/2017,0.49,1/25/2018,0.23,2/23/2018,1.58,3/27/2018,20.65,4/23/2018,3.71,5/22/2018,0.47,6/21/2018,1.2,7/24/2018,0.85,8/22/2018,0.65,9/21/2018,0.69,10/24/2018,22.42,11/26/2018,25.61,12/26/2018,31.64,,,2/25/2019,0.17,3/26/2019,0.98,4/23/2019,0.64,5/22/2019,4.34,6/21/2019,3,7/24/2019,0.18,8/21/2019,6.06,9/23/2019,2.53,10/23/2019,1.14,11/20/2019,0.94,12/24/2019,0.77,1/24/2020,1.11,2/25/2020,14.28,3/25/2020,71.29,4/24/2020,30.09,5/22/2020,0.76,6/23/2020,2.04,7/22/2020,2.51,8/21/2020,1.64,9/23/2020,10.46
,2/26/2015,0.91,3/26/2015,1.59,4/23/2015,2.16,5/26/2015,1.27,6/24/2015,2.35,7/23/2015,2.94,8/24/2015,19.73,9/24/2015,17.84,10/23/2015,0.32,,,12/24/2015,5.25,1/26/2016,19.75,2/26/2016,7.35,3/24/2016,0.47,4/22/2016,0.51,5/24/2016,2.19,6/23/2016,1.88,7/25/2016,0.83,8/24/2016,0.78,9/22/2016,2.15,10/25/2016,4.09,11/23/2016,1.06,12/23/2016,0.24,1/26/2017,0.28,2/27/2017,0.31,3/27/2017,0.8,4/24/2017,2.91,5/25/2017,0.61,6/22/2017,1.02,7/25/2017,0.74,8/24/2017,1.85,9/22/2017,1.19,10/25/2017,0.73,11/22/2017,0.6,12/26/2017,0.45,1/26/2018,0.13,2/26/2018,0.86,3/28/2018,20.14,4/24/2018,5.88,5/23/2018,0.39,6/22/2018,0.98,7/25/2018,0.61,8/23/2018,0.68,9/24/2018,0.73,10/25/2018,19.24,11/27/2018,25.02,12/27/2018,30.27,,,2/26/2019,0.16,3/27/2019,1.18,4/24/2019,0.71,5/23/2019,6.67,6/24/2019,2.88,7/25/2019,0.21,8/22/2019,6.52,9/24/2019,3.62,10/24/2019,1.02,11/21/2019,1.05,12/26/2019,0.59,1/27/2020,2.25,2/26/2020,15.74,3/26/2020,66.04,4/27/2020,22.52,5/26/2020,0.52,6/24/2020,3.05,7/23/2020,3.27,8/24/2020,1.2,9/24/2020,9.68
,2/27/2015,0.89,3/27/2015,1.34,4/24/2015,1.89,5/27/2015,0.85,6/25/2015,2.66,7/24/2015,3.9,8/25/2015,20.49,9/25/2015,16.47,10/26/2015,0.38,,,12/28/2015,5.38,1/27/2016,22,2/29/2016,8.34,3/28/2016,0.35,4/25/2016,0.56,5/25/2016,1.61,6/24/2016,6.43,7/26/2016,0.8,8/25/2016,0.76,9/23/2016,2.45,10/26/2016,4.39,11/25/2016,0.84,12/27/2016,0.18,1/27/2017,0.27,2/28/2017,0.37,3/28/2017,0.48,4/25/2017,2.18,5/26/2017,0.57,6/23/2017,0.88,7/26/2017,0.65,8/25/2017,1.55,9/25/2017,1.24,10/26/2017,0.66,11/24/2017,0.46,12/27/2017,0.52,1/29/2018,0.25,2/27/2018,1.78,3/29/2018,17.8,4/25/2018,5.45,5/24/2018,0.4,6/25/2018,2.07,7/26/2018,0.61,8/24/2018,0.49,9/25/2018,0.78,10/26/2018,23.25,11/28/2018,19.8,12/28/2018,25.6,,,2/27/2019,0.15,3/28/2019,0.84,4/25/2019,0.74,5/24/2019,5.72,6/25/2019,4.12,7/26/2019,0.13,8/23/2019,11.48,9/25/2019,2.85,10/25/2019,0.65,11/22/2019,0.77,12/27/2019,0.62,1/28/2020,1.22,2/27/2020,28.88,3/27/2020,69.82,4/28/2020,23.07,5/27/2020,0.41,6/25/2020,2.31,7/24/2020,3.46,8/25/2020,1,9/25/2020,6.8
,3/2/2015,0.63,3/30/2015,0.7,4/27/2015,2.19,5/28/2015,0.82,6/26/2015,2.6,7/27/2015,5.08,8/26/2015,13.9,9/28/2015,21.23,10/27/2015,0.38,,,12/29/2015,3.52,1/28/2016,20.8,3/1/2016,5.07,3/29/2016,0.18,4/26/2016,0.42,5/26/2016,1.4,6/27/2016,8.48,7/27/2016,0.76,8/26/2016,0.69,9/26/2016,3.59,10/27/2016,5.11,11/28/2016,0.99,12/28/2016,0.28,1/30/2017,0.4,3/1/2017,0.16,3/29/2017,0.4,4/26/2017,2.22,5/30/2017,0.54,6/26/2017,0.73,7/27/2017,0.8,8/28/2017,1.35,9/26/2017,1.27,10/27/2017,0.37,11/27/2017,0.43,12/28/2017,0.38,1/30/2018,0.39,2/28/2018,2.38,4/2/2018,24.1,4/26/2018,3.42,5/25/2018,0.44,6/26/2018,1.5,7/27/2018,0.79,8/27/2018,0.36,9/26/2018,0.83,10/29/2018,27.98,11/29/2018,19.58,12/31/2018,24.57,,,2/28/2019,0.16,3/29/2019,0.55,4/26/2019,0.56,5/28/2019,7.19,6/26/2019,4.15,7/29/2019,0.14,8/26/2019,9.97,9/26/2019,2.91,10/28/2019,0.49,11/25/2019,0.48,12/30/2019,0.76,1/29/2020,1.29,2/28/2020,31.43,3/30/2020,64.5,4/29/2020,16.2,5/28/2020,0.44,6/26/2020,3.52,7/27/2020,2.45,8/26/2020,0.94,9/28/2020,4.45
,3/3/2015,0.78,3/31/2015,1,4/28/2015,1.73,5/29/2015,1.1,6/29/2015,5.42,7/28/2015,3.24,8/27/2015,9.39,9/29/2015,20.74,10/28/2015,0.21,,,12/30/2015,4.6,1/29/2016,16.6,3/2/2016,4.24,3/30/2016,0.13,4/27/2016,0.37,5/27/2016,1.08,6/28/2016,4.8,7/28/2016,0.66,8/29/2016,0.42,9/27/2016,2.65,10/28/2016,5.2,11/29/2016,0.89,12/29/2016,0.29,1/31/2017,0.39,3/2/2017,0.15,3/30/2017,0.33,4/27/2017,1.92,5/31/2017,0.47,6/27/2017,1.14,7/28/2017,0.78,8/29/2017,1.24,9/27/2017,1.01,10/30/2017,0.37,11/28/2017,0.27,12/29/2017,0.51,1/31/2018,0.27,3/1/2018,4.3,4/3/2018,21.45,4/27/2018,3.25,5/29/2018,0.93,6/27/2018,2.2,7/30/2018,1.04,8/28/2018,0.35,9/27/2018,0.66,10/30/2018,21.97,11/30/2018,16.25,1/2/2019,23.97,,,3/1/2019,0.08,4/1/2019,0.29,4/29/2019,0.47,5/29/2019,9.03,6/27/2019,3.4,7/30/2019,0.16,8/27/2019,10.49,9/27/2019,3.66,10/29/2019,0.46,11/26/2019,0.4,12/31/2019,0.54,1/30/2020,1.04,3/2/2020,17.83,3/31/2020,61.69,4/30/2020,18.67,5/29/2020,0.33,6/29/2020,1.99,7/28/2020,2.8,8/27/2020,0.93,9/29/2020,4.66
,3/4/2015,0.91,4/1/2015,0.97,4/29/2015,2.39,6/1/2015,0.95,6/30/2015,5.06,7/29/2015,2.35,8/28/2015,9.09,9/30/2015,18.67,10/29/2015,0.19,,,12/31/2015,6.56,2/1/2016,16.11,3/3/2016,3.69,3/31/2016,0.13,4/28/2016,0.59,5/31/2016,1.12,6/29/2016,2.36,7/29/2016,0.47,8/30/2016,0.41,9/28/2016,2.09,10/31/2016,5.24,11/30/2016,0.97,12/30/2016,0.38,2/1/2017,0.35,3/3/2017,0.11,3/31/2017,0.38,4/28/2017,2.11,6/1/2017,0.32,6/28/2017,0.65,7/31/2017,0.72,8/30/2017,0.88,9/28/2017,0.84,10/31/2017,0.31,11/29/2017,0.3,1/2/2018,0.21,2/1/2018,0.23,3/2/2018,3.25,4/4/2018,17.05,4/30/2018,4.4,5/30/2018,0.37,6/28/2018,1.72,7/31/2018,0.57,8/29/2018,0.29,9/28/2018,0.57,10/31/2018,16.9,12/3/2018,13.29,1/3/2019,28.13,,,3/4/2019,0.07,4/2/2019,0.24,4/30/2019,0.44,5/30/2019,8.23,6/28/2019,2.51,7/31/2019,0.35,8/28/2019,8.64,9/30/2019,2.47,10/30/2019,0.32,11/27/2019,0.35,1/2/2020,0.23,1/31/2020,2.08,3/3/2020,25,4/1/2020,77.04,5/1/2020,26.75,6/1/2020,0.28,6/30/2020,1.34,7/29/2020,1.83,8/28/2020,0.65,9/30/2020,4.55
,3/5/2015,0.82,4/2/2015,0.77,4/30/2015,3.38,6/2/2015,0.96,7/1/2015,3.83,7/30/2015,2.13,8/31/2015,11.21,10/2/2015,14.72,10/30/2015,0.24,,,1/4/2016,9.1,2/2/2016,20.14,3/4/2016,3.43,4/1/2016,0.09,4/29/2016,0.76,6/1/2016,1,6/30/2016,1.39,8/1/2016,0.5,8/31/2016,0.43,9/29/2016,2.95,11/1/2016,6.59,12/1/2016,1.17,1/3/2017,0.14,2/2/2017,0.33,3/6/2017,0.07,4/3/2017,0.32,5/1/2017,1.72,6/2/2017,0.24,6/29/2017,1.15,8/1/2017,0.55,8/31/2017,0.53,9/29/2017,0.63,11/1/2017,0.22,11/30/2017,0.25,1/3/2018,0.13,2/2/2018,0.99,3/5/2018,1.9,4/6/2018,20.76,5/1/2018,3.85,5/31/2018,0.5,6/29/2018,1.37,8/1/2018,0.66,8/30/2018,0.39,10/1/2018,0.45,11/1/2018,15.83,12/4/2018,20.23,1/4/2019,20.75,,,3/5/2019,0.06,4/3/2019,0.23,5/1/2019,0.72,5/31/2019,11.31,7/1/2019,1.45,8/1/2019,0.51,8/29/2019,5.96,10/1/2019,4.64,10/31/2019,0.41,11/29/2019,0.46,1/3/2020,0.4,2/3/2020,1.37,3/4/2020,14.98,4/2/2020,74.14,5/4/2020,27.68,6/2/2020,0.2,7/1/2020,0.89,7/30/2020,1.87,8/31/2020,0.86,10/1/2020,3.36
,3/6/2015,1.6,4/6/2015,0.38,5/1/2015,1.98,6/3/2015,0.7,7/2/2015,3.85,7/31/2015,2.21,9/1/2015,15.6,10/5/2015,10.87,11/2/2015,0.12,,,1/5/2016,8.67,2/3/2016,18.8,3/7/2016,2.95,4/4/2016,0.08,5/2/2016,0.4,6/2/2016,0.73,7/1/2016,0.91,8/2/2016,0.66,9/1/2016,0.4,9/30/2016,2.27,11/2/2016,7.78,12/2/2016,1.07,1/4/2017,0.07,2/3/2017,0.16,3/7/2017,0.11,4/4/2017,0.24,5/2/2017,1.73,6/5/2017,0.21,6/30/2017,1,8/2/2017,0.5,9/1/2017,0.38,10/2/2017,0.43,11/2/2017,0.17,12/1/2017,0.31,1/4/2018,0.11,2/5/2018,9.33,3/6/2018,1.5,4/10/2018,15.85,5/2/2018,5.35,6/1/2018,0.22,7/2/2018,1.04,8/2/2018,0.41,8/31/2018,0.39,10/2/2018,0.42,11/2/2018,18.97,12/6/2018,25.5,1/9/2019,15.43,,,3/6/2019,0.08,4/4/2019,0.18,5/2/2019,0.67,6/3/2019,11.4,7/2/2019,0.87,8/2/2019,0.52,8/30/2019,6.2,10/2/2019,8.05,11/1/2019,0.19,12/2/2019,0.68,1/6/2020,0.2,2/4/2020,0.57,3/5/2020,23.51,4/3/2020,76.14,5/5/2020,22.91,6/3/2020,0.13,7/2/2020,0.64,7/31/2020,1.54,9/1/2020,0.64,10/2/2020,4.11
,3/9/2015,1.15,4/7/2015,0.35,5/4/2015,1.46,6/4/2015,1.06,7/6/2015,3.8,8/3/2015,2.56,9/2/2015,13.05,10/6/2015,11.49,11/3/2015,0.1,,,1/6/2016,11,2/4/2016,18.65,3/8/2016,4.29,4/5/2016,0.11,5/3/2016,0.58,6/3/2016,0.67,7/5/2016,1.21,8/3/2016,0.49,9/2/2016,0.19,10/3/2016,2.35,11/3/2016,8.76,12/5/2016,0.44,1/5/2017,0.07,2/6/2017,0.15,3/8/2017,0.12,4/5/2017,0.37,5/3/2017,1.82,6/6/2017,0.22,7/3/2017,0.82,8/3/2017,0.56,9/5/2017,0.69,10/3/2017,0.36,11/3/2017,0.12,12/4/2017,0.29,1/5/2018,0.09,2/6/2018,3.2,3/7/2018,1.39,4/11/2018,16.95,5/3/2018,5.14,6/4/2018,0.14,7/3/2018,1.2,8/3/2018,0.28,9/4/2018,0.29,10/3/2018,0.34,11/5/2018,16.16,12/7/2018,28.97,1/10/2019,15.61,,,3/7/2019,0.08,4/5/2019,0.1,5/3/2019,0.28,6/4/2019,6.85,7/3/2019,0.54,8/5/2019,2.59,9/3/2019,7.01,10/3/2019,5.81,11/4/2019,0.14,12/3/2019,0.91,1/7/2020,0.18,2/5/2020,0.3,3/6/2020,28,4/6/2020,58,5/6/2020,24.33,6/4/2020,0.14,7/6/2020,0.35,8/3/2020,1.06,9/2/2020,0.48,10/5/2020,1.96
,3/10/2015,2.7,4/8/2015,0.19,5/5/2015,2.9,6/5/2015,1.07,7/7/2015,3.11,8/4/2015,3,9/3/2015,12.11,10/7/2015,9.58,11/4/2015,0.12,,,1/7/2016,16,2/5/2016,22.35,3/9/2016,3.61,4/6/2016,0.06,5/4/2016,0.69,6/6/2016,0.44,7/6/2016,0.75,8/4/2016,0.41,9/6/2016,0.13,10/4/2016,2.84,11/4/2016,8.77,12/6/2016,0.27,1/6/2017,0.04,2/7/2017,0.1,3/9/2017,0.14,4/6/2017,0.25,5/4/2017,1.74,6/7/2017,0.18,7/5/2017,0.63,8/4/2017,0.44,9/6/2017,0.44,10/4/2017,0.35,11/6/2017,0.09,12/5/2017,0.23,1/8/2018,0.05,2/7/2018,2.74,3/8/2018,0.81,4/12/2018,14.69,5/4/2018,2.83,6/5/2018,0.12,7/5/2018,0.7,8/6/2018,0.16,9/5/2018,0.34,10/4/2018,0.78,11/6/2018,14.16,12/12/2018,24.36,1/11/2019,14.5,,,3/8/2019,0.05,4/8/2019,0.07,5/6/2019,0.51,6/5/2019,4.97,7/5/2019,0.52,8/6/2019,0.93,9/4/2019,4.63,10/4/2019,3.32,11/5/2019,0.11,12/4/2019,0.6,1/8/2020,0.16,2/6/2020,0.24,3/9/2020,50.25,4/7/2020,51.17,5/7/2020,21.41,6/5/2020,0.08,7/7/2020,0.4,8/4/2020,0.85,9/3/2020,1.29,10/6/2020,2.76
,3/11/2015,2.77,4/9/2015,0.08,5/6/2015,3.48,6/8/2015,1.33,7/8/2015,5.95,8/5/2015,2.24,9/4/2015,15.01,10/8/2015,7.75,11/5/2015,0.11,,,1/8/2016,18.35,2/8/2016,24.21,3/10/2016,3.35,4/7/2016,0.1,5/5/2016,0.63,6/7/2016,0.37,7/7/2016,0.7,8/5/2016,0.19,9/7/2016,0.11,10/5/2016,2.17,11/7/2016,4.85,12/7/2016,0.15,1/9/2017,0.03,2/8/2017,0.1,3/10/2017,0.08,4/7/2017,0.25,5/5/2017,1.15,6/8/2017,0.14,7/6/2017,1.15,8/7/2017,0.29,9/7/2017,0.35,10/5/2017,0.22,11/7/2017,0.12,12/6/2017,0.18,1/9/2018,0.05,2/8/2018,7.19,3/9/2018,0.17,4/13/2018,15.33,5/7/2018,2.35,6/6/2018,0.09,7/6/2018,0.31,8/7/2018,0.1,9/6/2018,0.36,10/5/2018,0.94,11/7/2018,9.29,12/14/2018,31.36,1/14/2019,15.83,,,3/11/2019,0.02,4/9/2019,0.09,5/7/2019,1.48,6/6/2019,3.84,7/8/2019,0.56,8/7/2019,0.7,9/5/2019,2.7,10/7/2019,3.84,11/6/2019,0.06,12/5/2019,0.44,1/9/2020,0.07,2/7/2020,0.28,3/10/2020,37.47,4/8/2020,50.23,5/8/2020,16.67,6/8/2020,0.07,7/8/2020,0.2,8/5/2020,0.64,9/4/2020,1.38,10/7/2020,1.2
,3/12/2015,1.39,4/10/2015,0.05,5/7/2015,2.91,6/9/2015,1.12,7/9/2015,5.78,8/6/2015,3.37,9/8/2015,10.55,10/9/2015,7.65,11/6/2015,0.07,,,1/11/2016,17.68,2/9/2016,24.71,3/11/2016,1.41,4/8/2016,0.06,5/6/2016,0.4,6/8/2016,0.22,7/8/2016,0.15,8/8/2016,0.15,9/8/2016,0.11,10/6/2016,1.9,11/8/2016,4.16,12/8/2016,0.14,1/10/2017,0.02,2/9/2017,0.05,3/13/2017,0.06,4/10/2017,0.18,5/8/2017,0.9,6/9/2017,0.16,7/7/2017,0.6,8/8/2017,0.47,9/8/2017,0.5,10/6/2017,0.23,11/8/2017,0.07,12/7/2017,0.1,1/10/2018,0.03,2/9/2018,4.89,3/12/2018,0.13,4/16/2018,14.45,5/8/2018,2.19,6/7/2018,0.09,7/9/2018,0.16,8/8/2018,0.08,9/7/2018,0.37,10/8/2018,0.8,11/8/2018,8.31,12/17/2018,37.85,1/16/2019,11.84,,,3/12/2019,0.01,4/10/2019,0.05,5/8/2019,1.43,6/7/2019,2.49,7/9/2019,0.46,8/8/2019,0.17,9/6/2019,2.02,10/8/2019,6.64,11/7/2019,0.05,12/6/2019,0.26,1/10/2020,0.04,2/10/2020,0.15,3/11/2020,50.84,4/9/2020,44.99,5/11/2020,16.02,6/9/2020,0.05,7/9/2020,0.22,8/6/2020,0.53,9/8/2020,1.47,10/8/2020,0.56
,3/13/2015,1.93,4/13/2015,0.05,5/8/2015,1.04,6/10/2015,0.4,7/10/2015,3.4,8/7/2015,3.55,9/9/2015,13.28,10/12/2015,7.4,11/9/2015,0.11,,,1/12/2016,16.9,2/10/2016,23.9,3/14/2016,1.22,4/11/2016,0.03,5/9/2016,0.23,6/9/2016,0.22,7/11/2016,0.07,8/9/2016,0.14,9/9/2016,1.12,10/7/2016,2.26,11/9/2016,1.91,12/9/2016,0.07,1/11/2017,0.03,2/10/2017,0.05,3/14/2017,0.06,4/11/2017,0.18,5/9/2017,0.99,6/12/2017,0.11,7/10/2017,0.41,8/9/2017,0.44,9/11/2017,0.09,10/9/2017,0.25,11/9/2017,0.13,12/8/2017,0.05,1/11/2018,0.01,2/12/2018,2.17,3/13/2018,0.16,4/18/2018,10.25,5/9/2018,0.97,6/8/2018,0.05,7/10/2018,0.15,8/9/2018,0.09,9/10/2018,0.21,10/9/2018,0.7,11/9/2018,12.8,12/18/2018,35.33,1/17/2019,10.5,,,3/13/2019,0.01,4/11/2019,0.04,5/9/2019,1.69,6/10/2019,1.8,7/10/2019,0.24,8/9/2019,0.2,9/9/2019,1.84,10/9/2019,4.67,11/8/2019,0.02,12/9/2019,0.41,1/13/2020,0.02,2/11/2020,0.11,3/12/2020,71.98,4/13/2020,50.4,5/12/2020,21.52,6/10/2020,0.05,7/10/2020,0.07,8/7/2020,0.41,9/9/2020,0.63,10/9/2020,0.22
,3/16/2015,0.79,4/14/2015,0.03,5/11/2015,1.43,6/11/2015,0.29,7/13/2015,1.15,8/10/2015,1.65,9/10/2015,12.45,10/14/2015,9.86,11/10/2015,0.08,,,1/13/2016,21.25,2/11/2016,26.96,3/15/2016,1.3,4/12/2016,0.02,5/10/2016,0.09,6/10/2016,0.58,7/12/2016,0.03,8/10/2016,0.15,9/12/2016,0.16,10/10/2016,1.4,11/10/2016,1.52,12/12/2016,0.06,1/12/2017,0.04,2/13/2017,0.03,3/15/2017,0.03,4/12/2017,0.21,5/10/2017,0.8,6/13/2017,0.04,7/11/2017,0.34,8/10/2017,1.73,9/12/2017,0.07,10/10/2017,0.19,11/10/2017,0.12,12/11/2017,0.02,1/12/2018,0.02,2/13/2018,1.7,3/14/2018,0.25,4/19/2018,13.12,5/10/2018,0.47,6/11/2018,0.04,7/11/2018,0.17,8/10/2018,0.21,9/11/2018,0.12,10/10/2018,5.26,11/12/2018,15.5,12/19/2018,34.19,1/18/2019,8.2,,,3/14/2019,0.01,4/12/2019,0.02,5/10/2019,0.64,6/11/2019,1.82,7/11/2019,0.2,8/12/2019,0.29,9/10/2019,1.72,10/10/2019,3.19,11/11/2019,0.01,12/10/2019,0.34,1/14/2020,0.02,2/12/2020,0.06,3/13/2020,64.71,4/14/2020,40.87,5/13/2020,27.6,6/11/2020,0.4,7/13/2020,0.12,8/10/2020,0.28,9/10/2020,0.88,10/12/2020,0.09
,3/17/2015,0.78,4/15/2015,0.02,5/12/2015,1.55,6/12/2015,0.55,7/14/2015,0.63,8/11/2015,2.83,9/11/2015,12,10/15/2015,6.96,11/11/2015,0.09,,,1/14/2016,18.04,2/12/2016,23.44,3/16/2016,0.52,4/13/2016,0.01,5/11/2016,0.15,6/13/2016,0.91,7/13/2016,0.02,8/11/2016,0.1,9/13/2016,0.52,10/11/2016,2.91,11/11/2016,1.62,12/13/2016,0.03,1/13/2017,0.03,2/14/2017,0.02,3/16/2017,0.03,4/13/2017,0.29,5/11/2017,0.94,6/14/2017,0.04,7/12/2017,0.14,8/11/2017,1.28,9/13/2017,0.05,10/11/2017,0.13,11/13/2017,0.06,12/12/2017,0.02,1/16/2018,0.03,2/14/2018,0.3,3/15/2018,0.06,4/20/2018,14.21,5/11/2018,0.21,6/12/2018,0.01,7/12/2018,0.05,8/13/2018,0.25,9/12/2018,0.1,10/11/2018,8.28,11/13/2018,16.93,12/20/2018,43.7,,,,,3/15/2019,0.01,4/15/2019,0.02,5/13/2019,2.71,6/12/2019,1.73,7/12/2019,0.11,8/13/2019,0.05,9/11/2019,0.99,10/11/2019,1.55,11/12/2019,0.02,12/11/2019,0.23,1/15/2020,0.02,2/13/2020,0.05,3/16/2020,84.86,4/15/2020,46,5/14/2020,28.89,6/12/2020,0.19,7/14/2020,0.04,8/11/2020,0.42,9/11/2020,0.43,10/13/2020,0.08
,3/18/2015,0.1,4/16/2015,0.01,5/13/2015,1.33,6/15/2015,0.65,7/15/2015,0.41,8/12/2015,2.8,9/14/2015,11.9,10/16/2015,5.78,11/12/2015,0.15,,,1/15/2016,21.72,2/16/2016,20.64,3/17/2016,0.06,4/14/2016,0.01,5/12/2016,0.11,6/14/2016,0.82,7/14/2016,0.01,8/12/2016,0.07,9/14/2016,0.49,10/12/2016,2.97,11/14/2016,1.4,12/14/2016,0.06,1/17/2017,0.03,2/15/2017,0.02,3/17/2017,0.01,4/17/2017,0.06,5/12/2017,0.83,6/15/2017,0.04,7/13/2017,0.1,8/14/2017,0.32,9/14/2017,0.03,10/12/2017,0.12,11/14/2017,0.03,12/13/2017,0.02,1/17/2018,0.01,2/15/2018,0.06,3/16/2018,0.01,,,5/14/2018,0.15,6/13/2018,0.02,7/13/2018,0.04,8/14/2018,0.08,9/13/2018,0.07,10/12/2018,5.21,11/14/2018,19.2,12/21/2018,50.5,,,,,,,4/16/2019,0.01,5/14/2019,0.87,6/13/2019,1.17,7/15/2019,0.08,8/14/2019,0.37,9/12/2019,0.73,10/14/2019,0.97,11/13/2019,0.02,12/12/2019,0.16,1/16/2020,0.01,2/14/2020,0.04,3/17/2020,72.38,4/16/2020,45.01,5/15/2020,23.17,6/15/2020,0.07,7/15/2020,0.02,8/12/2020,0.2,9/14/2020,0.13,10/14/2020,0.05
,3/19/2015,0.06,4/17/2015,0.01,5/14/2015,0.17,6/16/2015,0.28,7/16/2015,0.05,8/13/2015,2.75,9/15/2015,9.5,,,11/13/2015,0.22,,,,,2/17/2016,17,3/18/2016,0.01,4/15/2016,0.01,5/13/2016,0.17,6/15/2016,0.66,7/15/2016,0.01,8/15/2016,0.04,9/15/2016,0.04,10/13/2016,3.38,11/15/2016,0.43,12/15/2016,0.03,1/18/2017,0.02,2/16/2017,0.01,,,4/18/2017,0.05,5/15/2017,0.37,6/16/2017,0.01,7/14/2017,0.05,8/15/2017,0.17,9/15/2017,0.01,10/13/2017,0.07,11/15/2017,0.05,12/14/2017,0.03,1/18/2018,0.01,2/16/2018,0.01,,,,,5/15/2018,0.37,6/14/2018,0.01,7/16/2018,0.04,8/15/2018,0.08,9/14/2018,0.06,10/15/2018,6.17,11/15/2018,16.49,,,,,,,,,4/17/2019,0.01,5/15/2019,0.26,6/14/2019,0.95,7/16/2019,0.08,8/15/2019,0.03,9/13/2019,0.68,10/15/2019,0.29,11/14/2019,0.01,12/13/2019,0.12,,,2/18/2020,0.01,3/18/2020,94.89,4/17/2020,37.12,,,6/16/2020,0.03,7/16/2020,0.01,8/13/2020,0.15,9/15/2020,0.06,10/15/2020,0.02
,3/20/2015,0.01,,,5/15/2015,0.01,6/17/2015,0.12,7/17/2015,0.01,8/14/2015,2.02,9/16/2015,7.48,,,11/16/2015,0.04,,,,,2/18/2016,18.2,,,,,5/16/2016,0.05,6/16/2016,0.25,,,8/16/2016,0.04,9/16/2016,0.01,10/14/2016,3.2,11/16/2016,0.37,12/16/2016,0.01,1/19/2017,0.01,2/17/2017,0.01,,,4/19/2017,0.05,5/16/2017,0.3,,,7/17/2017,0.04,8/16/2017,0.08,,,10/16/2017,0.05,11/16/2017,0.03,12/15/2017,0.01,1/19/2018,0.01,,,,,,,5/16/2018,0.1,6/15/2018,0.01,7/17/2018,0.02,8/16/2018,0.01,9/17/2018,0.1,10/16/2018,1.32,11/16/2018,15.3,,,,,,,,,4/18/2019,0.01,5/16/2019,0.03,6/17/2019,0.75,7/17/2019,0.09,8/16/2019,0.01,9/16/2019,0.72,10/16/2019,0.18,11/15/2019,0.01,12/16/2019,0.05,,,2/19/2020,0.01,3/19/2020,82.92,,,,,6/17/2020,0.02,,,8/14/2020,0.09,9/16/2020,0.07,10/16/2020,0.01
,,,,,,,6/18/2015,0.04,,,8/17/2015,1.1,9/17/2015,7.8,,,11/17/2015,0.03,,,,,2/19/2016,18.1,,,,,5/17/2016,0.08,6/17/2016,0.03,,,8/17/2016,0.03,,,10/17/2016,3.35,11/17/2016,0.08,,,,,,,,,4/20/2017,0.02,5/17/2017,3.05,,,7/18/2017,0.03,8/17/2017,0.68,,,10/17/2017,0.05,11/17/2017,0.01,,,,,,,,,,,5/17/2018,0.02,,,7/18/2018,0.01,8/17/2018,0.01,9/18/2018,0.05,10/17/2018,1.13,,,,,,,,,,,,,5/17/2019,0.01,6/18/2019,0.34,7/18/2019,0.03,,,9/17/2019,0.5,10/17/2019,0.05,,,12/17/2019,0.03,,,2/20/2020,0.01,3/20/2020,93.83,,,,,6/18/2020,0.01,,,8/17/2020,0.04,9/17/2020,0.06,,
,,,,,,,6/19/2015,0.01,,,8/18/2015,1.33,9/18/2015,11.15,,,11/18/2015,0.02,,,,,,,,,,,5/18/2016,0.06,,,,,8/18/2016,0.01,,,10/18/2016,2.62,11/18/2016,0.01,,,,,,,,,4/21/2017,0.01,5/18/2017,2.35,,,7/19/2017,0.01,8/18/2017,0.07,,,10/18/2017,0.03,,,,,,,,,,,,,5/18/2018,0.01,,,7/19/2018,0.01,,,9/19/2018,0.03,10/18/2018,3.59,,,,,,,,,,,,,,,6/19/2019,0.09,7/19/2019,0.01,,,9/18/2019,0.32,10/18/2019,0.01,,,12/18/2019,0.02,,,2/21/2020,0.01,,,,,,,,,,,8/18/2020,0.02,9/18/2020,0.01,,
,,,,,,,,,,,8/19/2015,3.21,,,,,11/19/2015,0.01,,,,,,,,,,,5/19/2016,0.02,,,,,8/19/2016,0.01,,,10/19/2016,1.95,,,,,,,,,,,,,5/19/2017,0.54,,,7/20/2017,0.01,,,,,10/19/2017,0.02,,,,,,,,,,,,,,,,,7/20/2018,0.01,,,9/20/2018,0.01,10/19/2018,4.16,,,,,,,,,,,,,,,6/20/2019,0.05,,,,,9/19/2019,0.12,,,,,12/19/2019,0.01,,,,,,,,,,,,,,,8/19/2020,0.05,,,,
,,,,,,,,,,,8/20/2015,7.31,,,,,11/20/2015,0.01,,,,,,,,,,,5/20/2016,0.01,,,,,,,,,10/20/2016,1.91,,,,,,,,,,,,,,,,,7/21/2017,0.01,,,,,10/20/2017,0.01,,,,,,,,,,,,,,,,,,,,,9/21/2018,0.01,,,,,,,,,,,,,,,,,6/21/2019,0.01,,,,,9/20/2019,0.02,,,,,12/20/2019,0.01,,,,,,,,,,,,,,,8/20/2020,0.01,,,,
,,,,,,,,,,,8/21/2015,13.04,,,,,,,,,,,,,,,,,,,,,,,,,,,10/21/2016,1.99,,,,,,,,,,,,,,,,,,,,,,,,,,,,,,,,,,,,,,,,,,,,,,,,,,,,,,,,,,,,,,,,,,,,,,,,,,,,,,,,,,,,,,,,,,,8/21/2020,0.01,,,,
