,SPY 3/20/15 C205,,SPY 4/17/15 C201,,SPY 5/15/15 C211,,SPY 6/19/15 C205,,SPY 7/17/15 C210,,SPY 8/21/15 C211,,SPY 9/18/15 C207,,SPY 10/16/15 C209,,SPY 11/20/15 C191,,SPY 12/18/15 C192,,SPY 1/15/16 C210,,SPY 2/19/16 C210,,SPY 3/18/16 C201,,SPY 4/15/16 C193,,SPY 5/20/16 C198,,SPY 6/17/16 C206,,SPY 7/15/16 C207,,SPY 8/19/16 C210,,SPY 9/16/16 C209,,SPY 10/21/16 C216,,SPY 11/18/16 C217,,SPY 12/16/16 C215,,SPY 1/20/17 C211,,SPY 2/17/17 C219,,SPY 3/17/17 C225,,SPY 4/21/17 C227,,SPY 5/19/17 C239,,SPY 6/16/17 C235,,SPY 7/21/17 C238,,SPY 8/18/17 C243,,SPY 9/15/17 C242,,SPY 10/20/17 C247,,SPY 11/17/17 C247,,SPY 12/15/17 C252,,SPY 1/19/18 C257,,SPY 2/16/18 C264,,SPY 3/16/18 C268,,SPY 4/20/18 C281,,SPY 5/18/18 C267,,SPY 6/15/18 C257,,SPY 7/20/18 C264,,SPY 8/17/18 C273,,SPY 9/21/18 C271,,SPY 10/19/18 C280,,SPY 11/16/18 C289,,SPY 12/21/18 C291,,SPY 1/18/19 C273,,SPY 2/15/19 C279,,SPY 3/15/19 C250,,SPY 4/18/19 C270,,SPY 5/17/19 C280,,SPY 6/21/19 C285,,SPY 7/19/19 C291,,SPY 8/16/19 C274,,SPY 9/20/19 C295,,SPY 10/18/19 C294,,SPY 11/15/19 C290,,SPY 12/20/19 C293,,SPY 1/17/20 C306,,SPY 2/21/20 C311,,SPY 3/20/20 C324,,SPY 4/17/20 C324,,SPY 5/15/20 C309,,SPY 6/19/20 C246,,SPY 7/17/20 C282,,SPY 8/21/20 C305,,SPY 9/18/20 C310,,SPY 10/16/20 C328,
0,1/2/2015,5.72,2/2/2015,6.53,3/2/2015,4.86,4/1/2015,6.15,5/1/2015,4.98,6/1/2015,4.99,7/1/2015,5.81,8/3/2015,4.73,9/1/2015,8.87,#N/A Invalid Security,,11/2/2015,4.69,12/1/2015,5.37,1/4/2016,6.6,2/1/2016,6.48,3/1/2016,5.7,4/1/2016,5.45,5/2/2016,5.4,6/1/2016,4.76,7/1/2016,5.85,8/1/2016,5.13,9/1/2016,4.88,10/3/2016,5.67,11/1/2016,5.7,12/1/2016,5.14,1/3/2017,5.26,2/1/2017,4.83,3/1/2017,5.52,4/3/2017,5.06,5/1/2017,4.71,6/1/2017,3.94,7/3/2017,4.66,8/1/2017,4.09,9/1/2017,4.87,10/2/2017,4.51,11/1/2017,4.4,12/1/2017,5.07,1/2/2018,5.15,2/1/2018,6.69,3/1/2018,8.7,4/2/2018,9.5,5/1/2018,7.55,6/1/2018,6.07,7/2/2018,7.69,8/1/2018,6.29,9/4/2018,6.35,10/1/2018,7.23,11/1/2018,9.05,12/3/2018,7.72,1/2/2019,9.78,2/1/2019,7.33,3/1/2019,6.6,4/1/2019,8.19,5/1/2019,7.58,6/3/2019,8.38,7/1/2019,8.3,8/1/2019,9,9/3/2019,9.4,10/1/2019,10.06,11/1/2019,6.73,12/2/2019,8.34,1/2/2020,8.62,2/3/2020,8.84,3/2/2020,12.59,4/1/2020,20.58,5/1/2020,16.33,6/1/2020,13.56,7/1/2020,14.5,8/3/2020,12.75
,1/5/2015,4.15,2/3/2015,7.77,3/3/2015,4.37,4/2/2015,6.39,5/4/2015,5.3,6/2/2015,4.8,7/2/2015,5.82,8/4/2015,4.42,9/2/2015,10.1,,,11/3/2015,5.13,12/2/2015,4.44,1/5/2016,6.5,2/2/2016,4.85,3/2/2016,6.15,4/4/2016,5.23,5/3/2016,4.55,6/2/2016,5.02,7/5/2016,4.92,8/2/2016,4.47,9/2/2016,5.21,10/4/2016,4.89,11/2/2016,4.91,12/2/2016,5.25,1/4/2017,5.69,2/2/2017,4.92,3/2/2017,4.74,4/4/2017,5,5/2/2017,4.68,6/2/2017,4.45,7/5/2017,4.92,8/2/2017,4.25,9/5/2017,4.15,10/3/2017,4.82,11/2/2017,4.53,12/4/2017,4.64,1/3/2018,6.41,2/2/2018,3.91,3/2/2018,9.22,4/3/2018,11.04,5/2/2018,6.17,6/4/2018,6.6,7/3/2018,7.51,8/2/2018,7.15,9/5/2018,5.9,10/2/2018,7.3,11/2/2018,8.25,12/4/2018,4.11,1/3/2019,6.87,2/4/2019,8.04,3/4/2019,5.93,4/2/2019,7.92,5/2/2019,6.92,6/4/2019,11.53,7/2/2019,8.5,8/2/2019,7.65,9/4/2019,10.8,10/2/2019,7.37,11/4/2019,7.37,12/3/2019,7.45,1/3/2020,7.6,2/4/2020,11.4,3/3/2020,9.3,4/2/2020,22.35,5/4/2020,16,6/2/2020,14.37,7/2/2020,15.61,8/4/2020,13.25
,1/6/2015,3.45,2/4/2015,7.25,3/4/2015,3.89,4/6/2015,7.12,5/5/2015,4.14,6/3/2015,5.05,7/6/2015,5.58,8/5/2015,4.89,9/3/2015,10.3,,,11/4/2015,4.93,12/3/2015,3.33,1/6/2016,5.17,2/3/2016,5.35,3/3/2016,6.44,4/5/2016,4.3,5/4/2016,4.12,6/3/2016,4.6,7/6/2016,5.46,8/3/2016,4.64,9/6/2016,5.37,10/5/2016,5.46,11/3/2016,4.73,12/5/2016,5.53,1/5/2017,5.56,2/3/2017,5.75,3/3/2017,4.42,4/5/2017,4.44,5/3/2017,4.49,6/5/2017,4.31,7/6/2017,3.9,8/3/2017,4.19,9/6/2017,4.27,10/4/2017,4.95,11/3/2017,4.91,12/5/2017,3.95,1/4/2018,7.25,2/5/2018,2.09,3/5/2018,10.9,4/4/2018,13.35,5/3/2018,6.3,6/5/2018,6.65,7/5/2018,8.23,8/3/2018,7.73,9/6/2018,5.43,10/3/2018,7.4,11/5/2018,8.76,12/6/2018,3.97,1/4/2019,10.75,2/5/2019,8.79,3/5/2019,5.76,4/3/2019,8.56,5/3/2019,8.55,6/5/2019,13.19,7/3/2019,9.9,8/5/2019,4.41,9/5/2019,12.95,10/3/2019,8.43,11/5/2019,7.37,12/4/2019,8.3,1/6/2020,8.05,2/5/2020,13.67,3/4/2020,14.52,4/3/2020,19.34,5/5/2020,18.07,6/3/2020,16.93,7/6/2020,18.36,8/5/2020,14.19
,1/7/2015,4.31,2/5/2015,8.7,3/5/2015,3.98,4/7/2015,6.8,5/6/2015,3.7,6/4/2015,4.36,7/7/2015,5.99,8/6/2015,4.09,9/4/2015,8.79,,,11/5/2015,4.66,12/4/2015,4.63,1/7/2016,3.27,2/4/2016,5.46,3/4/2016,6.88,4/6/2016,5.25,5/5/2016,3.89,6/6/2016,5.13,7/7/2016,5.34,8/4/2016,4.63,9/7/2016,5.29,10/6/2016,5.59,11/4/2016,4.57,12/6/2016,5.86,1/6/2017,6.05,2/6/2017,5.35,3/6/2017,4.02,4/6/2017,4.76,5/4/2017,4.49,6/6/2017,4.06,7/7/2017,4.45,8/4/2017,4.2,9/7/2017,4.28,10/5/2017,5.89,11/6/2017,5.14,12/6/2017,3.92,1/5/2018,8.63,2/6/2018,3.05,3/6/2018,11.22,4/5/2018,14.37,5/4/2018,7.75,6/6/2018,7.91,7/6/2018,9.42,8/6/2018,8.32,9/7/2018,5.01,10/4/2018,6.17,11/6/2018,9.97,12/7/2018,2.48,1/7/2019,11.77,2/6/2019,8.49,3/6/2019,5.03,4/4/2019,8.85,5/6/2019,7.96,6/6/2019,15,7/5/2019,9.46,8/6/2019,5.23,9/6/2019,12.93,10/4/2019,10.16,11/6/2019,7.38,12/5/2019,8.42,1/7/2020,7.24,2/6/2020,14.13,3/5/2020,11.47,4/6/2020,26.04,5/6/2020,17.04,6/4/2020,16.01,7/7/2020,16.32,8/6/2020,15.55
,1/8/2015,5.84,2/6/2015,8.39,3/6/2015,2.72,4/8/2015,6.91,5/7/2015,4.08,6/5/2015,3.94,7/8/2015,4.54,8/7/2015,3.78,9/8/2015,10.98,,,11/6/2015,4.49,12/7/2015,4.22,1/8/2016,2.68,2/5/2016,3.86,3/7/2016,6.76,4/7/2016,4.11,5/6/2016,4.09,6/7/2016,5.23,7/8/2016,6.95,8/5/2016,5.49,9/8/2016,5.07,10/7/2016,4.95,11/7/2016,6.51,12/7/2016,7.79,1/9/2017,5.53,2/7/2017,5.46,3/7/2017,3.45,4/7/2017,4.78,5/5/2017,5.03,6/7/2017,4.15,7/10/2017,4.44,8/7/2017,4.4,9/8/2017,4.17,10/6/2017,5.64,11/7/2017,5.08,12/7/2017,4.27,1/8/2018,8.95,2/7/2018,1.77,3/7/2018,11.13,4/6/2018,10.55,5/7/2018,8.28,6/7/2018,8.02,7/9/2018,11.04,8/7/2018,8.98,9/10/2018,5.12,10/5/2018,5.47,11/7/2018,13.07,12/10/2018,2.22,1/8/2019,13.06,2/7/2019,7.06,3/7/2019,4.13,4/5/2019,9.5,5/7/2019,6.38,6/7/2019,16.87,7/8/2019,8.56,8/7/2019,5.22,9/9/2019,12.3,10/7/2019,9.16,11/7/2019,7.93,12/6/2019,10.15,1/8/2020,8.43,2/7/2020,13.27,3/6/2020,10.01,4/7/2020,33.82,5/7/2020,17.74,6/5/2020,21.09,7/8/2020,17.48,8/7/2020,15.32
,1/9/2015,4.85,2/9/2015,7.76,3/9/2015,2.98,4/9/2015,7.4,5/8/2015,5.17,6/8/2015,3.47,7/9/2015,4.61,8/10/2015,5.05,9/9/2015,9.72,,,11/9/2015,3.68,12/8/2015,3.48,1/11/2016,2.14,2/8/2016,3.11,3/8/2016,5.88,4/8/2016,4.3,5/9/2016,4,6/8/2016,5.7,7/11/2016,7.44,8/8/2016,5.26,9/9/2016,3.01,10/10/2016,5.33,11/8/2016,7.01,12/8/2016,8.32,1/10/2017,5.57,2/8/2017,5.64,3/8/2017,3.17,4/10/2017,4.91,5/8/2017,4.82,6/8/2017,4.15,7/11/2017,4.32,8/8/2017,4.25,9/11/2017,5.29,10/9/2017,5.32,11/8/2017,5.33,12/8/2017,4.85,1/9/2018,9.44,2/8/2018,1.28,3/8/2018,11.55,4/9/2018,12.06,5/8/2018,8,6/8/2018,8.44,7/10/2018,11.86,8/8/2018,8.77,9/11/2018,5.44,10/8/2018,5.52,11/8/2018,12.13,12/11/2018,2.45,1/9/2019,13.68,2/8/2019,7,3/8/2019,3.89,4/8/2019,9.54,5/8/2019,6.27,6/10/2019,18.64,7/9/2019,8.94,8/8/2019,7.49,9/10/2019,12.09,10/8/2019,7.16,11/8/2019,8.19,12/9/2019,9.7,1/9/2020,9.08,2/10/2020,14.51,3/9/2020,4.81,4/9/2020,40.13,5/8/2020,19.7,6/8/2020,24.36,7/9/2020,16.55,8/10/2020,15.83
,1/12/2015,4.4,2/10/2015,9.01,3/10/2015,1.77,4/10/2015,8,5/11/2015,4.73,6/9/2015,3.32,7/10/2015,5.6,8/11/2015,4.13,9/10/2015,9.62,,,11/10/2015,3.69,12/9/2015,2.92,1/12/2016,2.35,2/9/2016,3.36,3/9/2016,6.18,4/11/2016,4,5/10/2016,5.15,6/9/2016,5.63,7/12/2016,8.42,8/9/2016,5.32,9/12/2016,4.15,10/11/2016,4.14,11/9/2016,8.35,12/9/2016,9.1,1/11/2017,5.66,2/9/2017,6.49,3/9/2017,3.35,4/11/2017,4.86,5/9/2017,4.73,6/9/2017,3.9,7/12/2017,5.25,8/9/2017,4.35,9/12/2017,5.72,10/10/2017,5.7,11/9/2017,4.96,12/11/2017,5.21,1/10/2018,8.98,2/9/2018,1.31,3/9/2018,14.73,4/10/2018,13.55,5/9/2018,9.72,6/11/2018,8.79,7/11/2018,10.37,8/9/2018,8.47,9/12/2018,5.28,10/9/2018,5.23,11/9/2018,9.87,12/12/2018,2.9,1/10/2019,14.4,2/11/2019,6.91,3/11/2019,5.11,4/9/2019,8.64,5/9/2019,5.43,6/11/2019,18.79,7/10/2019,9.58,8/9/2019,6.66,9/11/2019,13.87,10/9/2019,8.11,11/11/2019,7.81,12/10/2019,9.22,1/10/2020,8.47,2/11/2020,15.24,3/10/2020,6.84,4/13/2020,35.73,5/11/2020,19.17,6/9/2020,23.68,7/10/2020,18.43,8/11/2020,14.49
,1/13/2015,4.19,2/11/2015,8.74,3/11/2015,1.72,4/13/2015,7.5,5/12/2015,4.33,6/10/2015,4.32,7/13/2015,6.5,8/12/2015,4.3,9/11/2015,9.46,,,11/11/2015,3.28,12/10/2015,3.13,1/13/2016,1.38,2/10/2016,3.09,3/10/2016,6.26,4/12/2016,4.88,5/11/2016,4.29,6/10/2016,4.85,7/13/2016,8.47,8/10/2016,5.08,9/13/2016,3.15,10/12/2016,4.18,11/10/2016,8.68,12/12/2016,8.81,1/12/2017,5.43,2/10/2017,6.91,3/10/2017,3.54,4/12/2017,4.42,5/10/2017,5,6/12/2017,3.84,7/13/2017,5.57,8/10/2017,3.18,9/13/2017,5.59,10/11/2017,5.92,11/10/2017,4.83,12/12/2017,5.62,1/11/2018,10.34,2/12/2018,1.24,3/12/2018,15.4,4/11/2018,12.6,5/10/2018,11.06,6/12/2018,8.48,7/12/2018,12,8/10/2018,7.55,9/13/2018,6.03,10/10/2018,2.13,11/12/2018,7.65,12/13/2018,2.2,1/11/2019,13.95,2/12/2019,8.93,3/12/2019,5.36,4/10/2019,9.17,5/10/2019,5.21,6/12/2019,17.55,7/11/2019,10,8/12/2019,5.12,9/12/2019,14.74,10/10/2019,9.18,11/12/2019,8.01,12/11/2019,9.71,1/13/2020,9.89,2/12/2020,16.62,3/11/2020,4.45,4/14/2020,43.81,5/12/2020,15.38,6/10/2020,22.01,7/13/2020,17.36,8/12/2020,17.14
,1/14/2015,3.6,2/12/2015,10.03,3/12/2015,2.45,4/14/2015,7.3,5/13/2015,4.23,6/11/2015,4.39,7/14/2015,7.01,8/13/2015,4,9/14/2015,9.34,,,11/12/2015,2.39,12/11/2015,2.25,1/14/2016,1.99,2/11/2016,2.49,3/11/2016,8.03,4/13/2016,5.83,5/12/2016,4.15,6/13/2016,4.54,7/14/2016,9.16,8/11/2016,5.61,9/14/2016,2.96,10/13/2016,3.93,11/11/2016,8.08,12/13/2016,10.21,1/13/2017,5.6,2/13/2017,7.7,3/13/2017,3.49,4/13/2017,3.55,5/11/2017,4.71,6/13/2017,4.3,7/14/2017,6.14,8/11/2017,3.15,9/14/2017,5.51,10/12/2017,5.58,11/13/2017,4.9,12/13/2017,5.59,1/12/2018,12.08,2/13/2018,1.32,3/13/2018,14.56,4/12/2018,13.56,5/11/2018,11.59,6/13/2018,8.1,7/13/2018,12.32,8/13/2018,6.91,9/14/2018,5.87,10/11/2018,1.57,11/13/2018,7.35,12/14/2018,1.46,1/14/2019,12.58,2/13/2019,9.57,3/13/2019,6.53,4/11/2019,8.99,5/13/2019,2.8,6/13/2019,17.83,7/12/2019,10.8,8/13/2019,7.08,9/13/2019,14.45,10/11/2019,10.49,11/13/2019,8.25,12/12/2019,11.11,1/14/2020,9.56,2/13/2020,16.75,3/12/2020,1.79,4/15/2020,39.95,5/13/2020,13.47,6/11/2020,14.3,7/14/2020,19.36,8/13/2020,16.3
,1/15/2015,2.9,2/13/2015,10.72,3/13/2015,1.95,4/15/2015,8.19,5/14/2015,5.4,6/12/2015,3.72,7/15/2015,6.82,8/14/2015,4.27,9/15/2015,10.87,,,11/13/2015,1.81,12/14/2015,2.3,1/15/2016,1.2,2/12/2016,3.35,3/14/2016,7.97,4/14/2016,5.9,5/13/2016,3.34,6/14/2016,4.21,7/15/2016,9.09,8/12/2016,5.48,9/15/2016,3.7,10/14/2016,3.85,11/14/2016,8.02,12/14/2016,8.92,1/17/2017,4.9,2/14/2017,8.21,3/14/2017,3.14,4/17/2017,4.18,5/12/2017,4.41,6/14/2017,4.16,7/17/2017,6.14,8/14/2017,3.6,9/15/2017,5.65,10/13/2017,5.82,11/14/2017,4.53,12/14/2017,4.68,1/16/2018,12.01,2/14/2018,1.68,3/14/2018,12.34,4/13/2018,12.99,5/14/2018,11.42,6/14/2018,8.61,7/16/2018,11.74,8/14/2018,7.59,9/17/2018,5,10/12/2018,1.7,11/14/2018,6.37,12/17/2018,0.85,1/15/2019,14.6,2/14/2019,9.32,3/14/2019,6.2,4/12/2019,10,5/14/2019,3.81,6/14/2019,17.62,7/15/2019,10.65,8/14/2019,3.95,9/16/2019,13.71,10/14/2019,9.79,11/14/2019,8.4,12/13/2019,10.75,1/15/2020,9.95,2/14/2020,16.36,3/13/2020,2.48,4/16/2020,40.6,5/14/2020,14.8,6/12/2020,14.32,7/15/2020,21.4,8/14/2020,16.16
,1/16/2015,3.84,2/17/2015,10.98,3/16/2015,2.84,4/16/2015,8.14,5/15/2015,5.36,6/15/2015,3.34,7/16/2015,7.71,8/17/2015,4.82,9/16/2015,11.55,,,11/16/2015,2.45,12/15/2015,2.8,1/19/2016,1.03,2/16/2016,4.2,3/15/2016,7.37,4/15/2016,5.61,5/16/2016,4.12,6/15/2016,3.88,7/18/2016,9.46,8/15/2016,5.75,9/16/2016,3.19,10/17/2016,3.63,11/15/2016,9,12/15/2016,9.35,1/18/2017,5.11,2/15/2017,9.31,3/15/2017,3.97,4/18/2017,3.89,5/15/2017,4.99,6/15/2017,3.98,7/18/2017,6.12,8/15/2017,3.5,9/18/2017,5.83,10/16/2017,5.88,11/15/2017,3.98,12/15/2017,6.36,1/17/2018,13.76,2/15/2018,2.6,3/15/2018,11.94,4/16/2018,14.57,5/15/2018,9.79,6/15/2018,8.21,7/17/2018,12.7,8/15/2018,6.5,9/18/2018,5.81,10/15/2018,1.27,11/15/2018,7.89,12/18/2018,0.84,1/16/2019,14.9,2/15/2019,10.99,3/15/2019,7.1,4/15/2019,9.68,5/15/2019,3.75,6/17/2019,18.06,7/16/2019,10.18,8/15/2019,4.17,9/17/2019,14.25,10/15/2019,11.58,11/15/2019,9.47,12/16/2019,12.1,1/16/2020,11.72,2/18/2020,15.09,3/16/2020,1.43,4/17/2020,43.46,5/15/2020,14.35,6/15/2020,15.29,7/16/2020,19.99,8/17/2020,16.77
,1/20/2015,3.78,2/18/2015,10.81,3/17/2015,2.78,4/17/2015,6.46,5/18/2015,5.76,6/16/2015,3.9,7/17/2015,7.79,8/18/2015,4.42,9/17/2015,11.36,,,11/17/2015,2.51,12/16/2015,3.62,1/20/2016,0.8,2/17/2016,5.58,3/16/2016,7.99,4/18/2016,6.26,5/17/2016,3.24,6/16/2016,4.09,7/19/2016,9.26,8/16/2016,5.21,9/19/2016,3.13,10/18/2016,3.76,11/16/2016,8.86,12/16/2016,8.85,1/19/2017,4.75,2/16/2017,8.91,3/16/2017,3.57,4/19/2017,3.66,5/16/2017,4.79,6/16/2017,3.8,7/19/2017,7.06,8/16/2017,3.56,9/19/2017,5.92,10/17/2017,6,11/16/2017,4.88,12/18/2017,7.22,1/18/2018,13.67,2/16/2018,2.59,3/16/2018,11.86,4/17/2018,16.37,5/16/2018,10.87,6/18/2018,7.73,7/18/2018,12.76,8/16/2018,7.86,9/19/2018,5.94,10/16/2018,2.21,11/16/2018,7.81,12/19/2018,0.48,1/17/2019,16.46,2/19/2019,10.9,3/18/2019,7.83,4/16/2019,9.7,5/16/2019,4.62,6/18/2019,20.23,7/17/2019,8.68,8/16/2019,5.07,9/18/2019,14.18,10/16/2019,11.11,11/18/2019,9.7,12/17/2019,12.06,1/17/2020,12.37,2/19/2020,17.32,3/17/2020,1.51,4/20/2020,44.74,5/18/2020,20.18,6/16/2020,18.8,7/17/2020,20,8/18/2020,16.98
,1/21/2015,3.95,2/19/2015,10.66,3/18/2015,3.54,4/20/2015,7.51,5/19/2015,5.55,6/17/2015,3.93,7/20/2015,8.1,8/19/2015,3.41,9/18/2015,9.24,,,11/18/2015,3.65,12/17/2015,2.35,1/21/2016,0.91,2/18/2016,4.98,3/17/2016,8.73,4/19/2016,6.64,5/18/2016,3.14,6/17/2016,3.52,7/20/2016,9.98,8/17/2016,5.35,9/20/2016,3.08,10/19/2016,4.03,11/17/2016,9.48,12/19/2016,9.04,1/20/2017,4.83,2/17/2017,9.23,3/17/2017,3.34,4/20/2017,4.44,5/17/2017,3.18,6/19/2017,4.74,7/20/2017,7.34,8/17/2017,2.24,9/20/2017,5.97,10/18/2017,6.09,11/17/2017,4.28,12/19/2017,6.54,1/19/2018,14.22,2/20/2018,1.93,3/19/2018,9.57,4/18/2018,16.38,5/17/2018,10.54,6/19/2018,7.09,7/19/2018,12.29,8/17/2018,8.3,9/20/2018,7.41,10/17/2018,2.03,11/19/2018,5.45,12/20/2018,0.3,1/18/2019,18.85,2/20/2019,11.25,3/19/2019,7.75,4/17/2019,9.09,5/17/2019,3.77,6/19/2019,21.04,7/18/2019,9.24,8/19/2019,6.02,9/19/2019,13.99,10/17/2019,11.61,11/19/2019,9.64,12/18/2019,12.27,1/21/2020,11.89,2/20/2020,15.91,3/18/2020,0.97,4/21/2020,36.34,5/19/2020,18.81,6/17/2020,18.22,7/20/2020,21.48,8/19/2020,16.01
,1/22/2015,5.16,2/20/2015,11.6,3/19/2015,2.99,4/21/2015,7.14,5/20/2015,5.43,6/18/2015,4.95,7/21/2015,7.26,8/20/2015,1.94,9/21/2015,9.51,,,11/19/2015,3.57,12/18/2015,1.51,1/22/2016,1.22,2/19/2016,4.66,3/18/2016,9.31,4/20/2016,6.92,5/19/2016,2.94,6/20/2016,3.83,7/21/2016,9.25,8/18/2016,5.4,9/21/2016,3.97,10/20/2016,3.75,11/18/2016,9.25,12/20/2016,9.58,1/23/2017,4.57,2/21/2017,10.74,3/20/2017,2.98,4/21/2017,4.2,5/18/2017,3.37,6/20/2017,4.11,7/21/2017,6.73,8/18/2017,2.09,9/21/2017,5.42,10/19/2017,6.24,11/20/2017,4.31,12/20/2017,6.43,1/22/2018,16.05,2/21/2018,1.48,3/20/2018,9.65,4/19/2018,15,5/18/2018,10.26,6/20/2018,7.25,7/20/2018,12.07,8/20/2018,8.8,9/21/2018,7.4,10/18/2018,1.53,11/20/2018,3.6,12/21/2018,0.19,1/22/2019,16.34,2/21/2019,10.22,3/20/2019,7.03,4/18/2019,9.58,5/20/2019,3.06,6/20/2019,23.28,7/19/2019,8.1,8/20/2019,4.9,9/20/2019,13.26,10/18/2019,10.9,11/20/2019,8.92,12/19/2019,13.1,1/22/2020,12.01,2/21/2020,14.1,3/19/2020,0.72,4/22/2020,39.92,5/20/2020,21.39,6/18/2020,17.9,7/21/2020,21.6,8/21/2020,17.25
,1/23/2015,4.57,2/23/2015,11.11,3/20/2015,3.77,4/22/2015,7.94,5/21/2015,5.65,6/19/2015,4.13,7/22/2015,6.68,8/21/2015,1.09,9/22/2015,7.92,,,11/20/2015,3.76,12/21/2015,1.74,1/25/2016,0.78,2/22/2016,5.47,3/21/2016,9.22,4/21/2016,6,5/20/2016,3.19,6/21/2016,4.19,7/22/2016,9.97,8/19/2016,5.14,9/22/2016,4.44,10/21/2016,3.5,11/21/2016,10.26,12/21/2016,9.47,1/24/2017,5.2,2/22/2017,10.5,3/21/2017,1.82,4/24/2017,4.88,5/19/2017,3.89,6/21/2017,3.8,7/24/2017,6.7,8/21/2017,1.9,9/22/2017,5.44,10/20/2017,7.22,11/21/2017,5.22,12/21/2017,7.14,1/23/2018,17.32,2/22/2018,1.53,3/21/2018,9.71,4/20/2018,13.24,5/21/2018,11.45,6/21/2018,6.29,7/23/2018,12.39,8/21/2018,9.15,9/24/2018,6.57,10/19/2018,1.38,11/21/2018,3.66,12/24/2018,0.16,1/23/2019,16.86,2/22/2019,11.33,3/21/2019,9.28,4/22/2019,9.58,5/21/2019,3.66,6/21/2019,23.26,7/22/2019,8.42,8/21/2019,5.99,9/23/2019,13.37,10/21/2019,11.74,11/21/2019,8.55,12/20/2019,14.15,1/23/2020,12.46,2/24/2020,8.24,3/20/2020,0.39,4/23/2020,42.39,5/21/2020,20.24,6/19/2020,16.16,7/22/2020,22.68,8/24/2020,19.65
,1/26/2015,4.66,2/24/2015,11.76,3/23/2015,3.43,4/23/2015,8.29,5/22/2015,5.28,6/22/2015,4.61,7/23/2015,5.9,8/24/2015,0.48,9/23/2015,7.6,,,11/23/2015,3.4,12/22/2015,2.14,1/26/2016,1.15,2/23/2016,4.6,3/22/2016,9.17,4/22/2016,6.03,5/23/2016,2.85,6/22/2016,4.4,7/25/2016,9.34,8/22/2016,5.04,9/23/2016,3.76,10/24/2016,3.82,11/22/2016,10.27,12/22/2016,8.82,1/25/2017,6.56,2/23/2017,10.6,3/22/2017,2,4/25/2017,5.75,5/22/2017,4.31,6/22/2017,3.65,7/25/2017,7.15,8/22/2017,2.59,9/25/2017,5.23,10/23/2017,6.44,11/22/2017,4.97,12/22/2017,6.66,1/24/2018,17.21,2/23/2018,2.2,3/22/2018,5.8,4/23/2018,12.62,5/22/2018,11.72,6/22/2018,6.58,7/24/2018,12.99,8/22/2018,9.01,9/25/2018,6.31,10/22/2018,1.13,11/23/2018,2.91,12/26/2018,0.28,1/24/2019,16.99,2/25/2019,12.2,3/22/2019,6.74,4/23/2019,11.5,5/22/2019,3.16,6/25/2019,20.89,7/23/2019,9.52,8/22/2019,5.85,9/24/2019,11.72,10/22/2019,10.99,11/22/2019,8.95,12/23/2019,14.36,1/24/2020,10.6,2/25/2020,4.42,3/23/2020,0.36,4/24/2020,41.71,5/22/2020,19.77,6/22/2020,17.4,7/23/2020,20.05,8/25/2020,20.65
,1/27/2015,3.61,2/25/2015,11.55,3/24/2015,2.86,4/24/2015,8.65,5/26/2015,4.16,6/23/2015,4.64,7/24/2015,4.89,8/25/2015,0.26,9/24/2015,7.1,,,11/24/2015,3.38,12/23/2015,2.63,1/27/2016,0.79,2/24/2016,5.31,3/23/2016,8.33,4/25/2016,5.61,5/24/2016,4.05,6/23/2016,5.29,7/26/2016,9.52,8/23/2016,5.33,9/26/2016,3.08,10/25/2016,3.5,11/23/2016,10.7,12/27/2016,9.49,1/26/2017,6.45,2/24/2017,10.39,3/23/2017,1.87,4/26/2017,5.75,5/23/2017,4.51,6/23/2017,3.75,7/26/2017,7.12,8/23/2017,2.26,9/26/2017,5.06,10/24/2017,6.81,11/24/2017,5.32,12/26/2017,6.38,1/25/2018,16.62,2/26/2018,3.55,3/23/2018,3.74,4/24/2018,10.29,5/23/2018,11.16,6/25/2018,4.72,7/25/2018,14.64,8/23/2018,8.59,9/26/2018,5.6,10/23/2018,1.03,11/26/2018,3.88,12/27/2018,0.43,1/25/2019,18.55,2/26/2019,11.61,3/25/2019,6.26,4/24/2019,11.4,5/23/2019,2.2,6/26/2019,20.24,7/24/2019,10.42,8/23/2019,3.43,9/25/2019,12.74,10/23/2019,11.42,11/25/2019,10.07,12/24/2019,14.18,1/27/2020,7.8,2/26/2020,3.63,3/24/2020,1.01,4/27/2020,44,5/26/2020,22.43,6/23/2020,17.95,7/24/2020,18.87,8/26/2020,23.41
,1/28/2015,2.39,2/26/2015,11.02,3/25/2015,1.82,4/27/2015,8.16,5/27/2015,4.95,6/24/2015,3.8,7/27/2015,4.29,8/26/2015,0.63,9/25/2015,7.16,,,11/25/2015,3.35,12/24/2015,2.55,1/28/2016,0.76,2/25/2016,6.12,3/24/2016,8.13,4/26/2016,6,5/25/2016,4.9,6/24/2016,2.17,7/27/2016,9.2,8/24/2016,4.65,9/27/2016,3.46,10/26/2016,3.41,11/25/2016,11.2,12/28/2016,7.97,1/27/2017,6.09,2/27/2017,11.09,3/24/2017,1.82,4/27/2017,5.87,5/24/2017,4.72,6/26/2017,3.59,7/27/2017,6.65,8/24/2017,2.11,9/27/2017,5.74,10/25/2017,6.24,11/27/2017,5.28,12/27/2017,6.4,1/26/2018,19.77,2/27/2018,2.49,3/26/2018,6.06,4/25/2018,11.06,5/24/2018,10.7,6/26/2018,4.87,7/26/2018,14.6,8/24/2018,9.8,9/27/2018,6.17,10/24/2018,0.53,11/27/2018,4.2,12/28/2018,0.43,1/28/2019,16.66,2/27/2019,11.55,3/26/2019,6.94,4/25/2019,11.18,5/24/2019,2.32,6/28/2019,21.93,7/25/2019,9.44,8/26/2019,4.25,9/26/2019,11.86,10/24/2019,11.49,11/26/2019,10.86,12/26/2019,15.12,1/28/2020,9.63,2/27/2020,1.58,3/25/2020,1.1,4/28/2020,43.72,5/27/2020,25.34,6/24/2020,13.92,7/27/2020,19.71,8/27/2020,25.16
,1/29/2015,3.15,2/27/2015,10.83,3/26/2015,1.56,4/28/2015,8.44,5/28/2015,5,6/25/2015,3.55,7/28/2015,5.33,8/27/2015,1.27,9/28/2015,4.8,,,11/27/2015,3.43,12/28/2015,2.3,1/29/2016,1.68,2/26/2016,5.84,3/28/2016,8.03,4/27/2016,6.13,5/26/2016,4.8,6/27/2016,1.1,7/28/2016,9.53,8/25/2016,4.71,9/28/2016,3.86,10/27/2016,3,11/28/2016,10.49,12/29/2016,7.9,1/30/2017,5.23,2/28/2017,10.54,3/27/2017,1.48,4/28/2017,5.48,5/25/2017,5.48,6/27/2017,2.86,7/28/2017,6.71,8/25/2017,2.07,9/28/2017,5.83,10/26/2017,6.18,11/28/2017,7.13,12/28/2017,6.52,1/29/2018,18.65,2/28/2018,1.71,3/27/2018,4.37,4/26/2018,12.75,5/25/2018,9.86,6/27/2018,4.06,7/27/2018,13.04,8/27/2018,11.33,9/28/2018,5.99,10/25/2018,0.72,11/28/2018,7.2,12/31/2018,0.3,1/29/2019,16.54,2/28/2019,11.1,3/27/2019,6.26,4/26/2019,11.9,5/28/2019,1.65,7/1/2019,23.37,7/26/2019,10.79,8/27/2019,3.79,9/27/2019,10.99,10/25/2019,12.52,11/27/2019,11.66,12/27/2019,15.74,1/29/2020,9.18,2/28/2020,1.71,3/26/2020,1.47,4/29/2020,49.98,5/28/2020,25.63,6/25/2020,14.8,7/28/2020,18.34,8/28/2020,25.82
,1/30/2015,2.33,3/2/2015,11.51,3/27/2015,1.64,4/29/2015,8.2,5/29/2015,3.95,6/26/2015,3.6,7/29/2015,6.12,8/28/2015,1.25,9/29/2015,4.76,,,11/30/2015,3.01,12/29/2015,3.2,2/1/2016,1.59,2/29/2016,4.98,3/29/2016,9.12,4/28/2016,5.13,5/27/2016,5.21,6/28/2016,1.63,7/29/2016,9.5,8/26/2016,4.3,9/29/2016,3.24,10/28/2016,3.07,11/29/2016,10.9,12/30/2016,7.41,1/31/2017,5.05,3/1/2017,13.64,3/28/2017,1.83,5/1/2017,5.72,5/26/2017,5.46,6/28/2017,3.78,7/31/2017,6.79,8/28/2017,2.02,9/29/2017,6.5,10/27/2017,7.64,11/29/2017,7.24,12/29/2017,5.41,1/30/2018,16.13,3/1/2018,1.11,3/28/2018,4.05,4/27/2018,12.64,5/29/2018,7.9,6/28/2018,4.45,7/30/2018,11.76,8/28/2018,11.36,10/1/2018,6.47,10/26/2018,0.49,11/29/2018,7.16,1/2/2019,0.19,1/30/2019,19.6,3/1/2019,12.28,3/28/2019,6.65,4/29/2019,12.12,5/29/2019,1.17,7/3/2019,25.17,7/29/2019,10.41,8/28/2019,4.36,9/30/2019,11.69,10/28/2019,13.93,11/29/2019,10.93,12/30/2019,14.54,1/30/2020,10,3/2/2020,2.93,3/27/2020,0.89,5/1/2020,40.46,5/29/2020,26.58,6/26/2020,11.39,7/29/2020,20.64,8/31/2020,26.21
,2/2/2015,3.05,3/3/2015,10.99,3/30/2015,2.31,4/30/2015,6.42,6/1/2015,4.16,6/29/2015,2.17,7/30/2015,6.19,8/31/2015,0.88,9/30/2015,6.02,,,12/1/2015,3.72,12/30/2015,2.46,2/2/2016,0.93,3/1/2016,7.51,3/30/2016,9.8,4/29/2016,4.43,5/31/2016,5.13,6/29/2016,2.8,8/1/2016,9.17,8/29/2016,4.77,9/30/2016,3.78,10/31/2016,3.04,11/30/2016,10.33,1/3/2017,8.27,2/1/2017,5.06,3/2/2017,12.1,3/29/2017,1.95,5/2/2017,5.74,5/30/2017,5.33,6/29/2017,2.86,8/1/2017,6.87,8/29/2017,2.13,10/2/2017,7.13,10/30/2017,7.06,11/30/2017,9.16,1/2/2018,6.94,1/31/2018,16.15,3/2/2018,1.03,3/29/2018,4.82,4/30/2018,11.21,5/30/2018,10.63,6/29/2018,4.4,7/31/2018,13.02,8/29/2018,12.94,10/2/2018,6.34,10/29/2018,0.37,11/30/2018,8.07,1/3/2019,0.09,1/31/2019,22,3/4/2019,11.35,3/29/2019,7.64,4/30/2019,12.51,5/30/2019,1.26,7/5/2019,24.66,7/30/2019,10,8/29/2019,5.63,10/1/2019,9.3,10/29/2019,13.72,12/2/2019,9.43,12/31/2019,14.89,1/31/2020,6.79,3/3/2020,1.79,3/30/2020,1.05,5/4/2020,40.95,6/1/2020,27.15,6/29/2020,12.45,7/30/2020,20.15,9/1/2020,27.37
,2/3/2015,4,3/4/2015,9.84,3/31/2015,1.93,5/1/2015,7.66,6/2/2015,3.97,6/30/2015,2.15,7/31/2015,5.7,9/1/2015,0.5,10/1/2015,6.55,,,12/2/2015,2.78,12/31/2015,1.77,2/3/2016,1.08,3/2/2016,7.85,3/31/2016,9.65,5/2/2016,5.07,6/1/2016,5.05,6/30/2016,3.75,8/2/2016,8.28,8/30/2016,4.41,10/3/2016,3.38,11/1/2016,2.4,12/1/2016,9.67,1/4/2017,9.25,2/2/2017,5.1,3/3/2017,11.87,3/30/2017,2.22,5/3/2017,5.63,5/31/2017,5.15,6/30/2017,2.83,8/2/2017,6.89,8/30/2017,2.56,10/3/2017,7.61,10/31/2017,7.08,12/1/2017,8.71,1/3/2018,8.41,2/1/2018,15.8,3/5/2018,1.46,4/2/2018,2.86,5/1/2018,10.9,5/31/2018,9.49,7/2/2018,4.45,8/1/2018,12.44,8/30/2018,11.75,10/3/2018,6.57,10/30/2018,0.59,12/3/2018,9.58,1/4/2019,0.15,2/1/2019,21.28,3/5/2019,11.38,4/1/2019,9.54,5/1/2019,10.9,5/31/2019,0.76,7/11/2019,26.43,7/31/2019,7.89,8/30/2019,5.87,10/2/2019,6.39,10/30/2019,13.25,12/3/2019,8.17,1/2/2020,16.06,2/3/2020,7.51,3/4/2020,4.12,3/31/2020,0.35,5/5/2020,45.58,6/2/2020,27.41,6/30/2020,13.94,7/31/2020,21.87,9/2/2020,32.73
,2/4/2015,3.49,3/5/2015,10.37,4/1/2015,1.52,5/4/2015,8.2,6/3/2015,4.34,7/1/2015,2.57,8/3/2015,5.21,9/2/2015,0.48,10/2/2015,7.89,,,12/3/2015,1.81,1/4/2016,1.15,2/4/2016,1.09,3/3/2016,8.31,4/1/2016,10.4,5/3/2016,4.08,6/2/2016,5.45,7/1/2016,4,8/3/2016,8.36,8/31/2016,4.18,10/4/2016,2.76,11/2/2016,1.95,12/2/2016,9.64,1/5/2017,8.75,2/3/2017,6.17,3/6/2017,11.39,3/31/2017,2.02,5/4/2017,5.58,6/1/2017,6.3,7/3/2017,2.92,8/3/2017,6.66,8/31/2017,3.13,10/4/2017,7.91,11/1/2017,7.25,12/4/2017,8.51,1/4/2018,9.42,2/2/2018,11.26,3/6/2018,1.59,4/3/2018,3.67,5/2/2018,9.42,6/1/2018,11.05,7/3/2018,3.8,8/3/2018,14.42,8/31/2018,11.67,10/4/2018,5.47,10/31/2018,0.7,12/4/2018,5.15,1/7/2019,0.24,2/4/2019,23.15,3/6/2019,9.95,4/2/2019,9.41,5/2/2019,10,6/3/2019,0.65,7/12/2019,26.77,8/1/2019,6.9,9/3/2019,4.79,10/3/2019,7.71,10/31/2019,13.54,12/4/2019,9,1/3/2020,15.14,2/4/2020,10.2,3/5/2020,2.51,4/1/2020,0.23,5/6/2020,43.8,6/3/2020,31.98,7/1/2020,14.82,8/3/2020,23.49,9/3/2020,22.77
,2/5/2015,4.63,3/6/2015,7.93,4/2/2015,1.6,5/5/2015,6.51,6/4/2015,3.54,7/2/2015,2.57,8/4/2015,4.77,9/3/2015,0.46,10/5/2015,10.14,,,12/4/2015,2.92,1/5/2016,1.01,2/5/2016,0.64,3/4/2016,8.8,4/4/2016,9.8,5/4/2016,3.54,6/3/2016,4.88,7/5/2016,3.23,8/4/2016,8.79,9/1/2016,4.08,10/5/2016,3.13,11/3/2016,1.83,12/5/2016,10.22,1/6/2017,9.85,2/6/2017,5.75,3/7/2017,10.41,4/3/2017,1.81,5/5/2017,6.5,6/2/2017,6.92,7/5/2017,3.08,8/4/2017,6.81,9/1/2017,3.25,10/5/2017,8.95,11/2/2017,7.38,12/5/2017,7.47,1/5/2018,10.85,2/5/2018,5.79,3/7/2018,1.38,4/4/2018,5.06,5/3/2018,8.93,6/4/2018,12.14,7/5/2018,4.82,8/6/2018,14.76,9/4/2018,11.41,10/5/2018,4.75,11/1/2018,0.81,12/6/2018,4.85,1/8/2019,0.2,2/5/2019,24.37,3/7/2019,8.29,4/3/2019,10.21,5/3/2019,12.15,6/4/2019,1.35,7/15/2019,27.75,8/2/2019,5.73,9/4/2019,5.78,10/4/2019,9.69,11/1/2019,15.27,12/5/2019,9.27,1/6/2020,15.67,2/5/2020,12.8,3/6/2020,1.65,4/2/2020,0.21,5/7/2020,44.84,6/4/2020,30.23,7/2/2020,16.11,8/4/2020,23.67,9/4/2020,21.44
,2/6/2015,4.58,3/9/2015,8.62,4/6/2015,1.97,5/6/2015,5.92,6/5/2015,2.99,7/6/2015,2.35,8/5/2015,5.38,9/4/2015,0.27,10/6/2015,9.46,,,12/7/2015,2.55,1/6/2016,0.65,2/8/2016,0.42,3/7/2016,8.67,4/5/2016,8.89,5/5/2016,3.36,6/6/2016,5.59,7/6/2016,3.69,8/5/2016,10.08,9/2/2016,4.43,10/6/2016,3.24,11/4/2016,1.76,12/6/2016,10.85,1/9/2017,8.83,2/7/2017,5.76,3/8/2017,10.17,4/4/2017,1.73,5/8/2017,5.92,6/5/2017,6.84,7/6/2017,2.17,8/7/2017,7.21,9/5/2017,2.58,10/6/2017,8.55,11/3/2017,7.85,12/6/2017,7.54,1/8/2018,11.31,2/6/2018,7.51,3/8/2018,1.54,4/5/2018,5.47,5/4/2018,11.39,6/5/2018,12.24,7/6/2018,6.1,8/7/2018,16.24,9/5/2018,10.55,10/8/2018,4.57,11/2/2018,0.65,12/7/2018,2.89,1/9/2019,0.19,2/6/2019,23.9,3/8/2019,7.92,4/4/2019,10.39,5/6/2019,11.36,6/5/2019,1.76,7/18/2019,24.04,8/5/2019,2.64,9/5/2019,7.6,10/7/2019,8.74,11/4/2019,16.74,12/6/2019,11.09,1/7/2020,14.92,2/6/2020,13.35,3/9/2020,0.65,4/3/2020,0.17,5/8/2020,47.56,6/5/2020,39.36,7/6/2020,19,8/5/2020,25.63,9/8/2020,13.81
,2/9/2015,3.93,3/10/2015,6.01,4/7/2015,1.74,5/7/2015,6.52,6/8/2015,2.38,7/7/2015,2.59,8/6/2015,4.41,9/8/2015,0.41,10/7/2015,10.43,,,12/8/2015,1.83,1/7/2016,0.31,2/9/2016,0.39,3/8/2016,7.27,4/6/2016,9.67,5/6/2016,3.53,6/7/2016,5.83,7/7/2016,3.45,8/8/2016,9.87,9/6/2016,4.7,10/7/2016,2.73,11/7/2016,3.14,12/7/2016,13.69,1/10/2017,9.1,2/8/2017,5.92,3/9/2017,10.16,4/5/2017,1.43,5/9/2017,5.95,6/6/2017,6.53,7/7/2017,2.63,8/8/2017,6.94,9/6/2017,2.7,10/9/2017,8.34,11/6/2017,8.08,12/7/2017,8.03,1/9/2018,11.91,2/7/2018,5.5,3/9/2018,2.94,4/6/2018,3.25,5/7/2018,11.83,6/6/2018,14.06,7/9/2018,7.49,8/8/2018,16.25,9/6/2018,9.98,10/9/2018,4.25,11/5/2018,0.77,12/10/2018,2.73,1/10/2019,0.19,2/7/2019,21.35,3/11/2019,10.2,4/5/2019,11.18,5/7/2019,9.38,6/6/2019,2.17,7/22/2019,24.38,8/6/2019,3.14,9/6/2019,7.61,10/8/2019,6.33,11/5/2019,16.19,12/9/2019,10.73,1/8/2020,17.02,2/7/2020,12.34,3/10/2020,0.87,4/6/2020,0.39,5/13/2020,36.56,6/8/2020,39.99,7/7/2020,16.86,8/6/2020,27.61,9/9/2020,19
,2/10/2015,5,3/11/2015,5.74,4/8/2015,1.81,5/8/2015,7.89,6/9/2015,2.34,7/8/2015,1.62,8/7/2015,4.11,9/9/2015,0.26,10/8/2015,11.74,,,12/9/2015,1.49,1/8/2016,0.21,2/10/2016,0.36,3/9/2016,7.86,4/7/2016,8.39,5/9/2016,3.48,6/8/2016,6.27,7/8/2016,4.96,8/9/2016,9.9,9/7/2016,4.57,10/10/2016,2.97,11/8/2016,3.4,12/8/2016,14.16,1/11/2017,9.3,2/9/2017,6.88,3/10/2017,10.68,4/6/2017,1.59,5/10/2017,6.27,6/7/2017,6.7,7/10/2017,2.67,8/9/2017,6.99,9/7/2017,2.64,10/10/2017,8.76,11/7/2017,8.05,12/8/2017,8.91,1/10/2018,11.34,2/8/2018,3.35,3/12/2018,2.92,4/9/2018,3.65,5/8/2018,11.96,6/7/2018,13.58,7/10/2018,8.3,8/9/2018,16.01,9/7/2018,9.46,10/10/2018,1.27,11/6/2018,0.96,12/11/2018,2.5,1/11/2019,0.14,2/8/2019,21.71,3/12/2019,10.73,4/8/2019,11.34,5/8/2019,8.94,6/7/2019,3.4,7/26/2019,28.24,8/7/2019,3.3,9/9/2019,7.4,10/9/2019,7.51,11/6/2019,16.38,12/10/2019,10.34,1/9/2020,17.9,2/10/2020,13.95,3/11/2020,0.42,4/7/2020,0.45,5/14/2020,36.88,6/9/2020,39.33,7/8/2020,18,8/7/2020,26.9,9/10/2020,13.56
,2/11/2015,5.04,3/12/2015,7.3,4/9/2015,2.02,5/11/2015,7.48,6/10/2015,3.43,7/9/2015,1.7,8/10/2015,5.61,9/10/2015,0.23,10/9/2015,11.86,,,12/10/2015,1.65,1/11/2016,0.1,2/11/2016,0.24,3/10/2016,7.9,4/8/2016,8.31,5/10/2016,4.71,6/9/2016,6.08,7/11/2016,5.58,8/10/2016,9.33,9/8/2016,4.12,10/11/2016,2.09,11/9/2016,4.31,12/9/2016,15.41,1/12/2017,8.76,2/10/2017,7.6,3/13/2017,10.94,4/7/2017,1.6,5/11/2017,5.9,6/8/2017,6.61,7/11/2017,2.51,8/10/2017,4.87,9/8/2017,2.53,10/11/2017,9.14,11/8/2017,8.35,12/11/2017,9.55,1/11/2018,12.78,2/9/2018,3.61,3/13/2018,2.26,4/10/2018,4.99,5/9/2018,14.05,6/8/2018,14.5,7/11/2018,6.84,8/10/2018,14.08,9/10/2018,9.53,10/11/2018,1.02,11/7/2018,1.54,12/12/2018,2.7,1/14/2019,0.1,2/11/2019,21.95,3/13/2019,12.25,4/9/2019,9.9,5/9/2019,7.93,6/10/2019,3.81,7/31/2019,24.35,8/8/2019,5.45,9/10/2019,7.13,10/10/2019,8.5,11/7/2019,16.95,12/11/2019,10.73,1/10/2020,16.7,2/11/2020,14.37,3/12/2020,0.16,4/8/2020,0.86,5/18/2020,50.71,6/10/2020,40.5,7/9/2020,17.05,8/10/2020,28.14,9/11/2020,13.08
,2/12/2015,6.06,3/13/2015,6.28,4/10/2015,2.42,5/12/2015,7.07,6/11/2015,3.49,7/10/2015,2.24,8/11/2015,4.46,9/11/2015,0.25,10/12/2015,11.83,,,12/11/2015,0.96,1/12/2016,0.09,2/12/2016,0.35,3/11/2016,10.3,4/11/2016,8.04,5/11/2016,3.63,6/10/2016,5,7/12/2016,6.65,8/11/2016,10.46,9/9/2016,2.03,10/12/2016,2,11/10/2016,4.73,12/12/2016,15.35,1/13/2017,8.96,2/13/2017,8.58,3/14/2017,10.25,4/10/2017,1.63,5/12/2017,5.52,6/9/2017,6.4,7/12/2017,3.42,8/11/2017,5.07,9/11/2017,3.68,10/12/2017,8.76,11/9/2017,7.82,12/12/2017,10.35,1/12/2018,14.98,2/12/2018,4.18,3/14/2018,1.71,4/11/2018,4.25,5/10/2018,16.25,6/11/2018,15.42,7/12/2018,8.35,8/13/2018,13.07,9/11/2018,10.47,10/12/2018,0.8,11/8/2018,1.29,12/13/2018,2.45,1/15/2019,0.14,2/12/2019,25.04,3/14/2019,11.8,4/10/2019,10.9,5/10/2019,7.96,6/11/2019,3.73,8/2/2019,19.71,8/9/2019,4.54,9/11/2019,8.7,10/11/2019,10.23,11/8/2019,17.22,12/12/2019,12.41,1/13/2020,18.68,2/12/2020,15.76,3/13/2020,0.26,4/9/2020,1.26,5/20/2020,51.76,6/11/2020,25.03,7/10/2020,19.03,8/11/2020,26.05,9/14/2020,15.26
,2/13/2015,6.65,3/16/2015,7.94,4/13/2015,2.12,5/13/2015,6.75,6/12/2015,2.68,7/13/2015,2.83,8/12/2015,4.54,9/14/2015,0.18,10/13/2015,10.85,,,12/14/2015,0.95,1/13/2016,0.05,2/16/2016,0.49,3/14/2016,10.2,4/12/2016,9.45,5/12/2016,3.58,6/13/2016,4.44,7/13/2016,6.62,8/12/2016,10.21,9/12/2016,3.25,10/13/2016,1.86,11/11/2016,4.34,12/13/2016,16.82,1/17/2017,8.31,2/14/2017,9.29,3/15/2017,11.97,4/11/2017,1.66,5/15/2017,6.23,6/12/2017,6.2,7/13/2017,3.57,8/14/2017,6.17,9/12/2017,4.11,10/13/2017,9.04,11/10/2017,7.69,12/13/2017,10.12,1/16/2018,14.4,2/13/2018,4.29,3/15/2018,1.48,4/12/2018,4.92,5/11/2018,16.45,6/12/2018,14.77,7/13/2018,8.52,8/14/2018,14.44,9/12/2018,10.22,10/15/2018,0.45,11/9/2018,0.75,12/14/2018,1.29,1/16/2019,0.19,2/13/2019,25.84,3/15/2019,13,4/11/2019,10.5,5/13/2019,4.21,6/12/2019,3.27,8/5/2019,12.6,8/12/2019,3.31,9/12/2019,9.46,10/14/2019,9.18,11/11/2019,17.12,12/13/2019,12.32,1/14/2020,18.21,2/13/2020,15.95,3/16/2020,0.19,4/13/2020,0.68,6/5/2020,71.34,6/12/2020,26.9,7/13/2020,17.51,8/12/2020,29.49,9/15/2020,15.81
,2/17/2015,6.78,3/17/2015,7.78,4/14/2015,2.22,5/14/2015,8.5,6/15/2015,2.35,7/14/2015,3.14,8/13/2015,4.3,9/15/2015,0.34,10/14/2015,9.79,,,12/15/2015,1.4,1/14/2016,0.09,2/17/2016,0.87,3/15/2016,9.39,4/13/2016,11,5/13/2016,2.68,6/14/2016,4.09,7/14/2016,7.45,8/15/2016,10.74,9/13/2016,2.25,10/14/2016,1.71,11/14/2016,4.14,12/14/2016,16.58,1/18/2017,8.4,2/15/2017,10.5,3/16/2017,11.67,4/12/2017,1.31,5/16/2017,6.23,6/13/2017,6.89,7/14/2017,4.25,8/15/2017,6.33,9/13/2017,4.04,10/16/2017,9.36,11/13/2017,7.76,12/14/2017,8.84,1/17/2018,16.44,2/14/2018,5.77,3/16/2018,1.27,4/13/2018,4.14,5/14/2018,16.65,6/13/2018,14.76,7/16/2018,8.07,8/15/2018,12.84,9/13/2018,11.48,10/16/2018,1.2,11/12/2018,0.37,12/17/2018,0.66,1/17/2019,0.2,2/14/2019,25.3,3/18/2019,14.07,4/12/2019,12.1,5/14/2019,5.3,6/13/2019,3.96,8/6/2019,12.76,8/13/2019,4.61,9/13/2019,8.95,10/15/2019,11.31,11/12/2019,17.59,12/16/2019,14.21,1/15/2020,19.14,2/14/2020,15.41,3/17/2020,0.25,4/14/2020,1.49,6/15/2020,58.55,6/15/2020,26.07,7/14/2020,19.5,8/13/2020,29.23,9/16/2020,14.79
,2/18/2015,6.67,3/18/2015,9.55,4/15/2015,2.47,5/15/2015,8.48,6/16/2015,2.85,7/15/2015,3.11,8/14/2015,4.77,9/16/2015,0.39,10/15/2015,12,,,12/16/2015,2,1/15/2016,0.06,2/18/2016,0.62,3/16/2016,10.37,4/14/2016,11.08,5/16/2016,3.54,6/15/2016,3.76,7/15/2016,7.03,8/16/2016,9.95,9/14/2016,1.89,10/17/2016,1.47,11/15/2016,5.16,12/15/2016,15.93,1/19/2017,8.37,2/16/2017,10.42,3/17/2017,11.24,4/13/2017,0.85,5/17/2017,3.92,6/14/2017,6.64,7/17/2017,4.21,8/16/2017,6.23,9/14/2017,3.96,10/17/2017,9.37,11/14/2017,7.25,12/15/2017,10.6,1/18/2018,16.25,2/15/2018,8.26,3/19/2018,0.75,4/16/2018,4.99,5/15/2018,15.22,6/14/2018,14.92,7/17/2018,8.96,8/16/2018,14.93,9/14/2018,11.4,10/17/2018,1.15,11/13/2018,0.34,12/18/2018,0.65,1/18/2019,0.47,2/15/2019,27.99,3/19/2019,13.9,4/15/2019,11.79,5/15/2019,5.76,6/14/2019,3.6,8/7/2019,13.67,8/14/2019,2.06,9/16/2019,8.42,10/16/2019,10.8,11/13/2019,17.96,12/17/2019,13.99,1/16/2020,20.95,2/18/2020,14.69,3/18/2020,0.13,4/15/2020,0.76,6/16/2020,68,6/16/2020,34.74,7/15/2020,21.73,8/14/2020,28.65,9/17/2020,12.99
,2/19/2015,6.45,3/19/2015,8.72,4/16/2015,2.39,5/18/2015,9,6/17/2015,2.81,7/16/2015,3.64,8/17/2015,5.39,9/17/2015,0.29,10/16/2015,13.02,,,12/17/2015,0.87,1/19/2016,0.03,2/19/2016,0.48,3/17/2016,11.8,4/15/2016,10.83,5/17/2016,2.56,6/16/2016,3.98,7/18/2016,7.43,8/17/2016,10.15,9/15/2016,2.63,10/18/2016,1.55,11/16/2016,4.82,12/16/2016,15.18,1/20/2017,8.35,2/17/2017,10.34,3/20/2017,10.74,4/17/2017,1.08,5/18/2017,4.07,6/15/2017,6.41,7/18/2017,4.2,8/17/2017,3.97,9/15/2017,4.15,10/18/2017,9.6,11/15/2017,6.38,12/18/2017,12.23,1/19/2018,17.01,2/16/2018,8.07,3/20/2018,0.67,4/17/2018,6.25,5/16/2018,15.98,6/15/2018,14.35,7/18/2018,9.46,8/17/2018,15.51,9/17/2018,10.15,10/18/2018,0.64,11/14/2018,0.29,12/19/2018,0.29,1/22/2019,0.22,2/19/2019,29.05,3/20/2019,13.32,4/16/2019,11.69,5/16/2019,6.9,6/17/2019,3.44,8/9/2019,19.15,8/15/2019,2.09,9/17/2019,8.63,10/17/2019,11.27,11/14/2019,18.07,12/18/2019,14.16,1/17/2020,22.17,2/19/2020,16.77,3/19/2020,0.12,4/16/2020,0.8,6/17/2020,66.2,6/17/2020,31.4,7/16/2020,20.47,8/17/2020,29.84,9/18/2020,10.12
,2/20/2015,7.3,3/20/2015,9.92,4/17/2015,1.37,5/19/2015,8.76,6/18/2015,4,7/17/2015,3.64,8/18/2015,4.95,9/18/2015,0.1,10/19/2015,12.34,,,12/18/2015,0.34,1/20/2016,0.03,2/22/2016,0.76,3/18/2016,11.95,4/18/2016,11.86,5/18/2016,2.48,6/17/2016,3.3,7/19/2016,7.31,8/18/2016,10.28,9/16/2016,2.14,10/19/2016,1.71,11/17/2016,5.43,12/20/2016,15.9,1/23/2017,8.16,2/21/2017,11.65,3/21/2017,8.6,4/18/2017,0.78,5/19/2017,4.83,6/16/2017,5.95,7/19/2017,5.3,8/18/2017,3.57,9/18/2017,4.34,10/19/2017,9.77,11/16/2017,7.69,12/19/2017,11.6,1/22/2018,18.6,2/20/2018,6.84,3/21/2018,0.55,4/18/2018,6.34,5/17/2018,15.94,6/19/2018,12.82,7/19/2018,8.7,8/20/2018,15.98,9/18/2018,11.26,10/19/2018,0.47,11/15/2018,0.41,12/20/2018,0.2,1/23/2019,0.2,2/20/2019,29,3/21/2019,16.19,4/17/2019,11.38,5/17/2019,5.96,6/18/2019,4.91,8/12/2019,15.75,8/16/2019,2.8,9/18/2019,8.58,10/18/2019,10.53,11/15/2019,20.02,12/19/2019,14.88,1/21/2020,21.58,2/20/2020,15.07,3/20/2020,0.07,4/17/2020,1.6,6/18/2020,64.94,6/18/2020,31.07,7/17/2020,20.67,8/18/2020,30.19,9/21/2020,7.76
,2/23/2015,7.14,3/23/2015,10.35,4/20/2015,1.77,5/20/2015,8.68,6/19/2015,3.09,7/20/2015,3.81,8/19/2015,3.76,9/21/2015,0.07,10/20/2015,12.8,,,12/21/2015,0.46,1/21/2016,0.02,2/23/2016,0.42,3/21/2016,12.06,4/19/2016,11.83,5/19/2016,2.18,6/20/2016,3.88,7/20/2016,8.03,8/19/2016,10.12,9/19/2016,2.08,10/20/2016,1.45,11/18/2016,4.99,12/22/2016,14.58,1/24/2017,9.44,2/22/2017,11.77,3/22/2017,8.43,4/19/2017,0.74,5/22/2017,5.53,6/19/2017,7.61,7/20/2017,5.28,8/21/2017,3.33,9/19/2017,4.54,10/20/2017,10.99,11/17/2017,7.17,12/20/2017,11.48,1/23/2018,19.8,2/21/2018,5.45,3/22/2018,0.22,4/19/2018,5.34,5/18/2018,15.36,6/21/2018,11.98,7/20/2018,8.35,8/21/2018,17.04,9/19/2018,11.51,10/22/2018,0.31,11/16/2018,0.33,12/21/2018,0.12,1/24/2019,0.15,2/21/2019,27.06,3/22/2019,12.16,4/18/2019,11.64,5/20/2019,4.72,6/19/2019,5.07,8/13/2019,18.62,8/19/2019,3.61,9/19/2019,8.43,10/21/2019,11.7,11/18/2019,19.94,12/20/2019,16.57,1/22/2020,22.29,2/21/2020,12.3,3/23/2020,0.06,4/20/2020,0.9,,,6/19/2020,28.08,7/20/2020,22.7,8/19/2020,28.63,9/22/2020,8.93
,2/24/2015,7.5,3/24/2015,8.71,4/21/2015,1.72,5/21/2015,9.07,6/22/2015,3.58,7/21/2015,3.29,8/20/2015,1.9,9/22/2015,0.05,10/21/2015,11.7,,,12/22/2015,0.61,1/22/2016,0.04,2/24/2016,0.66,3/22/2016,11.95,4/20/2016,12.73,5/20/2016,2.55,6/21/2016,4.35,7/21/2016,7.25,8/22/2016,9.71,9/20/2016,2.1,10/21/2016,1.24,11/21/2016,6.1,12/27/2016,16.12,1/25/2017,10.71,2/23/2017,11.73,3/23/2017,8.18,4/20/2017,1.11,5/23/2017,5.89,6/20/2017,6.6,7/21/2017,5.07,8/22/2017,4.72,9/20/2017,4.61,10/23/2017,9.95,11/20/2017,7.17,12/21/2017,11.61,1/24/2018,19.89,2/22/2018,5.55,3/23/2018,0.13,4/20/2018,4.15,5/21/2018,16.76,6/22/2018,12.94,7/23/2018,8.77,8/22/2018,16.21,9/20/2018,13.78,10/23/2018,0.31,11/19/2018,0.17,12/24/2018,0.08,1/25/2019,0.22,2/22/2019,29.3,3/25/2019,11.18,4/22/2019,11.76,5/21/2019,5.68,6/20/2019,6.92,8/14/2019,10.96,8/20/2019,2.64,9/20/2019,7.52,10/22/2019,10.88,11/19/2019,20.12,12/23/2019,16.71,1/23/2020,21.37,2/24/2020,6.58,3/24/2020,0.19,4/21/2020,0.39,,,6/23/2020,33.5,7/21/2020,22.56,8/20/2020,29.88,9/23/2020,5.26
,2/25/2015,7.25,3/25/2015,6.38,4/22/2015,2,5/22/2015,8.85,6/23/2015,3.66,7/22/2015,2.75,8/21/2015,0.92,9/23/2015,0.02,10/22/2015,14.64,,,12/23/2015,0.86,1/25/2016,0.03,2/25/2016,0.86,3/23/2016,10.74,4/21/2016,11.6,5/23/2016,2.13,6/22/2016,4.52,7/22/2016,8,8/23/2016,10.46,9/21/2016,2.91,10/24/2016,1.47,11/22/2016,6.48,12/29/2016,13.75,1/26/2017,10.77,2/24/2017,12.1,3/24/2017,8.09,4/21/2017,0.92,5/24/2017,6.38,6/21/2017,6.3,7/24/2017,4.97,8/23/2017,4.1,9/21/2017,4,10/24/2017,10.45,11/21/2017,8.57,12/22/2017,11.67,1/25/2018,20.2,2/23/2018,8.2,3/26/2018,0.27,4/23/2018,3.95,5/23/2018,16.58,6/25/2018,8.77,7/24/2018,9.58,8/24/2018,17.13,9/21/2018,13.25,10/24/2018,0.16,11/20/2018,0.09,12/26/2018,0.16,1/28/2019,0.1,2/25/2019,30.05,3/26/2019,11.9,4/23/2019,13.77,5/22/2019,4.95,6/21/2019,6.83,8/15/2019,10.83,8/21/2019,3.56,9/23/2019,7.58,10/23/2019,11.26,11/20/2019,18.87,12/24/2019,16.35,1/24/2020,18.74,2/25/2020,2.7,3/25/2020,0.15,4/22/2020,0.41,,,6/24/2020,25.14,7/22/2020,24.49,8/21/2020,30.9,9/24/2020,5.5
,2/26/2015,7.08,3/26/2015,5.84,4/23/2015,2.42,5/26/2015,6.66,6/24/2015,2.8,7/23/2015,2.28,8/24/2015,0.31,9/24/2015,0.04,10/23/2015,16.71,,,12/24/2015,0.74,1/26/2016,0.03,2/26/2016,0.78,3/24/2016,10.01,4/22/2016,11.48,5/24/2016,3.65,6/23/2016,5.68,7/25/2016,7.55,8/24/2016,9.5,9/22/2016,3.26,10/25/2016,1.31,11/23/2016,6.47,12/30/2016,12.78,1/27/2017,10.27,2/27/2017,12.46,3/27/2017,7.35,4/24/2017,1.15,5/25/2017,7.4,6/22/2017,6.11,7/25/2017,5.28,8/24/2017,3.86,9/22/2017,3.97,10/25/2017,9.3,11/22/2017,8.3,12/26/2017,11.26,1/26/2018,22.5,2/26/2018,11.2,3/27/2018,0.15,4/24/2018,2.44,5/24/2018,14.55,6/26/2018,9.8,7/25/2018,11.62,8/27/2018,19.49,9/24/2018,12.38,10/25/2018,0.23,11/21/2018,0.08,12/27/2018,0.21,1/29/2019,0.1,2/26/2019,29.74,3/27/2019,11.78,4/24/2019,14.01,5/23/2019,3.28,6/24/2019,6.11,8/16/2019,14.44,8/22/2019,3.38,9/24/2019,6.03,10/24/2019,11.57,11/21/2019,18.46,12/26/2019,18.15,1/27/2020,15.22,2/26/2020,2.06,3/26/2020,0.18,4/23/2020,0.36,,,6/25/2020,27.27,7/23/2020,20.81,8/24/2020,33.89,9/25/2020,7.59
,2/27/2015,6.5,3/27/2015,6.14,4/24/2015,2.57,5/27/2015,8.44,6/25/2015,2.56,7/24/2015,1.41,8/25/2015,0.12,9/25/2015,0.03,10/26/2015,16.46,,,12/28/2015,0.55,1/27/2016,0.02,2/29/2016,0.41,3/28/2016,10.98,4/25/2016,10.99,5/25/2016,4.43,6/24/2016,1.86,7/26/2016,7.57,8/25/2016,9.33,9/23/2016,2.6,10/26/2016,1.23,11/25/2016,7.23,1/5/2017,15.4,1/30/2017,8.88,2/28/2017,11.8,3/28/2017,8.79,4/25/2017,1.82,5/26/2017,7.26,6/23/2017,6.29,7/26/2017,5.35,8/25/2017,3.97,9/25/2017,3.67,10/26/2017,9.89,11/24/2017,8.93,12/27/2017,11.27,1/29/2018,22.56,2/27/2018,8.7,3/28/2018,0.16,4/25/2018,2.83,5/25/2018,15.55,6/27/2018,8.08,7/26/2018,11.49,8/28/2018,19.54,9/25/2018,11.92,10/26/2018,0.12,11/23/2018,0.06,12/28/2018,0.18,1/30/2019,0.25,2/27/2019,29.6,3/28/2019,11.91,4/25/2019,13.56,5/24/2019,3.54,6/25/2019,4.47,,,8/23/2019,1.38,9/25/2019,6.78,10/25/2019,12.56,11/22/2019,18.79,12/27/2019,18.12,1/28/2020,17.96,2/27/2020,0.63,3/27/2020,0.12,4/24/2020,0.37,,,6/26/2020,22.22,7/24/2020,19.53,8/25/2020,34.88,9/28/2020,10.77
,3/2/2015,7.37,3/30/2015,8.01,4/27/2015,2.17,5/28/2015,8.18,6/26/2015,2.61,7/27/2015,1.08,8/26/2015,0.36,9/28/2015,0.02,10/27/2015,15.61,,,12/29/2015,1.15,1/28/2016,0.03,3/1/2016,1.31,3/29/2016,12.13,4/26/2016,11.42,5/26/2016,4.4,6/27/2016,0.54,7/27/2016,7.21,8/26/2016,8.76,9/26/2016,1.96,10/27/2016,1.03,11/28/2016,6.35,1/6/2017,16.54,1/31/2017,8.89,3/1/2017,14.94,3/29/2017,9.17,4/26/2017,1.8,5/30/2017,7.05,6/26/2017,6.51,7/27/2017,5.1,8/28/2017,3.66,9/26/2017,3.58,10/27/2017,11.33,11/27/2017,8.86,12/28/2017,11.49,1/30/2018,18.57,2/28/2018,5.93,3/29/2018,0.23,4/26/2018,3.91,5/29/2018,12.18,6/28/2018,7.97,7/27/2018,9.58,8/29/2018,21.03,9/26/2018,10.92,10/29/2018,0.07,11/26/2018,0.07,12/31/2018,0.08,1/31/2019,0.42,2/28/2019,28.85,3/29/2019,13.68,4/26/2019,14.35,5/28/2019,2.39,6/26/2019,4.16,,,8/26/2019,1.93,9/26/2019,6.3,10/28/2019,14.06,11/25/2019,20.86,12/30/2019,16.36,1/29/2020,17.65,2/28/2020,0.79,3/30/2020,0.1,4/27/2020,0.41,,,6/29/2020,24.02,7/27/2020,20.77,8/26/2020,38.63,9/29/2020,9.76
,3/3/2015,6.65,3/31/2015,6.69,4/28/2015,2.42,5/29/2015,6.9,6/29/2015,1.07,7/28/2015,1.6,8/27/2015,0.91,9/29/2015,0.01,10/28/2015,18.08,,,12/30/2015,0.61,1/29/2016,0.03,3/2/2016,1.33,3/30/2016,13.58,4/27/2016,11.84,5/27/2016,5.06,6/28/2016,1.11,7/28/2016,7.55,8/29/2016,9.75,9/27/2016,2.3,10/28/2016,1.07,11/29/2016,6.51,1/11/2017,15.98,2/1/2017,8.99,3/2/2017,13.59,3/30/2017,9.43,4/27/2017,1.76,5/31/2017,6.99,6/27/2017,4.98,7/28/2017,4.75,8/29/2017,3.97,9/27/2017,4.23,10/30/2017,10.43,11/28/2017,11.12,12/29/2017,10.25,1/31/2018,18.87,3/1/2018,3.87,4/2/2018,0.08,4/27/2018,3.41,5/30/2018,15.2,6/29/2018,10.53,7/30/2018,8.09,8/30/2018,19.8,9/27/2018,12.02,10/30/2018,0.11,11/27/2018,0.08,1/2/2019,0.04,2/1/2019,0.26,3/1/2019,31.01,4/1/2019,16.32,4/29/2019,14.74,5/29/2019,1.48,6/27/2019,4.65,,,8/27/2019,1.49,9/27/2019,5.44,10/29/2019,13.8,11/26/2019,21.53,12/31/2019,16.51,1/30/2020,17.59,3/2/2020,1.09,3/31/2020,0.04,4/28/2020,0.3,,,6/30/2020,25.77,7/28/2020,19.3,8/27/2020,39.52,9/30/2020,10.17
,3/4/2015,5.87,4/1/2015,5.94,4/29/2015,1.82,6/1/2015,7.23,6/30/2015,1.08,7/29/2015,2.1,8/28/2015,0.83,9/30/2015,0.02,10/29/2015,18.34,,,12/31/2015,0.31,2/1/2016,0.03,3/3/2016,1.61,3/31/2016,12.94,4/28/2016,10.26,5/31/2016,4.95,6/29/2016,2.43,7/29/2016,7.93,8/30/2016,9.22,9/28/2016,2.7,10/31/2016,1.05,11/30/2016,6.21,1/12/2017,15.45,2/2/2017,8.83,3/3/2017,13.66,3/31/2017,9.9,4/28/2017,1.42,6/1/2017,8.65,6/28/2017,6.32,7/31/2017,4.93,8/30/2017,4.72,9/28/2017,4.38,10/31/2017,10.76,11/29/2017,11.19,1/2/2018,12.15,2/1/2018,18.14,3/2/2018,4.02,4/3/2018,0.07,4/30/2018,2.15,5/31/2018,14.32,7/2/2018,9.21,7/31/2018,9,8/31/2018,19.72,9/28/2018,11.6,10/31/2018,0.11,11/28/2018,0.3,1/3/2019,0.02,2/4/2019,0.27,3/4/2019,29.56,4/2/2019,16.76,4/30/2019,14.92,5/30/2019,1.55,6/28/2019,5.85,,,8/28/2019,1.92,9/30/2019,6.39,10/30/2019,14.77,11/27/2019,22.77,1/2/2020,17.45,1/31/2020,13.41,3/3/2020,0.47,4/1/2020,0.02,4/29/2020,0.92,,,7/1/2020,29.91,7/29/2020,21.91,8/28/2020,41.2,10/1/2020,12.53
,3/5/2015,6.13,4/2/2015,6.4,4/30/2015,1.1,6/2/2015,6.98,7/1/2015,1.43,7/30/2015,2.08,8/31/2015,0.45,10/1/2015,0.01,10/30/2015,17.11,,,1/4/2016,0.14,2/2/2016,0.01,3/4/2016,1.8,4/1/2016,13.05,4/29/2016,9.52,6/1/2016,4.91,6/30/2016,3.7,8/1/2016,7.35,8/31/2016,8.8,9/29/2016,2.06,11/1/2016,0.71,12/1/2016,5.45,1/19/2017,14.8,2/3/2017,10.6,3/6/2017,13.22,4/3/2017,8.12,5/1/2017,1.53,6/2/2017,9.41,6/29/2017,4.85,8/1/2017,4.97,8/31/2017,5.85,9/29/2017,4.9,11/1/2017,10.92,11/30/2017,13.34,1/3/2018,13.48,2/2/2018,12.88,3/5/2018,5.54,4/4/2018,0.09,5/1/2018,2.25,6/1/2018,17.03,7/3/2018,9.55,8/1/2018,8.53,9/4/2018,18.88,10/1/2018,12.4,11/1/2018,0.11,11/29/2018,0.29,1/4/2019,0.06,2/5/2019,0.35,3/5/2019,29.8,4/3/2019,17.07,5/1/2019,12.63,5/31/2019,0.75,7/1/2019,6.27,,,8/29/2019,3.01,10/1/2019,3.84,10/31/2019,13.95,11/29/2019,22.08,1/3/2020,17.34,2/3/2020,14.91,3/4/2020,1.62,4/2/2020,0.03,4/30/2020,0.54,,,7/2/2020,30.91,7/30/2020,20.97,8/31/2020,40.91,10/2/2020,10.15
,3/6/2015,3.75,4/6/2015,7.33,5/1/2015,1.65,6/3/2015,7.35,7/2/2015,1.37,7/31/2015,1.8,9/1/2015,0.17,10/2/2015,0.03,11/2/2015,19.5,,,1/5/2016,0.1,2/3/2016,0.01,3/7/2016,1.91,4/5/2016,11.56,5/2/2016,9.8,6/2/2016,5.41,7/1/2016,3.92,8/2/2016,6.37,9/1/2016,8.55,9/30/2016,2.66,11/2/2016,0.46,12/2/2016,5.38,1/20/2017,16.7,2/6/2017,10.16,3/7/2017,12,4/4/2017,8.85,5/2/2017,1.65,6/5/2017,9.13,6/30/2017,5.64,8/2/2017,4.97,9/1/2017,6.47,10/2/2017,5.88,11/2/2017,10.95,12/1/2017,13,1/4/2018,15.13,2/5/2018,6,3/6/2018,5.91,4/5/2018,0.08,5/2/2018,1.27,6/4/2018,18.15,7/5/2018,9.28,8/2/2018,9.9,9/5/2018,18.41,10/2/2018,12.39,11/2/2018,0.07,11/30/2018,0.31,1/7/2019,0.04,2/6/2019,0.21,3/6/2019,27.44,4/4/2019,17.74,5/2/2019,12.08,6/3/2019,0.62,7/2/2019,6.92,,,8/30/2019,2.98,10/2/2019,1.65,11/1/2019,16.5,12/2/2019,19.5,1/6/2020,17.97,2/4/2020,18.64,3/5/2020,0.61,4/3/2020,0.01,5/1/2020,0.13,,,7/6/2020,35.22,7/31/2020,22.55,9/1/2020,42.01,10/5/2020,13.43
,3/9/2015,4.11,4/7/2015,6.62,5/4/2015,1.89,6/4/2015,5.8,7/6/2015,0.84,8/3/2015,1.3,9/2/2015,0.14,10/5/2015,0.03,11/3/2015,20.04,,,1/6/2016,0.05,2/4/2016,0.01,3/8/2016,1.15,4/6/2016,13.21,5/3/2016,8.83,6/3/2016,4.81,7/5/2016,2.84,8/3/2016,6.52,9/2/2016,9.52,10/3/2016,2.18,11/3/2016,0.44,12/5/2016,6.22,,,2/7/2017,10.15,3/8/2017,11.8,4/5/2017,8.05,5/3/2017,1.41,6/6/2017,8.49,7/3/2017,5.26,8/3/2017,4.66,9/5/2017,4.6,10/3/2017,6.38,11/3/2017,11.72,12/4/2017,13.1,1/5/2018,16.7,2/6/2018,8.44,3/7/2018,6.12,4/6/2018,0.06,5/3/2018,1.19,6/6/2018,19.5,7/6/2018,12.09,8/3/2018,11.04,9/6/2018,18.03,10/3/2018,12.59,11/5/2018,0.07,12/3/2018,0.28,1/8/2019,0.05,2/7/2019,0.05,3/7/2019,25.13,4/5/2019,18.57,5/3/2019,14.63,6/4/2019,1.7,7/3/2019,8.65,,,9/3/2019,2.07,10/3/2019,2.46,11/4/2019,17.5,12/3/2019,17.45,1/7/2020,17.14,2/5/2020,21.58,3/6/2020,0.27,4/6/2020,0.02,5/4/2020,0.09,,,7/7/2020,32.54,8/3/2020,24.77,9/2/2020,48.6,10/6/2020,9.92
,3/10/2015,1.93,4/8/2015,7.5,5/5/2015,0.92,6/5/2015,5.53,7/7/2015,1.1,8/4/2015,0.95,9/3/2015,0.12,10/6/2015,0.03,11/4/2015,19.22,,,1/7/2016,0.02,2/5/2016,0.01,3/9/2016,1.4,4/7/2016,10.42,5/4/2016,7.69,6/6/2016,5.83,7/6/2016,3.61,8/4/2016,6.8,9/6/2016,10.2,10/4/2016,1.65,11/4/2016,0.44,12/6/2016,6.78,,,2/8/2017,10.34,3/9/2017,11.37,4/6/2017,9.02,5/4/2017,1.5,6/7/2017,8.72,7/5/2017,5.4,8/4/2017,4.88,9/6/2017,5.18,10/4/2017,6.54,11/6/2017,11.89,12/5/2017,11.54,1/8/2018,17.05,2/7/2018,6.23,3/8/2018,6.71,4/9/2018,0.03,5/4/2018,2.17,6/7/2018,20.72,7/9/2018,13.71,8/6/2018,11.93,9/7/2018,16.73,10/4/2018,10,11/6/2018,0.1,12/4/2018,0.06,1/9/2019,0.06,2/8/2019,0.02,3/8/2019,24.9,4/8/2019,18.86,5/6/2019,13.85,6/5/2019,2.3,7/5/2019,7.8,,,9/4/2019,3.05,10/4/2019,4,11/5/2019,17.27,12/4/2019,19.31,1/8/2020,18.94,2/6/2020,23.36,3/9/2020,0.11,4/7/2020,0.03,5/5/2020,0.1,,,7/8/2020,34.53,8/4/2020,25.66,9/3/2020,34.83,10/7/2020,14.29
,3/11/2015,1.65,4/9/2015,7.9,5/6/2015,0.64,6/8/2015,4.37,7/8/2015,0.45,8/5/2015,1.35,9/4/2015,0.05,10/7/2015,0.02,11/5/2015,19.21,,,1/8/2016,0.02,2/8/2016,0.01,3/10/2016,1.06,4/8/2016,11.17,5/5/2016,7.49,6/7/2016,5.85,7/7/2016,3.28,8/5/2016,8.33,9/7/2016,9.96,10/5/2016,1.92,11/7/2016,1.07,12/7/2016,9.34,,,2/9/2017,11.77,3/10/2017,12.65,4/7/2017,9.08,5/5/2017,2.1,6/8/2017,8.83,7/6/2017,3.94,8/7/2017,5.25,9/7/2017,5.05,10/5/2017,7.9,11/7/2017,11.61,12/6/2017,11.48,1/9/2018,18.06,2/8/2018,2.76,3/9/2018,10.81,4/10/2018,0.06,5/7/2018,2.38,6/8/2018,21,7/10/2018,14.6,8/7/2018,12.92,9/10/2018,17.55,10/5/2018,9.09,11/7/2018,0.21,12/6/2018,0.05,1/10/2019,0.04,2/11/2019,0.02,3/11/2019,28.5,4/9/2019,17.09,5/7/2019,10.15,6/6/2019,3.1,7/8/2019,6.58,,,9/5/2019,4.73,10/7/2019,2.98,11/6/2019,17.28,12/5/2019,19.44,1/9/2020,20.28,2/7/2020,22.01,3/10/2020,0.09,4/8/2020,0.02,5/6/2020,0.07,,,7/9/2020,32.81,8/5/2020,27.3,9/4/2020,34.19,10/8/2020,16.31
,3/12/2015,2.99,4/10/2015,8.9,5/7/2015,0.8,6/9/2015,4.16,7/9/2015,0.53,8/6/2015,0.88,9/8/2015,0.09,10/8/2015,0.04,11/6/2015,18.7,,,1/11/2016,0.01,2/9/2016,0.01,3/11/2016,2.45,4/11/2016,12.12,5/6/2016,8.07,6/8/2016,6.38,7/8/2016,5.61,8/8/2016,8.09,9/8/2016,9.65,10/6/2016,1.91,11/8/2016,1.28,12/8/2016,10.08,,,2/10/2017,12.7,3/13/2017,12.74,4/10/2017,8.63,5/8/2017,1.67,6/9/2017,8.02,7/7/2017,4.81,8/8/2017,4.73,9/8/2017,4.88,10/6/2017,7.65,11/8/2017,12.3,12/7/2017,11.93,1/11/2018,18.73,2/9/2018,2.83,3/12/2018,10.73,4/11/2018,0.04,5/8/2018,2.27,6/11/2018,22.2,7/11/2018,13.23,8/8/2018,13.01,9/11/2018,18.47,10/8/2018,9.11,11/8/2018,0.13,12/7/2018,0.03,1/11/2019,0.03,2/12/2019,0.08,3/12/2019,29.79,4/10/2019,18.35,5/8/2019,9.73,6/7/2019,5,7/9/2019,7.09,,,9/6/2019,4.88,10/8/2019,1.37,11/7/2019,18.1,12/6/2019,22.27,1/10/2020,20.01,2/10/2020,23.02,3/11/2020,0.06,4/9/2020,0.04,5/7/2020,0.06,,,7/10/2020,35.7,8/6/2020,29.95,9/8/2020,24.42,10/9/2020,18.73
,3/13/2015,1.9,4/13/2015,8.9,5/8/2015,1.41,6/10/2015,6.46,7/10/2015,0.78,8/7/2015,0.6,9/9/2015,0.05,10/9/2015,0.02,11/9/2015,17.25,,,1/12/2016,0.01,2/10/2016,0.01,3/14/2016,2.14,4/12/2016,12.79,5/9/2016,8.22,6/9/2016,6.23,7/11/2016,6.57,8/9/2016,8.32,9/9/2016,4.75,10/7/2016,1.32,11/9/2016,1.52,12/9/2016,11.38,,,2/13/2017,13.89,3/14/2017,12.1,4/11/2017,8.37,5/9/2017,1.49,6/12/2017,8.31,7/10/2017,5.23,8/9/2017,4.74,9/11/2017,7.28,10/9/2017,7.19,11/9/2017,10.76,12/8/2017,13.34,1/12/2018,20.91,2/12/2018,3.57,3/13/2018,8.44,4/12/2018,0.03,5/9/2018,3.62,6/12/2018,21.76,7/12/2018,15.25,8/9/2018,12.17,9/12/2018,18.36,10/9/2018,8.42,11/9/2018,0.04,12/10/2018,0.02,1/14/2019,0.01,2/13/2019,0.09,3/13/2019,31.24,4/11/2019,18.15,5/9/2019,8.7,6/10/2019,5.6,7/10/2019,8.03,,,9/9/2019,4.62,10/9/2019,1.9,11/8/2019,19.16,12/9/2019,21.82,1/13/2020,21.22,2/11/2020,24.86,3/12/2020,0.03,4/13/2020,0.01,5/8/2020,0.08,,,7/13/2020,40.12,8/7/2020,28.9,9/9/2020,30.41,10/12/2020,24.3
,3/16/2015,3.63,4/14/2015,8.5,5/11/2015,0.8,6/11/2015,6.7,7/13/2015,1.12,8/10/2015,1.22,9/10/2015,0.04,10/12/2015,0.01,11/10/2015,17.45,,,1/13/2016,0.01,2/11/2016,0.01,3/15/2016,1.88,4/13/2016,14.4,5/10/2016,10.33,6/10/2016,4.45,7/12/2016,8,8/10/2016,7.58,9/12/2016,7.84,10/10/2016,1.56,11/10/2016,1.62,12/12/2016,11.31,,,2/14/2017,14.66,3/15/2017,13.92,4/12/2017,7.26,5/10/2017,1.63,6/13/2017,9.45,7/11/2017,4.69,8/10/2017,2.69,9/12/2017,7.85,10/10/2017,7.61,11/10/2017,11.26,12/11/2017,14.41,1/16/2018,20.83,2/13/2018,3.85,3/14/2018,7.37,4/13/2018,0.02,5/10/2018,5.45,6/13/2018,21.37,7/16/2018,15.5,8/10/2018,10.61,9/13/2018,19.57,10/10/2018,2.5,11/12/2018,0.01,12/11/2018,0.02,1/15/2019,0.01,2/14/2019,0.03,3/14/2019,31.16,4/12/2019,20.18,5/10/2019,8.92,6/11/2019,5.29,7/11/2019,8.15,,,9/10/2019,4.55,10/10/2019,2.83,11/11/2019,18.56,12/10/2019,21.28,1/14/2020,21.62,2/13/2020,26.41,3/13/2020,0.03,4/14/2020,0.01,5/11/2020,0.05,,,7/14/2020,35.31,8/10/2020,30.46,9/10/2020,25,10/13/2020,23.36
,3/17/2015,3.4,4/15/2015,9.75,5/12/2015,0.63,6/12/2015,5.19,7/14/2015,1.39,8/11/2015,0.62,9/11/2015,0.04,10/13/2015,0.01,11/11/2015,16.82,,,1/14/2016,0.01,2/12/2016,0.01,3/16/2016,2.4,4/14/2016,15.1,5/11/2016,9.02,6/13/2016,2.98,7/13/2016,7.95,8/11/2016,8.74,9/13/2016,4.57,10/11/2016,0.74,11/11/2016,1.24,12/13/2016,12.72,,,2/15/2017,16.02,3/16/2017,13.38,4/13/2017,6.08,5/11/2017,1.35,6/14/2017,9.32,7/12/2017,6.15,8/11/2017,2.5,9/13/2017,8.15,10/11/2017,8.15,11/13/2017,11.52,12/12/2017,14.89,1/17/2018,22.03,2/14/2018,6.12,3/15/2018,7.37,4/16/2018,0.02,5/11/2018,6.15,6/14/2018,21.7,7/18/2018,16.96,8/13/2018,10.31,9/14/2018,19.52,10/11/2018,1.54,11/13/2018,0.01,12/12/2018,0.02,1/16/2019,0.01,2/15/2019,0.01,3/15/2019,31.07,4/15/2019,19.89,5/13/2019,3.38,6/12/2019,4.63,7/12/2019,9.82,,,9/11/2019,6.2,10/11/2019,4.02,11/12/2019,18.74,12/11/2019,20.97,1/15/2020,22.75,2/14/2020,26.02,3/16/2020,0.01,4/15/2020,0.01,5/12/2020,0.02,,,7/15/2020,39.91,8/11/2020,27.86,9/11/2020,24.29,10/14/2020,20
,3/18/2015,5.6,4/16/2015,9.88,5/13/2015,0.41,6/15/2015,4.41,7/15/2015,1.4,8/12/2015,0.73,9/14/2015,0.01,10/14/2015,0.01,11/12/2015,14.97,,,1/15/2016,0.01,2/16/2016,0.01,3/17/2016,3.6,4/15/2016,14.75,5/12/2016,8.69,6/14/2016,2.38,7/14/2016,9.08,8/12/2016,8.54,9/14/2016,4.25,10/12/2016,0.62,11/14/2016,0.92,12/14/2016,10.78,,,2/16/2017,15.47,3/17/2017,12.78,4/17/2017,7.54,5/12/2017,0.98,6/15/2017,8.75,7/13/2017,6.65,8/14/2017,3.98,9/14/2017,8.11,10/12/2017,7.61,11/14/2017,10.64,12/13/2017,14.84,1/18/2018,22.12,2/15/2018,9.29,3/16/2018,6.25,4/17/2018,0.02,5/14/2018,5.91,6/15/2018,19.45,7/19/2018,15.97,8/14/2018,10.94,9/17/2018,18.65,10/12/2018,1.24,11/14/2018,0.01,12/13/2018,0.01,1/17/2019,0.02,,,,,4/16/2019,19.96,5/14/2019,4.6,6/13/2019,5.55,7/15/2019,9.89,,,9/12/2019,7.08,10/14/2019,3.2,11/13/2019,19.24,12/12/2019,24.42,1/16/2020,23.9,2/18/2020,25.78,3/17/2020,0.01,4/16/2020,0.01,5/13/2020,0.01,,,7/16/2020,37.6,8/12/2020,33.27,9/14/2020,28.46,10/15/2020,19.99
,3/19/2015,4.58,4/17/2015,6.47,5/14/2015,1.51,6/16/2015,5.47,7/16/2015,2.26,8/13/2015,0.49,9/15/2015,0.02,10/15/2015,0.01,11/13/2015,11.75,,,,,2/17/2016,0.01,3/18/2016,3.16,,,5/13/2016,6.98,6/15/2016,1.87,7/15/2016,8.7,8/15/2016,9.11,9/15/2016,6.26,10/13/2016,0.45,11/15/2016,1.82,12/15/2016,12.03,,,2/17/2017,16.02,,,4/18/2017,7.05,5/15/2017,1.43,6/16/2017,7.45,7/14/2017,7.67,8/15/2017,3.76,9/15/2017,7.21,10/13/2017,8.04,11/15/2017,9.94,12/14/2017,13.67,1/19/2018,23.25,2/16/2018,9.25,,,4/18/2018,0.01,5/15/2018,4.48,,,7/20/2018,15.94,8/15/2018,8.85,9/18/2018,20.36,10/15/2018,0.37,11/15/2018,0.01,12/14/2018,0.01,1/18/2019,0.01,,,,,4/17/2019,19.5,5/15/2019,5.49,6/14/2019,5,7/16/2019,9.08,,,9/13/2019,6.58,10/15/2019,5.4,11/14/2019,19.45,12/13/2019,24.57,1/17/2020,25.64,2/19/2020,27.52,3/18/2020,0.01,4/17/2020,0.01,5/14/2020,0.01,,,7/17/2020,40,8/13/2020,32.07,9/15/2020,29.43,10/16/2020,20.27
,3/20/2015,5.2,,,5/15/2015,1.38,6/17/2015,5.49,7/17/2015,2.43,8/14/2015,0.56,9/16/2015,0.04,10/16/2015,0.01,11/16/2015,14.51,,,,,2/18/2016,0.01,,,,,5/16/2016,8.91,6/16/2016,2.45,,,8/16/2016,8.05,9/16/2016,4.35,10/14/2016,0.29,11/16/2016,1.16,12/16/2016,10.02,,,,,,,4/19/2017,6.32,5/16/2017,1.3,,,7/17/2017,7.7,8/16/2017,3.97,,,10/16/2017,8.37,11/16/2017,11.58,12/15/2017,14.3,,,,,,,4/19/2018,0.01,5/16/2018,5.3,,,,,8/16/2018,11.16,9/19/2018,20.39,10/16/2018,2.37,11/16/2018,0.01,12/17/2018,0.01,,,,,,,4/18/2019,19.93,5/16/2019,7.65,6/17/2019,5.01,7/17/2019,7.01,,,9/16/2019,5.75,10/16/2019,4.8,11/15/2019,21.64,12/16/2019,26.73,,,2/20/2020,25.38,3/19/2020,0.01,,,,,,,,,8/14/2020,31.5,9/16/2020,28.86,,
,,,,,,,6/18/2015,7.81,,,8/17/2015,0.68,9/17/2015,0.01,,,11/17/2015,14.68,,,,,2/19/2016,0.01,,,,,5/17/2016,6.91,6/17/2016,0.29,,,8/17/2016,8.52,,,10/17/2016,0.15,11/17/2016,1.95,,,,,,,,,4/20/2017,8.59,5/17/2017,0.08,,,7/18/2017,7.66,8/17/2017,0.87,,,10/17/2017,8.5,11/17/2017,11.09,,,,,,,,,4/20/2018,0.01,5/17/2018,5.05,,,,,8/17/2018,12.22,9/20/2018,22.67,10/17/2018,2,,,12/18/2018,0.01,,,,,,,,,5/17/2019,5.9,6/18/2019,7.81,7/18/2019,7.88,,,9/17/2019,6.21,10/17/2019,5.26,,,12/17/2019,27.25,,,2/21/2020,22.6,3/20/2020,0.01,,,,,,,,,8/17/2020,32.83,9/17/2020,26.13,,
,,,,,,,6/19/2015,5.9,,,8/18/2015,0.4,9/18/2015,0.01,,,11/18/2015,17.63,,,,,,,,,,,5/18/2016,6.37,,,,,8/18/2016,8.83,,,10/18/2016,0.13,11/18/2016,1.59,,,,,,,,,4/21/2017,7.6,5/18/2017,0.05,,,7/19/2017,9,8/18/2017,0.02,,,10/18/2017,8.74,,,,,,,,,,,,,5/18/2018,4.38,,,,,,,9/21/2018,21.99,10/18/2018,0.15,,,12/20/2018,0.01,,,,,,,,,,,6/19/2019,8.3,7/19/2019,6.13,,,9/18/2019,6.27,10/18/2019,4.4,,,12/18/2019,26.72,,,,,,,,,,,,,,,8/18/2020,33.76,9/18/2020,20.2,,
,,,,,,,,,,,8/19/2015,0.06,,,,,11/19/2015,17.59,,,,,,,,,,,5/19/2016,6.35,,,,,8/19/2016,8.62,,,10/19/2016,0.13,,,,,,,,,,,,,5/19/2017,0.01,,,7/20/2017,9.1,,,,,10/19/2017,8.9,,,,,,,,,,,,,,,,,,,,,,,10/19/2018,0.01,,,12/21/2018,0.01,,,,,,,,,,,6/20/2019,10.78,,,,,9/19/2019,6.02,,,,,12/19/2019,27.74,,,,,,,,,,,,,,,8/19/2020,32.05,,,,
,,,,,,,,,,,8/20/2015,0.02,,,,,11/20/2015,18.41,,,,,,,,,,,5/20/2016,7.13,,,,,,,,,10/20/2016,0.03,,,,,,,,,,,,,,,,,7/21/2017,8.84,,,,,10/20/2017,9.93,,,,,,,,,,,,,,,,,,,,,,,,,,,,,,,,,,,,,,,6/21/2019,9.05,,,,,9/20/2019,2.77,,,,,12/20/2019,28.17,,,,,,,,,,,,,,,8/20/2020,33.05,,,,
,,,,,,,,,,,8/21/2015,0.01,,,,,,,,,,,,,,,,,,,,,,,,,,,10/21/2016,0.01,,,,,,,,,,,,,,,,,,,,,,,,,,,,,,,,,,,,,,,,,,,,,,,,,,,,,,,,,,,,,,,,,,,,,,,,,,,,,,,,,,,,,,,,,,,8/21/2020,34.73,,,,
