,XLI 3/20/15 C56,,XLI 4/17/15 C55,,XLI 5/15/15 C58,,XLI 6/19/15 C55,,XLI 7/17/15 C56,,XLI 8/21/15 C56,,XLI 9/18/15 C54,,XLI 10/16/15 C53,,XLI 11/20/15 C49,,XLI 12/18/15 C49,,XLI 1/15/16 C54,,XLI 2/19/16 C55,,XLI 3/18/16 C52,,XLI 4/15/16 C49,,XLI 5/20/16 C53,,XLI 6/17/16 C55,,XLI 7/15/16 C56,,XLI 8/19/16 C55,,XLI 9/16/16 C56,,XLI 10/21/16 C57,,XLI 11/18/16 C58,,XLI 12/16/16 C58,,XLI 1/20/17 C56,,XLI 2/17/17 C62,,XLI 3/17/17 C62,,XLI 4/21/17 C63,,XLI 5/19/17 C66,,XLI 6/16/17 C64,,XLI 7/21/17 C66,,XLI 8/18/17 C67,,XLI 9/15/17 C68,,XLI 10/20/17 C68,,XLI 11/17/17 C68,,XLI 12/15/17 C71,,XLI 1/19/18 C71,,XLI 2/16/18 C73,,XLI 3/16/18 C76,,XLI 4/20/18 C79,,XLI 5/18/18 C75,,XLI 6/15/18 C72,,XLI 7/20/18 C71,,XLI 8/17/18 C75,,XLI 9/21/18 C71,,XLI 10/19/18 C75,,XLI 11/16/18 C77,,XLI 12/21/18 C79,,XLI 1/18/19 C71,,XLI 2/15/19 C73,,XLI 3/15/19 C64,,XLI 4/18/19 C71,,XLI 5/17/19 C76,,XLI 6/21/19 C76,,XLI 7/19/19 C77,,XLI 8/16/19 C72,,XLI 9/20/19 C77,,XLI 10/18/19 C76,,XLI 11/15/19 C74,,XLI 12/20/19 C75,,XLI 1/17/20 C80,,XLI 2/21/20 C80,,XLI 3/20/20 C83,,XLI 4/17/20 C81,,XLI 5/15/20 C75,,XLI 6/19/20 C56,,XLI 7/17/20 C62,,XLI 8/21/20 C67,,XLI 9/18/20 C68,,XLI 10/16/20 C72,
0,1/2/2015,1.88,2/24/2015,3.4,3/23/2015,0.6,4/9/2015,2.1,5/19/2015,1.76,6/22/2015,1.18,7/6/2015,1.48,8/25/2015,0.48,9/21/2015,3.25,10/1/2015,2.28,11/5/2015,1.87,12/22/2015,0.4,1/4/2016,1.76,4/13/2016,6.45,3/22/2016,3.09,4/5/2016,1.5,5/23/2016,0.68,6/21/2016,2.26,7/1/2016,1.78,8/3/2016,1.85,9/19/2016,0.88,10/3/2016,1.68,11/1/2016,2.25,12/19/2016,2.01,1/3/2017,2.03,2/23/2017,3.15,3/20/2017,1.25,4/3/2017,2.12,5/22/2017,1.6,6/19/2017,2.76,7/12/2017,2.32,8/21/2017,0.97,9/20/2017,2.93,10/2/2017,1.59,11/1/2017,1.87,12/19/2017,2.99,1/2/2018,1.67,2/20/2018,1,3/19/2018,2.68,4/2/2018,3,5/1/2018,2.65,6/1/2018,2.17,7/2/2018,2.78,8/1/2018,3.01,9/4/2018,1.98,10/1/2018,2.19,11/1/2018,2.58,12/24/2018,0.09,1/3/2019,2.34,2/4/2019,3.11,3/4/2019,2.63,4/1/2019,2.72,5/2/2019,2.38,7/10/2019,5.05,7/1/2019,2.6,8/19/2019,1.78,9/30/2019,4.7,10/2/2019,2.4,11/1/2019,2.16,12/24/2019,3.1,1/2/2020,2.12,2/24/2020,2.54,3/27/2020,0.31,4/17/2020,9.01,5/15/2020,2.07,6/11/2020,4.9,7/6/2020,4.75,8/21/2020,5.8
,1/5/2015,1.6,2/25/2015,3.4,3/30/2015,0.43,4/13/2015,2.44,5/27/2015,1.29,6/23/2015,1.07,7/10/2015,1.61,8/27/2015,0.79,9/28/2015,1.8,10/5/2015,3.4,11/6/2015,1.82,12/23/2015,0.55,1/5/2016,1.73,,,3/28/2016,2.8,4/6/2016,1.38,5/25/2016,0.99,6/22/2016,2.18,7/5/2016,1.45,8/5/2016,2.19,9/20/2016,0.92,10/4/2016,1.51,11/3/2016,1.92,12/20/2016,2.27,1/4/2017,2.21,2/24/2017,2.99,3/21/2017,0.84,4/4/2017,2.25,5/24/2017,1.65,7/13/2017,2.51,7/13/2017,2.22,8/22/2017,1.25,9/27/2017,3.26,10/3/2017,1.88,11/2/2017,2,12/20/2017,3.2,1/3/2018,1.92,2/21/2018,1.12,3/22/2018,1.87,4/3/2018,3.7,5/2/2018,2.38,6/4/2018,2.19,7/3/2018,2.99,8/2/2018,2.7,9/5/2018,2.21,10/2/2018,2.28,11/2/2018,2.65,1/2/2019,0.09,1/4/2019,2.89,2/15/2019,5.25,3/5/2019,1.95,4/2/2019,2.63,5/6/2019,2.53,8/5/2019,2.59,7/3/2019,2.63,8/20/2019,1.52,10/1/2019,3.49,10/3/2019,2.02,11/4/2019,2.82,1/2/2020,3.4,1/3/2020,2.44,2/25/2020,1.33,3/31/2020,0.2,5/12/2020,5.86,5/18/2020,4.07,6/15/2020,5.16,7/8/2020,4.04,8/25/2020,6.55
,1/7/2015,1.17,2/27/2015,3,4/6/2015,0.24,4/15/2015,2.55,5/28/2015,1.22,6/24/2015,0.84,7/21/2015,1.48,8/31/2015,0.77,9/29/2015,1.76,10/19/2015,3.85,11/9/2015,1.56,12/28/2015,0.48,1/6/2016,1.4,,,3/30/2016,3.15,4/7/2016,1.25,5/26/2016,0.9,6/24/2016,1.47,7/7/2016,1.6,8/8/2016,2.14,9/21/2016,1,10/5/2016,1.65,11/7/2016,2.52,12/21/2016,2.14,1/5/2017,2.02,2/27/2017,3.43,3/22/2017,0.8,4/5/2017,2.55,5/25/2017,1.93,7/14/2017,2.9,7/14/2017,2.25,8/23/2017,0.97,10/3/2017,3.83,10/4/2017,1.93,11/3/2017,1.97,12/21/2017,3.04,1/4/2018,2.33,2/22/2018,1.11,3/23/2018,1.46,4/5/2018,4.4,5/3/2018,2.58,6/5/2018,2.06,7/5/2018,2.81,8/3/2018,2.34,9/6/2018,2.5,10/3/2018,2.66,11/5/2018,2.83,1/4/2019,0.09,1/16/2019,4.96,2/19/2019,5.07,3/6/2019,1.87,4/3/2019,2.49,5/7/2019,1.99,8/6/2019,2.88,7/5/2019,2.45,8/21/2019,1.64,10/2/2019,2.48,10/7/2019,2.85,11/5/2019,2.88,1/6/2020,3.54,1/6/2020,2.17,2/26/2020,1.17,4/7/2020,0.04,5/15/2020,4.8,5/20/2020,4.43,6/16/2020,6.95,7/9/2020,3.56,9/8/2020,6.41
,1/8/2015,1.5,3/3/2015,2.98,4/10/2015,0.44,4/16/2015,2.33,5/29/2015,1.08,6/25/2015,0.7,7/22/2015,1.18,9/2/2015,0.5,10/1/2015,2.14,10/22/2015,5.8,11/16/2015,1.22,12/29/2015,0.65,1/7/2016,0.96,,,3/31/2016,3.1,4/11/2016,1.45,5/27/2016,0.92,6/27/2016,0.86,7/8/2016,2.15,8/9/2016,2.14,9/22/2016,1.37,10/6/2016,1.63,11/8/2016,3.1,12/22/2016,2.01,1/6/2017,2.3,2/28/2017,3.15,3/23/2017,0.93,4/7/2017,2.31,5/26/2017,2.01,7/19/2017,2.48,7/17/2017,2.2,8/24/2017,0.84,10/4/2017,3.95,10/5/2017,2.03,11/6/2017,1.97,12/22/2017,3.05,1/5/2018,2.55,2/23/2018,1.04,3/26/2018,1.97,4/6/2018,3.6,5/4/2018,2.89,6/6/2018,2.21,7/6/2018,2.98,8/6/2018,2.56,9/7/2018,2.19,10/4/2018,2.47,11/6/2018,3.15,1/7/2019,0.11,1/18/2019,6.65,2/21/2019,5.35,3/7/2019,1.28,4/4/2019,2.83,5/8/2019,2.11,8/7/2019,2.93,7/8/2019,2.2,8/22/2019,1.66,10/3/2019,2.51,10/8/2019,2.48,11/6/2019,2.8,1/7/2020,3.65,1/7/2020,2.3,2/27/2020,0.8,4/9/2020,0.1,5/26/2020,10.75,5/26/2020,5.45,6/22/2020,4.9,7/10/2020,3.65,9/10/2020,5.62
,1/12/2015,1.26,3/4/2015,2.37,4/13/2015,0.31,4/17/2015,2,6/1/2015,0.98,6/26/2015,0.68,7/23/2015,0.93,9/3/2015,0.58,10/2/2015,1.75,11/3/2015,6,11/17/2015,1.5,12/30/2015,0.49,1/8/2016,0.77,,,4/1/2016,2.79,4/13/2016,1.97,5/31/2016,0.88,6/28/2016,0.8,7/11/2016,2.47,8/15/2016,2.55,9/23/2016,1.09,10/7/2016,1.28,11/9/2016,4.15,12/23/2016,2,1/10/2017,2.04,3/3/2017,3.5,3/24/2017,0.73,4/10/2017,2.44,5/30/2017,1.91,7/21/2017,1.69,7/18/2017,2.1,8/25/2017,0.94,10/17/2017,4.08,10/6/2017,1.85,11/7/2017,1.95,12/27/2017,3.25,1/8/2018,2.92,2/26/2018,1.52,3/27/2018,1.59,4/9/2018,3.5,5/7/2018,3.22,6/7/2018,2.49,7/9/2018,3.8,8/9/2018,2.35,9/10/2018,2.64,10/5/2018,2.19,11/7/2018,3.7,1/9/2019,0.15,1/22/2019,5.4,2/22/2019,5.44,3/8/2019,1.17,4/5/2019,2.88,5/9/2019,1.6,8/8/2019,3.9,7/9/2019,1.91,8/23/2019,1.17,10/7/2019,2.7,10/9/2019,2.49,11/7/2019,3.3,1/9/2020,4.07,1/8/2020,2.51,2/28/2020,0.69,4/13/2020,0.02,6/4/2020,16.12,6/15/2020,7.86,6/23/2020,5,7/15/2020,6.1,9/14/2020,6.82
,1/13/2015,1.13,3/6/2015,1.96,4/15/2015,0.29,4/21/2015,2.19,6/3/2015,1.12,7/1/2015,0.51,7/24/2015,0.71,9/9/2015,0.58,10/5/2015,2.6,11/5/2015,6.1,11/18/2015,1.5,12/31/2015,0.42,1/11/2016,0.65,,,4/11/2016,2.63,4/15/2016,1.95,6/1/2016,0.88,6/29/2016,1.2,7/12/2016,2.76,8/25/2016,2.36,9/26/2016,1.06,10/10/2016,1.21,11/10/2016,5.3,12/30/2016,1.6,1/11/2017,2.17,3/8/2017,2.9,3/27/2017,0.61,4/11/2017,2.25,5/31/2017,1.93,7/27/2017,1.68,7/19/2017,2.01,8/28/2017,0.87,10/20/2017,4.65,10/9/2017,1.9,11/8/2017,1.83,12/29/2017,3.5,1/9/2018,3.37,2/27/2018,1.58,3/28/2018,1.52,4/10/2018,3.7,5/8/2018,3.58,6/8/2018,2.56,7/11/2018,3.2,8/13/2018,1.73,9/12/2018,2.6,10/8/2018,2.05,11/8/2018,3.7,1/10/2019,0.2,1/24/2019,5.95,2/25/2019,5.98,3/11/2019,1.32,4/8/2019,2.47,5/10/2019,1.94,8/12/2019,2.7,7/10/2019,1.87,8/26/2019,1.06,10/8/2019,2.2,10/10/2019,2.84,11/8/2019,3.09,1/10/2020,3.71,1/9/2020,2.48,3/2/2020,0.61,4/28/2020,0.02,,,6/19/2020,7.72,6/24/2020,3.8,7/17/2020,6,9/15/2020,7.42
,1/15/2015,1,3/9/2015,2.34,4/17/2015,0.1,4/22/2015,2.18,6/4/2015,0.85,7/2/2015,0.5,7/27/2015,0.58,9/11/2015,0.51,10/7/2015,3.76,11/23/2015,6.3,11/20/2015,2.02,1/4/2016,0.2,1/12/2016,0.62,,,4/13/2016,2.95,4/18/2016,2.02,6/2/2016,0.8,6/30/2016,1.62,7/13/2016,2.82,8/26/2016,2.22,9/27/2016,1.14,10/11/2016,0.89,11/11/2016,5.1,1/3/2017,1.62,1/12/2017,2.08,3/9/2017,2.72,3/28/2017,0.77,4/13/2017,1.72,6/1/2017,2.19,7/31/2017,1.8,7/20/2017,1.88,8/29/2017,1.02,10/23/2017,4.94,10/10/2017,1.92,11/9/2017,1.38,1/3/2018,3.64,1/10/2018,3.5,2/28/2018,0.95,3/29/2018,1.88,4/11/2018,3.25,5/9/2018,4.15,6/11/2018,2.79,7/13/2018,4,8/14/2018,2.05,9/13/2018,2.77,10/9/2018,1.96,11/9/2018,3,1/11/2019,0.16,1/25/2019,6.59,3/4/2019,5.33,3/12/2019,1.09,4/9/2019,2.09,5/13/2019,1.06,8/14/2019,1.48,7/11/2019,2.07,8/27/2019,1.04,10/9/2019,2.11,10/11/2019,4,11/11/2019,2.87,1/13/2020,4.15,1/10/2020,2.12,3/3/2020,0.51,4/30/2020,0.02,,,6/24/2020,5.81,6/26/2020,3.37,7/20/2020,5.2,9/17/2020,7.5
,1/16/2015,0.92,3/17/2015,1.99,4/20/2015,0.16,4/27/2015,2.2,6/5/2015,0.84,7/6/2015,0.44,7/28/2015,0.91,9/14/2015,0.45,10/23/2015,5.65,12/17/2015,4.2,11/23/2015,1.81,1/5/2016,0.23,1/14/2016,0.65,,,4/14/2016,3.35,4/19/2016,2.26,6/3/2016,0.81,7/6/2016,1.58,7/14/2016,3.24,8/29/2016,2.39,9/28/2016,1.32,10/12/2016,0.97,11/14/2016,5.61,1/5/2017,1.7,1/13/2017,2.13,3/10/2017,2.89,3/29/2017,0.74,4/17/2017,1.94,6/2/2017,2.77,8/3/2017,1.56,7/21/2017,1.74,8/30/2017,1.2,10/25/2017,4.81,10/11/2017,1.8,11/10/2017,1.4,1/4/2018,4.48,1/11/2018,4.1,3/1/2018,0.54,4/2/2018,1.17,4/12/2018,3.95,5/10/2018,4.4,6/12/2018,2.65,7/16/2018,3.66,8/15/2018,1.66,9/14/2018,3.01,10/10/2018,1.03,11/12/2018,2.96,1/14/2019,0.11,1/29/2019,7,3/6/2019,4.71,3/13/2019,1.22,4/10/2019,2,5/14/2019,1.32,8/15/2019,1.03,7/12/2019,2.65,8/29/2019,1.67,10/10/2019,2.75,10/14/2019,3.2,11/12/2019,3.1,1/14/2020,4.42,1/13/2020,2.4,3/4/2020,0.55,5/8/2020,0.01,,,6/26/2020,5.26,6/29/2020,4.13,7/22/2020,6.25,9/18/2020,7.11
,1/20/2015,1.1,3/20/2015,2.48,4/21/2015,0.13,4/28/2015,1.9,6/8/2015,0.71,7/7/2015,0.42,7/29/2015,1.2,9/15/2015,0.42,11/12/2015,5.4,,,11/24/2015,1.71,1/6/2016,0.17,1/20/2016,0.19,,,4/15/2016,3.23,4/20/2016,2.2,6/6/2016,1.11,7/7/2016,1.88,7/19/2016,3.07,8/30/2016,2.27,9/29/2016,1.25,10/13/2016,0.98,11/17/2016,5.33,1/6/2017,1.64,1/17/2017,1.76,3/14/2017,2.41,3/30/2017,0.81,4/18/2017,1.91,6/5/2017,2.43,8/4/2017,1.9,7/24/2017,1.63,8/31/2017,1.32,10/30/2017,4.1,10/13/2017,2.12,11/13/2017,1.2,1/5/2018,4.6,1/12/2018,4.75,3/2/2018,0.45,4/3/2018,1.47,4/16/2018,3.95,5/11/2018,4.47,6/13/2018,2.41,7/18/2018,4.25,8/16/2018,2.21,9/17/2018,3.03,10/11/2018,0.69,11/13/2018,2.6,1/17/2019,0.11,1/30/2019,7.9,3/8/2019,3.45,3/15/2019,1.03,4/11/2019,2.33,5/15/2019,1.26,,,7/15/2019,2.68,8/30/2019,1.88,10/11/2019,4.14,10/15/2019,3.95,11/13/2019,2.98,1/17/2020,4.78,1/14/2020,2.55,3/5/2020,0.38,,,,,6/29/2020,6.5,6/30/2020,4.61,7/23/2020,6.1,10/7/2020,7.7
,1/21/2015,1.2,3/25/2015,1.41,4/30/2015,0.05,4/29/2015,1.68,6/9/2015,0.62,7/8/2015,0.27,7/30/2015,1.17,9/16/2015,0.66,11/13/2015,4.6,,,11/25/2015,1.65,1/11/2016,0.11,1/21/2016,0.26,,,4/18/2016,3.41,4/21/2016,2.12,6/7/2016,1.25,7/14/2016,3.8,7/21/2016,2.82,8/31/2016,2.09,9/30/2016,1.31,10/14/2016,1.08,11/21/2016,5.75,1/9/2017,1.12,1/18/2017,1.9,3/15/2017,3.05,3/31/2017,0.82,4/19/2017,2.02,6/6/2017,2,8/7/2017,2.04,7/25/2017,1.5,9/1/2017,1.38,10/31/2017,4,10/19/2017,1.74,11/14/2017,1.08,1/9/2018,5.71,1/16/2018,4.26,3/5/2018,0.57,4/4/2018,1.6,4/17/2018,4.35,5/14/2018,4.5,6/14/2018,2.08,7/19/2018,4.25,8/17/2018,2.6,9/18/2018,3.57,10/12/2018,0.6,11/14/2018,2.7,1/18/2019,0.32,1/31/2019,8.07,3/13/2019,3.95,3/18/2019,1.14,4/12/2019,2.91,5/16/2019,1.4,,,7/16/2019,3.1,9/3/2019,1.31,10/16/2019,4.06,10/16/2019,3.75,11/15/2019,3.35,1/21/2020,4.15,1/15/2020,2.45,3/6/2020,0.42,,,,,7/15/2020,9.1,7/1/2020,4.18,7/27/2020,5.15,10/13/2020,8.75
,1/22/2015,1.59,3/26/2015,1.06,5/1/2015,0.12,4/30/2015,1.64,6/10/2015,0.83,7/9/2015,0.35,7/31/2015,1.18,9/17/2015,0.79,,,,,11/27/2015,1.7,1/13/2016,0.02,1/25/2016,0.21,,,4/20/2016,3.65,4/22/2016,2.11,6/8/2016,1.5,8/2/2016,2.48,8/1/2016,2.37,9/1/2016,2.05,10/3/2016,1.41,10/17/2016,0.92,11/23/2016,6.31,1/11/2017,1.76,1/19/2017,2.28,3/16/2017,2.72,4/3/2017,0.67,4/20/2017,2.18,6/7/2017,1.86,8/10/2017,1.4,7/26/2017,1.51,9/5/2017,0.93,11/2/2017,4,10/20/2017,2.53,11/15/2017,0.95,1/11/2018,6.5,1/17/2018,4.6,3/6/2018,0.61,4/5/2018,1.88,4/23/2018,4.4,5/15/2018,3.95,6/15/2018,1.9,7/23/2018,3.92,8/20/2018,2.87,9/19/2018,3.65,10/15/2018,0.55,11/15/2018,3.05,1/22/2019,0.13,2/5/2019,9.19,3/14/2019,3.95,3/19/2019,1.05,4/15/2019,2.57,5/17/2019,1.13,,,7/17/2019,2.23,9/4/2019,1.7,10/24/2019,4.3,10/17/2019,3.95,11/18/2019,3.1,1/22/2020,3.75,1/16/2020,2.95,3/9/2020,0.14,,,,,7/17/2020,9.95,7/7/2020,4,7/29/2020,6,,
,1/23/2015,1.39,3/27/2015,1.18,5/5/2015,0.03,5/1/2015,1.97,6/11/2015,0.87,7/10/2015,0.34,8/3/2015,1.05,9/21/2015,0.22,,,,,11/30/2015,1.44,1/14/2016,0.04,1/26/2016,0.27,,,4/21/2016,3.45,4/27/2016,2.68,6/9/2016,1.51,8/8/2016,3.44,8/2/2016,2.05,9/6/2016,2.04,10/4/2016,1.15,10/18/2016,0.91,11/25/2016,6.75,1/12/2017,1.49,1/20/2017,2.13,3/17/2017,2.96,4/4/2017,0.68,4/24/2017,2.92,6/8/2017,1.86,8/15/2017,1.5,7/27/2017,1.12,9/6/2017,0.93,11/10/2017,3.14,10/23/2017,2.29,11/16/2017,1.24,1/12/2018,6.99,1/18/2018,4.3,3/7/2018,0.61,4/6/2018,1.03,4/24/2018,2.81,5/18/2018,4.92,6/18/2018,1.75,7/26/2018,5.59,8/21/2018,3.28,9/20/2018,3.52,10/16/2018,0.71,11/16/2018,2.95,1/25/2019,0.25,2/7/2019,8.98,3/15/2019,3.7,3/20/2019,0.96,4/16/2019,2.82,5/20/2019,1.02,,,7/18/2019,1.93,9/5/2019,2.6,11/14/2019,7.67,10/18/2019,3.75,11/20/2019,2.66,1/23/2020,3.41,1/17/2020,2.9,3/10/2020,0.07,,,,,,,7/8/2020,3.99,7/30/2020,5.45,,
,1/26/2015,1.3,3/30/2015,1.69,5/6/2015,0.02,5/4/2015,2.13,6/12/2015,0.74,7/13/2015,0.42,8/5/2015,1.19,9/22/2015,0.1,,,,,12/2/2015,1.21,1/20/2016,0.01,1/29/2016,0.38,,,4/25/2016,3.27,4/28/2016,2.2,6/10/2016,1.18,8/9/2016,3.42,8/4/2016,2.36,9/7/2016,2.13,10/5/2016,1.38,10/19/2016,0.95,11/29/2016,6.4,1/13/2017,1.77,1/23/2017,1.93,3/20/2017,2.85,4/5/2017,0.86,4/25/2017,3.15,6/9/2017,2.13,8/17/2017,0.51,7/28/2017,1.25,9/7/2017,0.91,11/13/2017,2.82,10/24/2017,2.64,11/17/2017,1,1/16/2018,6.6,1/19/2018,4.15,3/8/2018,0.65,4/9/2018,0.97,4/25/2018,3.05,5/21/2018,5.9,6/19/2018,1.05,7/30/2018,5.58,8/22/2018,2.79,9/21/2018,3.7,10/17/2018,0.55,11/19/2018,2.18,1/29/2019,0.2,2/19/2019,11.4,3/19/2019,4.05,3/21/2019,1.22,4/17/2019,2.95,5/21/2019,1.19,,,7/19/2019,2.38,9/6/2019,2.23,,,10/21/2019,3.66,11/21/2019,2.67,1/24/2020,4.16,1/21/2020,2.2,3/11/2020,0.06,,,,,,,7/9/2020,3.07,7/31/2020,4.4,,
,1/27/2015,1.04,3/31/2015,1.29,5/14/2015,0.02,5/5/2015,1.59,6/15/2015,0.55,7/14/2015,0.42,8/6/2015,1.04,9/24/2015,0.03,,,,,12/3/2015,0.88,,,2/1/2016,0.34,,,4/27/2016,3.85,4/29/2016,1.93,6/13/2016,1.07,8/10/2016,3.45,8/5/2016,2.64,9/8/2016,2.05,10/6/2016,1.34,10/20/2016,0.79,12/2/2016,6.7,1/17/2017,1.39,1/24/2017,2.4,3/21/2017,2.19,4/6/2017,0.71,4/26/2017,3.25,6/13/2017,2.47,8/18/2017,0.31,7/31/2017,1.4,9/8/2017,1.05,11/14/2017,2.7,10/25/2017,1.86,11/20/2017,1.03,1/17/2018,6.65,1/22/2018,3.9,3/9/2018,1.15,4/10/2018,1.24,4/26/2018,2.48,5/22/2018,5.1,6/20/2018,0.99,8/1/2018,5.65,8/23/2018,2.51,9/24/2018,2.9,10/18/2018,0.38,11/20/2018,1.64,1/30/2019,0.51,2/21/2019,11.92,3/25/2019,2.75,3/22/2019,0.74,4/18/2019,3.55,5/22/2019,0.96,,,7/22/2019,2.34,9/9/2019,2.29,,,10/24/2019,3.84,11/22/2019,2.85,1/30/2020,3.35,1/22/2020,2.12,3/12/2020,0.08,,,,,,,7/10/2020,3.55,8/4/2020,5.07,,
,1/28/2015,1.04,4/1/2015,0.98,5/15/2015,0.02,5/6/2015,1.38,6/16/2015,0.55,7/15/2015,0.35,8/7/2015,0.8,9/25/2015,0.07,,,,,12/7/2015,1.12,,,2/3/2016,0.34,,,4/29/2016,3.4,5/2/2016,2.14,6/14/2016,0.85,8/12/2016,3.69,8/8/2016,2.69,9/9/2016,1.21,10/7/2016,1.02,10/21/2016,0.7,12/9/2016,7.92,1/18/2017,1.6,1/25/2017,2.92,3/24/2017,2.13,4/7/2017,0.76,4/27/2017,3.04,6/14/2017,2.57,,,8/1/2017,1.07,9/11/2017,1.34,11/15/2017,2.26,10/26/2017,2.14,11/21/2017,1.27,2/5/2018,2.89,1/23/2018,4.45,3/12/2018,0.87,4/11/2018,1.03,4/30/2018,1.99,5/24/2018,5.21,6/21/2018,0.77,8/3/2018,5.3,8/24/2018,2.61,9/25/2018,2.75,10/19/2018,0.36,11/21/2018,1.85,1/31/2019,0.48,2/22/2019,12.08,3/26/2019,3.14,3/25/2019,0.71,4/22/2019,3.3,5/23/2019,0.61,,,7/23/2019,2.8,9/10/2019,2.59,,,10/29/2019,4.9,11/25/2019,3.2,1/31/2020,2.39,1/23/2020,2.67,3/13/2020,0.03,,,,,,,7/13/2020,3.8,8/5/2020,6.08,,
,1/29/2015,0.99,4/7/2015,1.29,,,5/7/2015,1.69,6/17/2015,0.59,7/16/2015,0.33,8/10/2015,1.23,9/28/2015,0.05,,,,,12/8/2015,0.71,,,2/4/2016,0.67,,,5/6/2016,2.74,5/3/2016,1.64,6/15/2016,0.83,8/16/2016,3.77,8/10/2016,2.55,9/12/2016,1.1,10/10/2016,1,10/24/2016,0.71,12/22/2016,7,1/19/2017,2.05,1/26/2017,2.94,3/27/2017,1.86,4/10/2017,0.93,4/28/2017,2.83,6/15/2017,2.76,,,8/2/2017,1.19,9/12/2017,1.55,11/16/2017,2.84,10/27/2017,2.12,11/22/2017,1.29,2/8/2018,1.8,1/24/2018,4.38,3/13/2018,0.68,4/12/2018,1.43,5/1/2018,1.74,5/29/2018,3.97,6/22/2018,0.81,8/6/2018,5.35,8/27/2018,3.3,9/26/2018,2.93,10/22/2018,0.32,11/23/2018,1.74,2/1/2019,0.45,2/27/2019,12.04,3/27/2019,3.18,3/26/2019,0.71,4/23/2019,3.65,5/24/2019,0.66,,,7/24/2019,3.15,9/11/2019,2.94,,,10/30/2019,4.92,11/26/2019,3.34,2/4/2020,3.18,1/24/2020,2.42,3/17/2020,0.01,,,,,,,7/14/2020,4.35,8/6/2020,6.47,,
,1/30/2015,0.93,4/8/2015,1.02,,,5/8/2015,2.05,6/18/2015,0.77,7/17/2015,0.31,8/11/2015,0.95,10/2/2015,0.05,,,,,12/9/2015,0.67,,,2/5/2016,0.53,,,5/11/2016,3.5,5/4/2016,1.3,6/16/2016,0.89,8/18/2016,3.95,8/12/2016,2.76,9/13/2016,1.12,10/11/2016,0.65,10/25/2016,0.61,1/10/2017,6.85,1/20/2017,1.78,1/27/2017,2.9,3/28/2017,2.32,4/11/2017,0.89,5/1/2017,2.78,7/19/2017,3.21,,,8/3/2017,1.3,9/13/2017,1.42,11/17/2017,2.59,10/30/2017,1.71,11/24/2017,1.28,2/9/2018,1.45,1/25/2018,4.59,3/14/2018,0.44,4/13/2018,1.11,5/2/2018,1.35,5/30/2018,4.91,6/25/2018,0.62,8/8/2018,5.5,8/28/2018,3.2,9/27/2018,2.65,10/23/2018,0.21,11/26/2018,1.72,2/4/2019,0.6,2/28/2019,12.48,3/28/2019,3.6,3/27/2019,0.84,4/24/2019,3.65,5/28/2019,0.48,,,7/25/2019,3.22,9/13/2019,3.93,,,11/1/2019,5.55,11/29/2019,2.95,2/18/2020,4.33,1/27/2020,1.85,3/25/2020,0.02,,,,,,,7/16/2020,6.1,8/10/2020,9.32,,
,2/2/2015,1.07,4/10/2015,1.94,,,5/11/2015,2.1,6/19/2015,0.68,7/20/2015,0.3,8/14/2015,1.23,10/8/2015,0.4,,,,,12/10/2015,0.75,,,2/8/2016,0.37,,,5/12/2016,2.9,5/5/2016,1.29,6/17/2016,0.87,,,8/17/2016,2.89,9/14/2016,0.99,10/12/2016,0.66,10/26/2016,0.73,1/13/2017,7.19,1/23/2017,1.53,1/30/2017,2.44,3/30/2017,2.2,4/12/2017,0.52,5/2/2017,2.85,7/20/2017,3.35,,,8/4/2017,1.47,9/14/2017,1.51,,,10/31/2017,1.52,11/27/2017,1.38,2/12/2018,2.41,1/26/2018,4.83,3/15/2018,0.42,4/16/2018,1.37,5/3/2018,1.44,6/1/2018,4.61,6/26/2018,0.64,8/9/2018,5.52,8/29/2018,3.25,9/28/2018,2.59,10/24/2018,0.16,11/27/2018,1.58,2/5/2019,0.88,3/5/2019,12.02,3/29/2019,4.26,3/28/2019,0.96,4/25/2019,2.54,5/29/2019,0.37,,,7/26/2019,2.79,9/16/2019,3.57,,,11/4/2019,6.11,12/2/2019,2.29,2/21/2020,3.66,1/28/2020,2.01,3/26/2020,0.04,,,,,,,7/20/2020,5.05,8/11/2020,10.46,,
,2/3/2015,1.37,4/14/2015,1.44,,,5/12/2015,2.04,6/22/2015,0.74,7/22/2015,0.1,8/17/2015,1.27,10/9/2015,0.68,,,,,12/11/2015,0.52,,,2/9/2016,0.64,,,5/13/2016,2.75,5/9/2016,1.37,6/20/2016,1.14,,,8/18/2016,3.15,9/15/2016,1.17,10/13/2016,0.71,10/27/2016,0.6,,,1/24/2017,1.66,1/31/2017,1.99,4/3/2017,2.2,4/13/2017,0.44,5/3/2017,2.72,,,,,8/7/2017,1.45,9/15/2017,1.75,,,11/1/2017,1.46,11/28/2017,2.07,2/14/2018,3.05,1/29/2018,4.83,3/16/2018,0.45,4/17/2018,1.65,5/4/2018,1.82,6/4/2018,4.62,6/27/2018,0.55,8/10/2018,4.54,8/30/2018,2.78,10/1/2018,3.15,10/25/2018,0.07,11/28/2018,2.39,2/6/2019,1.04,3/11/2019,10.65,4/1/2019,5.7,3/29/2019,1.13,4/26/2019,2.65,5/30/2019,0.45,,,7/29/2019,2.68,9/18/2019,3.25,,,11/6/2019,6.4,12/3/2019,1.55,,,1/29/2020,2.24,,,,,,,,,7/21/2020,5.94,8/12/2020,10.27,,
,2/5/2015,1.36,4/15/2015,1.7,,,5/13/2015,2.05,6/23/2015,0.6,7/24/2015,0.06,8/19/2015,1,10/12/2015,0.54,,,,,12/15/2015,0.5,,,2/10/2016,0.54,,,5/17/2016,3,5/10/2016,1.81,6/21/2016,1.08,,,8/22/2016,3,9/16/2016,0.88,10/14/2016,0.72,10/28/2016,0.88,,,1/25/2017,2.59,2/1/2017,1.92,4/11/2017,1.94,4/17/2017,0.49,5/4/2017,2.8,,,,,8/8/2017,1.35,9/19/2017,2.17,,,11/2/2017,1.58,11/29/2017,2.57,2/15/2018,3.42,1/30/2018,4.3,3/19/2018,0.35,4/18/2018,2.24,5/7/2018,2.08,6/7/2018,5.01,6/28/2018,0.51,8/13/2018,4.22,8/31/2018,2.68,10/2/2018,3.2,10/26/2018,0.1,11/29/2018,2.58,2/7/2019,0.68,3/12/2019,10.7,4/4/2019,6.04,4/1/2019,2.03,4/29/2019,2.98,6/3/2019,0.35,,,7/30/2019,2.82,9/19/2019,3.17,,,11/12/2019,7.27,12/4/2019,1.74,,,1/30/2020,1.7,,,,,,,,,7/23/2020,5.97,8/14/2020,9.8,,
,2/6/2015,1.48,,,,,5/15/2015,2.33,6/25/2015,0.26,7/27/2015,0.05,8/20/2015,0.53,10/13/2015,0.43,,,,,12/16/2015,0.73,,,2/11/2016,0.31,,,,,5/11/2016,1.82,6/22/2016,1.06,,,8/24/2016,3.08,9/19/2016,0.96,10/17/2016,0.6,10/31/2016,0.85,,,1/26/2017,2.66,2/2/2017,1.86,4/13/2017,1.47,4/18/2017,0.5,5/5/2017,3.16,,,,,8/9/2017,1.34,9/20/2017,2.59,,,11/3/2017,1.63,11/30/2017,3.75,,,1/31/2018,4.3,3/20/2018,0.4,4/19/2018,1.8,5/8/2018,2.29,6/8/2018,5.4,6/29/2018,0.55,8/15/2018,4.2,9/4/2018,2.71,10/3/2018,3.45,10/29/2018,0.07,11/30/2018,2.82,2/8/2019,0.57,,,4/8/2019,5.46,4/2/2019,2.01,4/30/2019,3.25,6/4/2019,0.61,,,7/31/2019,2.3,9/20/2019,2.76,,,11/22/2019,6.82,12/5/2019,1.61,,,1/31/2020,1.29,,,,,,,,,7/24/2020,5.45,8/17/2020,9.49,,
,2/10/2015,1.27,,,,,5/19/2015,2.35,6/26/2015,0.27,7/28/2015,0.06,8/21/2015,0.39,10/15/2015,0.05,,,,,12/17/2015,0.36,,,2/12/2016,0.41,,,,,5/12/2016,1.54,6/24/2016,0.43,,,8/25/2016,2.95,9/20/2016,0.98,10/18/2016,0.6,11/1/2016,0.65,,,1/30/2017,2.14,2/3/2017,2.18,4/17/2017,1.6,4/19/2017,0.52,5/8/2017,3.15,,,,,8/10/2017,1.03,9/21/2017,2.77,,,11/6/2017,1.57,12/1/2017,3.13,,,2/1/2018,4.5,3/21/2018,0.45,4/20/2018,1.63,5/9/2018,2.89,6/13/2018,5.02,7/2/2018,0.46,8/21/2018,6.36,9/5/2018,3.04,10/4/2018,3.03,10/30/2018,0.09,12/3/2018,3.3,2/11/2019,0.86,,,4/15/2019,5.85,4/3/2019,1.87,5/1/2019,3.05,6/5/2019,0.9,,,8/1/2019,1.79,9/23/2019,2.65,,,12/3/2019,5.02,12/6/2019,2.09,,,2/3/2020,1.13,,,,,,,,,7/31/2020,4.51,8/20/2020,8.4,,
,2/12/2015,1.6,,,,,5/22/2015,2.17,6/29/2015,0.14,7/29/2015,0.09,8/24/2015,0.03,,,,,,,12/21/2015,0.15,,,2/16/2016,0.54,,,,,5/13/2016,1.41,6/27/2016,0.11,,,9/2/2016,2.93,9/21/2016,1.08,10/19/2016,0.65,11/2/2016,0.64,,,1/31/2017,1.9,2/6/2017,2.29,4/21/2017,2.39,4/20/2017,0.77,5/9/2017,3.25,,,,,8/11/2017,1.01,9/27/2017,2.96,,,11/7/2017,1.64,12/4/2017,3.88,,,2/2/2018,3.3,3/22/2018,0.16,4/23/2018,1.61,5/10/2018,3.25,6/14/2018,4.65,7/3/2018,0.4,8/27/2018,6.4,9/6/2018,3.3,10/5/2018,1,10/31/2018,0.12,12/4/2018,1.6,2/12/2019,1.65,,,4/17/2019,6.72,4/4/2019,2.14,5/2/2019,2.44,6/6/2019,0.83,,,8/2/2019,1.71,9/24/2019,2.27,,,12/6/2019,6.25,12/9/2019,1.92,,,2/4/2020,1.72,,,,,,,,,8/5/2020,6.6,8/21/2020,8.64,,
,2/13/2015,1.76,,,,,5/26/2015,1.53,6/30/2015,0.13,8/3/2015,0.02,8/27/2015,0.21,,,,,,,12/22/2015,0.34,,,2/17/2016,0.82,,,,,5/16/2016,1.45,6/28/2016,0.1,,,9/6/2016,2.64,9/22/2016,1.66,10/20/2016,0.43,11/3/2016,0.57,,,2/1/2017,1.36,2/7/2017,2.28,,,4/21/2017,0.85,5/11/2017,2.96,,,,,8/14/2017,1.29,9/28/2017,2.82,,,11/8/2017,1.54,12/5/2017,2.98,,,2/5/2018,1.75,3/23/2018,0.14,4/24/2018,0.66,5/11/2018,3.25,6/15/2018,4.5,7/5/2018,0.46,8/28/2018,7.04,9/7/2018,3.12,10/8/2018,3.05,11/1/2018,0.14,12/6/2018,1.14,2/13/2019,2.04,,,4/18/2019,7.44,4/5/2019,2.13,5/3/2019,3.08,6/7/2019,1.1,,,8/5/2019,0.88,9/26/2019,2.71,,,,,12/10/2019,1.82,,,2/5/2020,2.35,,,,,,,,,8/10/2020,9.17,8/25/2020,9.85,,
,2/17/2015,1.81,,,,,5/27/2015,1.92,7/2/2015,0.16,8/4/2015,0.05,8/31/2015,0.19,,,,,,,12/23/2015,0.44,,,2/18/2016,0.8,,,,,5/17/2016,1.23,6/29/2016,0.23,,,9/7/2016,2.69,9/23/2016,1.39,10/21/2016,0.35,11/4/2016,0.63,,,2/2/2017,1.41,2/8/2017,2.12,,,4/24/2017,1.1,5/12/2017,2.62,,,,,8/15/2017,1.17,9/29/2017,3.06,,,11/9/2017,0.92,12/6/2017,3.05,,,2/6/2018,2.09,3/26/2018,0.12,4/25/2018,0.83,5/14/2018,3.56,6/18/2018,4.05,7/6/2018,0.44,8/29/2018,6.75,9/10/2018,3.54,10/9/2018,2.34,11/6/2018,0.15,12/7/2018,0.8,2/14/2019,1.83,,,,,4/8/2019,1.92,5/6/2019,2.77,6/10/2019,1.18,,,8/6/2019,1.05,9/27/2019,2.27,,,,,12/11/2019,2.09,,,2/6/2020,2.64,,,,,,,,,8/11/2020,11.13,8/26/2020,9.9,,
,2/18/2015,2,,,,,5/28/2015,1.65,7/6/2015,0.08,8/5/2015,0.05,9/1/2015,0.04,,,,,,,12/24/2015,0.48,,,2/19/2016,0.66,,,,,5/18/2016,1.02,6/30/2016,0.67,,,9/8/2016,2.72,9/26/2016,1.18,10/24/2016,0.39,11/7/2016,0.98,,,2/3/2017,1.66,2/9/2017,2.63,,,4/25/2017,1.24,5/15/2017,2.8,,,,,8/16/2017,1.12,10/2/2017,3.4,,,11/10/2017,0.99,12/7/2017,3.5,,,2/7/2018,2,3/27/2018,0.12,4/26/2018,0.67,5/15/2018,2.79,6/19/2018,3.05,7/9/2018,0.77,9/6/2018,7.03,9/11/2018,3.32,10/10/2018,1.32,11/7/2018,0.15,12/10/2018,0.66,2/15/2019,2.6,,,,,4/9/2019,1.42,5/7/2019,2.2,6/11/2019,0.79,,,8/7/2019,1.1,9/30/2019,2.47,,,,,12/12/2019,2.71,,,2/7/2020,2.41,,,,,,,,,8/18/2020,10.13,8/27/2020,10.45,,
,2/19/2015,2.22,,,,,6/1/2015,1.14,7/7/2015,0.07,8/6/2015,0.06,9/3/2015,0.09,,,,,,,12/28/2015,0.36,,,2/22/2016,1.05,,,,,5/20/2016,0.91,7/1/2016,0.75,,,9/9/2016,1.56,9/27/2016,1.37,10/25/2016,0.35,11/8/2016,1.33,,,2/6/2017,1.71,2/10/2017,2.95,,,4/26/2017,1.32,5/16/2017,2.84,,,,,8/17/2017,0.65,10/3/2017,3.66,,,11/13/2017,0.83,12/8/2017,3.75,,,2/8/2018,1.05,3/28/2018,0.11,4/27/2018,0.43,5/16/2018,2.98,6/20/2018,2.91,7/10/2018,0.87,9/7/2018,6.8,9/12/2018,3.8,10/11/2018,0.79,11/8/2018,0.13,12/11/2018,0.74,,,,,,,4/10/2019,1.27,5/8/2019,2.16,6/12/2019,0.78,,,8/8/2019,1.34,10/1/2019,1.21,,,,,12/13/2019,2.26,,,2/10/2020,2.3,,,,,,,,,8/20/2020,8.99,8/31/2020,10.03,,
,2/20/2015,1.73,,,,,6/2/2015,1.52,7/8/2015,0.05,8/11/2015,0.02,9/11/2015,0.02,,,,,,,12/29/2015,0.47,,,2/23/2016,0.87,,,,,5/23/2016,0.84,7/5/2016,0.43,,,9/12/2016,1.77,9/28/2016,1.5,10/26/2016,0.47,11/9/2016,2.26,,,2/7/2017,1.9,2/13/2017,3.67,,,4/27/2017,1.08,5/17/2017,2.06,,,,,8/18/2017,0.58,10/4/2017,3.86,,,11/14/2017,0.74,12/11/2017,3.6,,,2/9/2018,1.2,3/29/2018,0.11,4/30/2018,0.21,5/17/2018,3.47,6/21/2018,2.36,7/11/2018,0.54,9/10/2018,7.09,9/13/2018,3.77,10/12/2018,0.7,11/9/2018,0.1,12/12/2018,0.88,,,,,,,4/11/2019,1.65,5/9/2019,1.86,6/13/2019,0.84,,,8/9/2019,1.31,10/2/2019,0.59,,,,,12/16/2019,2.24,,,2/11/2020,2.81,,,,,,,,,8/21/2020,9.45,9/9/2020,9.65,,
,2/23/2015,2.26,,,,,6/4/2015,1.14,7/17/2015,0.01,8/13/2015,0.01,9/14/2015,0.02,,,,,,,12/30/2015,0.33,,,2/24/2016,0.85,,,,,5/24/2016,1.12,7/6/2016,0.49,,,9/13/2016,1.18,9/29/2016,1.58,10/27/2016,0.31,11/10/2016,3.3,,,2/8/2017,1.85,2/14/2017,3.3,,,4/28/2017,0.86,5/18/2017,1.88,,,,,8/21/2017,0.49,10/11/2017,3.8,,,11/15/2017,0.55,12/12/2017,3.65,,,2/12/2018,1.35,4/2/2018,0.04,5/1/2018,0.14,5/18/2018,3.73,6/22/2018,2.5,7/12/2018,0.68,9/12/2018,7.16,9/14/2018,4.2,10/15/2018,0.66,11/12/2018,0.09,12/13/2018,0.51,,,,,,,4/12/2019,2.21,5/10/2019,1.89,6/14/2019,0.79,,,8/12/2019,0.82,10/3/2019,0.56,,,,,12/17/2019,2.06,,,2/12/2020,3.2,,,,,,,,,,,9/14/2020,10.62,,
,2/24/2015,2.3,,,,,6/5/2015,1.11,,,8/14/2015,0.01,9/16/2015,0.03,,,,,,,1/4/2016,0.07,,,2/25/2016,1.05,,,,,5/25/2016,1.3,7/7/2016,0.47,,,9/14/2016,0.92,9/30/2016,1.82,10/28/2016,0.49,11/11/2016,3.35,,,2/9/2017,2.36,2/15/2017,3.6,,,5/1/2017,0.78,5/19/2017,2.4,,,,,8/22/2017,0.77,10/16/2017,3.95,,,11/16/2017,0.75,12/13/2017,4.03,,,2/13/2018,1.33,4/4/2018,0.04,5/2/2018,0.11,5/21/2018,4.7,6/25/2018,1.91,7/13/2018,0.77,9/19/2018,8.7,9/17/2018,4.15,10/16/2018,0.8,11/13/2018,0.08,12/14/2018,0.35,,,,,,,4/15/2019,1.96,5/13/2019,1,6/17/2019,0.65,,,8/13/2019,0.96,10/4/2019,0.72,,,,,12/18/2019,1.81,,,2/14/2020,2.54,,,,,,,,,,,9/15/2020,10.75,,
,2/26/2015,1.98,,,,,6/8/2015,0.87,,,8/17/2015,0.02,,,,,,,,,1/6/2016,0.04,,,2/26/2016,1.2,,,,,5/26/2016,1.28,7/8/2016,1.23,,,9/15/2016,1.4,10/3/2016,1.65,10/31/2016,0.55,11/14/2016,3.6,,,2/13/2017,3.35,2/16/2017,3.83,,,5/2/2017,0.82,5/22/2017,2.9,,,,,8/23/2017,0.49,10/17/2017,3.92,,,11/17/2017,0.56,12/14/2017,3.55,,,2/14/2018,1.6,4/5/2018,0.06,5/3/2018,0.1,5/22/2018,4.1,6/26/2018,1.95,7/16/2018,0.66,9/20/2018,8.76,9/18/2018,4.85,10/17/2018,0.6,11/14/2018,0.06,12/17/2018,0.29,,,,,,,4/16/2019,2.21,5/14/2019,1.24,6/18/2019,1.13,,,8/14/2019,0.55,10/7/2019,0.81,,,,,12/19/2019,1.91,,,2/19/2020,2.25,,,,,,,,,,,,,,
,2/27/2015,1.76,,,,,6/9/2015,0.8,,,8/20/2015,0.01,,,,,,,,,1/7/2016,0.02,,,2/29/2016,1,,,,,5/27/2016,1.29,7/11/2016,1.69,,,9/16/2016,0.67,10/4/2016,1.38,11/1/2016,0.41,11/15/2016,3.45,,,2/14/2017,3.35,2/17/2017,3.75,,,5/3/2017,0.94,5/23/2017,2.94,,,,,8/24/2017,0.4,10/18/2017,4.11,,,11/20/2017,0.59,12/15/2017,3.8,,,2/15/2018,2.28,4/6/2018,0.03,5/4/2018,0.15,5/23/2018,3.5,6/27/2018,2.01,7/17/2018,0.66,9/21/2018,8.72,9/19/2018,5.17,10/18/2018,0.38,11/16/2018,0.08,12/18/2018,0.29,,,,,,,4/17/2019,2.27,5/15/2019,1.2,6/19/2019,1.11,,,8/15/2019,0.43,10/8/2019,0.41,,,,,12/20/2019,2.01,,,2/20/2020,2.14,,,,,,,,,,,,,,
,3/2/2015,2.01,,,,,6/10/2015,1.17,,,,,,,,,,,,,1/11/2016,0.01,,,3/1/2016,1.18,,,,,5/31/2016,1.24,7/12/2016,2.17,,,,,10/5/2016,1.6,11/2/2016,0.3,11/16/2016,3.45,,,2/15/2017,3.6,2/21/2017,4.1,,,5/4/2017,0.83,5/24/2017,3.1,,,,,8/25/2017,0.52,10/19/2017,3.81,,,11/21/2017,0.85,12/18/2017,4.3,,,2/16/2018,2.42,4/10/2018,0.04,5/7/2018,0.17,5/24/2018,3.87,6/28/2018,1.62,7/18/2018,1.02,,,9/20/2018,4.81,10/19/2018,0.3,11/19/2018,0.05,12/19/2018,0.13,,,,,,,4/18/2019,2.86,5/16/2019,1.49,6/20/2019,1.77,,,8/16/2019,0.65,10/9/2019,0.43,,,,,12/23/2019,2.65,,,2/21/2020,2,,,,,,,,,,,,,,
,3/3/2015,1.88,,,,,6/11/2015,1.4,,,,,,,,,,,,,1/13/2016,0.01,,,3/2/2016,1.5,,,,,6/1/2016,1.04,7/13/2016,2.13,,,,,10/6/2016,1.42,11/3/2016,0.29,11/21/2016,3.6,,,2/16/2017,3.55,2/23/2017,3.7,,,5/5/2017,1.19,5/25/2017,3.28,,,,,8/28/2017,0.41,10/20/2017,4.81,,,11/22/2017,0.91,12/19/2017,4.45,,,2/20/2018,1.76,4/11/2018,0.02,5/8/2018,0.18,5/25/2018,3.89,6/29/2018,2.01,7/19/2018,1.01,,,9/21/2018,5.15,10/22/2018,0.26,11/21/2018,0.01,12/20/2018,0.1,,,,,,,4/22/2019,2.64,5/17/2019,1.02,6/21/2019,1.55,,,8/19/2019,0.76,10/10/2019,0.58,,,,,12/24/2019,2.35,,,2/24/2020,1.08,,,,,,,,,,,,,,
,3/4/2015,1.34,,,,,6/15/2015,0.73,,,,,,,,,,,,,1/15/2016,0.02,,,3/3/2016,1.78,,,,,6/2/2016,1.19,7/14/2016,2.7,,,,,10/11/2016,0.58,11/4/2016,0.37,11/22/2016,3.91,,,,,2/27/2017,4,,,5/8/2017,0.97,5/26/2017,3.52,,,,,8/29/2017,0.6,,,,,11/24/2017,0.88,12/20/2017,4.55,,,2/21/2018,1.74,4/12/2018,0.01,5/9/2018,0.35,5/29/2018,2.89,7/2/2018,1.48,7/20/2018,0.88,,,9/24/2018,4,10/23/2018,0.18,11/27/2018,0.01,12/21/2018,0.06,,,,,,,4/23/2019,3.3,5/20/2019,0.93,6/24/2019,1.47,,,8/20/2019,0.56,10/11/2019,1.73,,,,,12/26/2019,2.18,,,2/25/2020,0.41,,,,,,,,,,,,,,
,3/6/2015,0.9,,,,,6/17/2015,0.76,,,,,,,,,,,,,,,,,3/4/2016,2.05,,,,,6/3/2016,0.99,7/15/2016,2.68,,,,,10/12/2016,0.61,11/7/2016,0.6,11/28/2016,4.45,,,,,3/1/2017,5,,,5/9/2017,1.11,5/30/2017,3.45,,,,,8/30/2017,0.58,,,,,11/27/2017,0.92,12/21/2017,4.61,,,2/22/2018,1.98,4/13/2018,0.02,5/10/2018,0.44,5/30/2018,3.74,7/3/2018,1.74,7/23/2018,0.65,,,9/25/2018,3.83,10/24/2018,0.08,11/28/2018,0.01,12/24/2018,0.06,,,,,,,4/24/2019,3.04,5/21/2019,1.13,6/25/2019,1.18,,,8/21/2019,0.61,10/14/2019,1.02,,,,,12/27/2019,2.53,,,2/26/2020,0.23,,,,,,,,,,,,,,
,3/9/2015,1.05,,,,,6/18/2015,1.3,,,,,,,,,,,,,,,,,3/11/2016,2.16,,,,,6/6/2016,1.4,,,,,,,10/13/2016,0.57,11/8/2016,0.88,12/2/2016,4.8,,,,,3/2/2017,4.6,,,5/10/2017,0.83,5/31/2017,3.19,,,,,8/31/2017,0.65,,,,,11/28/2017,1.81,12/22/2017,4.45,,,2/23/2018,2.27,4/16/2018,0.01,5/11/2018,0.46,5/31/2018,2.81,7/5/2018,1.43,7/24/2018,0.76,,,9/26/2018,3.92,10/25/2018,0.1,11/29/2018,0.02,12/26/2018,0.05,,,,,,,4/25/2019,1.84,5/22/2019,0.89,6/26/2019,1.22,,,8/22/2019,0.69,10/15/2019,1.57,,,,,12/30/2019,2.1,,,2/27/2020,0.27,,,,,,,,,,,,,,
,3/10/2015,0.55,,,,,6/19/2015,0.83,,,,,,,,,,,,,,,,,3/15/2016,1.95,,,,,6/7/2016,1.93,,,,,,,10/14/2016,0.79,11/9/2016,2.01,12/5/2016,4.97,,,,,3/7/2017,4,,,5/11/2017,0.9,6/1/2017,4.1,,,,,9/1/2017,0.92,,,,,11/29/2017,2.28,12/26/2017,4.65,,,2/26/2018,3.06,4/17/2018,0.01,5/14/2018,0.3,6/4/2018,3.61,7/6/2018,1.8,7/25/2018,1.29,,,9/28/2018,3.77,10/26/2018,0.09,11/30/2018,0.04,12/27/2018,0.08,,,,,,,4/26/2019,2.1,5/23/2019,0.47,6/27/2019,1.22,,,8/23/2019,0.38,10/16/2019,1.37,,,,,12/31/2019,1.85,,,2/28/2020,0.21,,,,,,,,,,,,,,
,3/11/2015,0.5,,,,,,,,,,,,,,,,,,,,,,,3/16/2016,2.46,,,,,6/8/2016,2.1,,,,,,,10/17/2016,0.48,11/10/2016,2.96,12/6/2016,4.85,,,,,3/8/2017,3.95,,,5/12/2017,0.52,6/2/2017,4.5,,,,,9/5/2017,0.39,,,,,11/30/2017,3.5,12/27/2017,4.85,,,2/27/2018,2.43,4/18/2018,0.01,5/15/2018,0.15,6/5/2018,3.28,7/9/2018,2.65,7/26/2018,1.73,,,10/1/2018,4.42,10/29/2018,0.07,12/3/2018,0.03,12/28/2018,0.11,,,,,,,4/29/2019,2.17,5/24/2019,0.51,6/28/2019,1.52,,,8/26/2019,0.36,10/17/2019,1.81,,,,,1/2/2020,3,,,3/2/2020,0.12,,,,,,,,,,,,,,
,3/12/2015,0.8,,,,,,,,,,,,,,,,,,,,,,,3/17/2016,3.53,,,,,6/9/2016,2.09,,,,,,,10/18/2016,0.51,11/11/2016,2.98,12/7/2016,5.65,,,,,3/9/2017,3.43,,,5/15/2017,0.69,6/5/2017,4.1,,,,,9/6/2017,0.4,,,,,12/1/2017,2.98,12/29/2017,5.02,,,2/28/2018,1.9,4/19/2018,0.01,5/16/2018,0.25,6/6/2018,3.66,7/10/2018,2.72,7/27/2018,1.66,,,10/2/2018,4.25,10/31/2018,0.05,12/10/2018,0.03,12/31/2018,0.04,,,,,,,4/30/2019,2.64,5/28/2019,0.33,7/1/2019,1.36,,,8/27/2019,0.28,10/18/2019,1.02,,,,,1/3/2020,3.2,,,3/3/2020,0.14,,,,,,,,,,,,,,
,3/13/2015,0.42,,,,,,,,,,,,,,,,,,,,,,,3/18/2016,3.66,,,,,6/10/2016,1.57,,,,,,,10/19/2016,0.55,11/14/2016,3.41,12/8/2016,5.91,,,,,3/13/2017,3.82,,,5/17/2017,0.15,6/6/2017,3.75,,,,,9/7/2017,0.31,,,,,12/4/2017,3.71,1/2/2018,5.15,,,3/1/2018,0.76,,,5/17/2018,0.18,6/7/2018,4.12,7/11/2018,2.04,7/30/2018,1.3,,,10/3/2018,5.09,11/1/2018,0.04,12/11/2018,0.01,1/2/2019,0.03,,,,,,,5/1/2019,2.36,5/29/2019,0.27,7/2/2019,1.11,,,8/28/2019,0.33,,,,,,,1/6/2020,2.95,,,3/4/2020,0.07,,,,,,,,,,,,,,
,3/16/2015,0.96,,,,,,,,,,,,,,,,,,,,,,,,,,,,,6/13/2016,1.12,,,,,,,10/20/2016,0.25,11/16/2016,3.16,12/9/2016,5.99,,,,,3/14/2017,3.16,,,5/18/2017,0.05,6/7/2017,3.42,,,,,9/8/2017,0.51,,,,,12/5/2017,2.84,1/3/2018,5.2,,,3/2/2018,0.8,,,5/18/2018,0.38,6/11/2018,4.8,7/12/2018,2.41,7/31/2018,2.22,,,10/4/2018,4.25,11/2/2018,0.04,12/20/2018,0.01,1/3/2019,0.03,,,,,,,5/2/2019,1.87,5/30/2019,0.25,7/3/2019,1.28,,,8/29/2019,0.59,,,,,,,1/7/2020,3.15,,,3/5/2020,0.04,,,,,,,,,,,,,,
,3/17/2015,0.96,,,,,,,,,,,,,,,,,,,,,,,,,,,,,6/14/2016,0.93,,,,,,,10/21/2016,0.03,11/17/2016,3.3,12/12/2016,5.44,,,,,3/15/2017,3.85,,,5/19/2017,0.19,6/8/2017,3.67,,,,,9/11/2017,0.85,,,,,12/6/2017,2.83,1/5/2018,6.31,,,3/5/2018,1,,,,,6/12/2018,4.55,7/13/2018,2.84,8/1/2018,1.65,,,10/5/2018,4.05,11/5/2018,0.03,,,1/4/2019,0.02,,,,,,,5/3/2019,2.58,5/31/2019,0.14,7/5/2019,1.01,,,8/30/2019,0.71,,,,,,,1/8/2020,3.3,,,3/6/2020,0.03,,,,,,,,,,,,,,
,3/18/2015,0.7,,,,,,,,,,,,,,,,,,,,,,,,,,,,,6/15/2016,1.2,,,,,,,,,11/18/2016,3.31,12/13/2016,5.8,,,,,3/16/2017,3.67,,,,,6/9/2017,3.75,,,,,9/12/2017,1.12,,,,,12/7/2017,3.52,1/8/2018,6.94,,,3/6/2018,1.17,,,,,6/13/2018,3.95,7/16/2018,2.46,8/2/2018,1.36,,,10/8/2018,4.2,11/6/2018,0.03,,,1/8/2019,0.03,,,,,,,5/6/2019,2.2,6/3/2019,0.13,7/8/2019,0.69,,,9/3/2019,0.36,,,,,,,1/9/2020,3.33,,,3/9/2020,0.03,,,,,,,,,,,,,,
,3/19/2015,1.1,,,,,,,,,,,,,,,,,,,,,,,,,,,,,6/16/2016,1.05,,,,,,,,,,,12/14/2016,5.5,,,,,3/17/2017,3.8,,,,,6/12/2017,4.11,,,,,9/13/2017,1.1,,,,,12/8/2017,3.66,1/9/2018,7.59,,,3/7/2018,1.03,,,,,6/14/2018,3.63,7/17/2018,2.52,8/3/2018,1.37,,,10/9/2018,3.34,11/7/2018,0.01,,,1/9/2019,0.02,,,,,,,5/7/2019,1.21,6/4/2019,0.39,7/9/2019,0.53,,,9/4/2019,0.5,,,,,,,1/10/2020,3,,,3/10/2020,0.02,,,,,,,,,,,,,,
,3/20/2015,1.25,,,,,,,,,,,,,,,,,,,,,,,,,,,,,6/17/2016,0.73,,,,,,,,,,,12/15/2016,5.13,,,,,,,,,,,6/13/2017,4.43,,,,,9/14/2017,1.42,,,,,12/11/2017,3.53,1/17/2018,8.88,,,3/8/2018,0.87,,,,,6/15/2018,3.1,7/18/2018,3.58,8/6/2018,1.3,,,10/10/2018,1.82,11/8/2018,0.01,,,1/10/2019,0.03,,,,,,,5/8/2019,1.36,6/5/2019,0.61,7/10/2019,0.45,,,9/5/2019,0.93,,,,,,,1/13/2020,3.52,,,3/11/2020,0.04,,,,,,,,,,,,,,
,,,,,,,,,,,,,,,,,,,,,,,,,,,,,,,,,,,,,,,,,,,,,,,,,,,,,,,6/14/2017,4.35,,,,,9/15/2017,1.32,,,,,12/12/2017,3.75,1/18/2018,8.59,,,3/9/2018,2.36,,,,,,,7/19/2018,3.3,8/7/2018,1.72,,,10/11/2018,0.82,11/9/2018,0.02,,,1/11/2019,0.02,,,,,,,5/9/2019,1.2,6/6/2019,0.51,7/11/2019,0.5,,,9/6/2019,0.83,,,,,,,1/14/2020,3.69,,,3/13/2020,0.03,,,,,,,,,,,,,,
,,,,,,,,,,,,,,,,,,,,,,,,,,,,,,,,,,,,,,,,,,,,,,,,,,,,,,,6/15/2017,4.65,,,,,,,,,,,12/13/2017,3.96,1/19/2018,8.65,,,3/12/2018,1.82,,,,,,,7/20/2018,3.65,8/8/2018,1.35,,,10/12/2018,0.56,11/12/2018,0.01,,,1/15/2019,0.01,,,,,,,5/10/2019,0.85,6/7/2019,0.91,7/12/2019,1.53,,,9/9/2019,1,,,,,,,1/15/2020,3.63,,,3/20/2020,0.01,,,,,,,,,,,,,,
,,,,,,,,,,,,,,,,,,,,,,,,,,,,,,,,,,,,,,,,,,,,,,,,,,,,,,,,,,,,,,,,,,,12/14/2017,3.5,,,,,3/13/2018,1.46,,,,,,,,,8/9/2018,1.04,,,10/15/2018,0.45,11/13/2018,0.01,,,1/18/2019,0.01,,,,,,,5/13/2019,0.23,6/10/2019,1.05,7/15/2019,1.23,,,9/10/2019,1.31,,,,,,,1/16/2020,4.38,,,,,,,,,,,,,,,,,,
,,,,,,,,,,,,,,,,,,,,,,,,,,,,,,,,,,,,,,,,,,,,,,,,,,,,,,,,,,,,,,,,,,,,,,,,,3/14/2018,0.47,,,,,,,,,8/10/2018,0.73,,,10/16/2018,0.75,11/14/2018,0.01,,,,,,,,,,,5/14/2019,0.23,6/11/2019,0.51,7/16/2019,1.74,,,9/11/2019,1.93,,,,,,,1/17/2020,4.32,,,,,,,,,,,,,,,,,,
,,,,,,,,,,,,,,,,,,,,,,,,,,,,,,,,,,,,,,,,,,,,,,,,,,,,,,,,,,,,,,,,,,,,,,,,,3/15/2018,0.52,,,,,,,,,8/13/2018,0.45,,,10/17/2018,0.37,11/15/2018,0.01,,,,,,,,,,,5/15/2019,0.13,6/12/2019,0.48,7/17/2019,0.4,,,9/12/2019,2.17,,,,,,,,,,,,,,,,,,,,,,,,,,
,,,,,,,,,,,,,,,,,,,,,,,,,,,,,,,,,,,,,,,,,,,,,,,,,,,,,,,,,,,,,,,,,,,,,,,,,3/16/2018,0.66,,,,,,,,,8/14/2018,0.58,,,10/18/2018,0.08,,,,,,,,,,,,,5/16/2019,0.2,6/13/2019,0.47,7/18/2019,0.21,,,9/13/2019,2.75,,,,,,,,,,,,,,,,,,,,,,,,,,
,,,,,,,,,,,,,,,,,,,,,,,,,,,,,,,,,,,,,,,,,,,,,,,,,,,,,,,,,,,,,,,,,,,,,,,,,,,,,,,,,,,8/15/2018,0.36,,,10/19/2018,0.02,,,,,,,,,,,,,5/17/2019,0.04,6/14/2019,0.38,7/19/2019,0.54,,,9/16/2019,2.31,,,,,,,,,,,,,,,,,,,,,,,,,,
,,,,,,,,,,,,,,,,,,,,,,,,,,,,,,,,,,,,,,,,,,,,,,,,,,,,,,,,,,,,,,,,,,,,,,,,,,,,,,,,,,,8/16/2018,0.89,,,,,,,,,,,,,,,,,,,6/17/2019,0.18,,,,,9/17/2019,2.16,,,,,,,,,,,,,,,,,,,,,,,,,,
,,,,,,,,,,,,,,,,,,,,,,,,,,,,,,,,,,,,,,,,,,,,,,,,,,,,,,,,,,,,,,,,,,,,,,,,,,,,,,,,,,,8/17/2018,1.35,,,,,,,,,,,,,,,,,,,6/18/2019,0.89,,,,,9/18/2019,1.4,,,,,,,,,,,,,,,,,,,,,,,,,,
,,,,,,,,,,,,,,,,,,,,,,,,,,,,,,,,,,,,,,,,,,,,,,,,,,,,,,,,,,,,,,,,,,,,,,,,,,,,,,,,,,,,,,,,,,,,,,,,,,,,,,,6/19/2019,0.83,,,,,9/19/2019,1.94,,,,,,,,,,,,,,,,,,,,,,,,,,
,,,,,,,,,,,,,,,,,,,,,,,,,,,,,,,,,,,,,,,,,,,,,,,,,,,,,,,,,,,,,,,,,,,,,,,,,,,,,,,,,,,,,,,,,,,,,,,,,,,,,,,6/20/2019,1.9,,,,,9/20/2019,0.91,,,,,,,,,,,,,,,,,,,,,,,,,,
,,,,,,,,,,,,,,,,,,,,,,,,,,,,,,,,,,,,,,,,,,,,,,,,,,,,,,,,,,,,,,,,,,,,,,,,,,,,,,,,,,,,,,,,,,,,,,,,,,,,,,,6/21/2019,1.23,,,,,,,,,,,,,,,,,,,,,,,,,,,,,,,,
