,XLK 3/20/15 P41,,XLK 4/17/15 P40,,XLK 5/15/15 P43,,XLK 6/19/15 P41,,XLK 7/17/15 P43,,XLK 8/21/15 P43,,XLK 9/18/15 P41,,XLK 10/16/15 P42,,XLK 11/20/15 P38,,XLK 12/18/15 P39,,XLK 1/15/16 P44,,XLK 2/19/16 P44,,XLK 3/18/16 P42,,XLK 4/15/16 P41,,XLK 5/20/16 P42,,XLK 6/17/16 P44,,XLK 7/15/16 P42,,XLK 8/19/16 P44,,XLK 9/16/16 P43,,XLK 10/21/16 P46,,XLK 11/18/16 P47,,XLK 12/16/16 P47,,XLK 1/20/17 P47,,XLK 2/17/17 P46,,XLK 3/17/17 P48,,XLK 4/21/17 P50,,XLK 5/19/17 P53,,XLK 6/16/17 P53,,XLK 7/21/17 P54,,XLK 8/18/17 P56,,XLK 9/15/17 P54,,XLK 10/20/17 P57,,XLK 11/17/17 P58,,XLK 12/15/17 P59,,XLK 1/19/18 P62,,XLK 2/16/18 P63,,XLK 3/16/18 P64,,XLK 4/20/18 P68,,XLK 5/18/18 P67,,XLK 6/15/18 P63,,XLK 7/20/18 P66,,XLK 8/17/18 P71,,XLK 9/21/18 P70,,XLK 10/19/18 P71,,XLK 11/16/18 P75,,XLK 12/21/18 P75,,XLK 1/18/19 P70,,XLK 2/15/19 P69,,XLK 3/15/19 P62,,XLK 4/18/19 P66,,XLK 5/17/19 P71,,XLK 6/21/19 P75,,XLK 7/19/19 P78,,XLK 8/16/19 P70,,XLK 9/20/19 P79,,XLK 10/18/19 P80,,XLK 11/15/19 P78,,XLK 12/20/19 P79,,XLK 1/17/20 P84,,XLK 2/21/20 P86,,XLK 3/20/20 P93,,XLK 4/17/20 P96,,XLK 5/15/20 P93,,XLK 6/19/20 P76,,XLK 7/17/20 P88,,XLK 8/21/20 P97,,XLK 9/18/20 P104,,XLK 10/16/20 P113,
0,1/5/2015,1.6,3/2/2015,0.17,3/24/2015,1.02,4/1/2015,1.29,5/18/2015,0.86,6/23/2015,0.89,7/1/2015,1.11,8/24/2015,4.09,9/21/2015,0.6,10/1/2015,1.63,11/5/2015,1.22,12/29/2015,1.16,1/4/2016,1.62,2/22/2016,1.25,3/23/2016,0.63,4/1/2016,1.14,5/25/2016,0.44,6/22/2016,1.25,7/1/2016,1.07,8/23/2016,0.62,9/19/2016,1.08,10/3/2016,1.09,11/1/2016,1.52,12/19/2016,0.33,1/4/2017,0.99,2/21/2017,0.35,3/20/2017,0.82,4/3/2017,1.12,5/22/2017,0.63,6/19/2017,1.24,7/12/2017,0.71,8/1/2017,1.44,9/18/2017,0.84,10/2/2017,1.41,11/1/2017,1.37,12/18/2017,0.66,1/2/2018,1.41,2/16/2018,2.12,3/19/2018,1.8,4/2/2018,2.67,5/2/2018,2.13,6/4/2018,1.66,7/2/2018,2.36,8/1/2018,1.95,9/4/2018,2.08,10/1/2018,1.86,11/1/2018,2.82,12/31/2018,7.2,1/2/2019,2.87,2/1/2019,1.98,3/1/2019,1.89,4/1/2019,2.31,5/1/2019,2.01,6/24/2019,0.37,7/1/2019,2.44,8/1/2019,2.55,9/24/2019,1.89,10/1/2019,2.88,11/13/2019,1.58,12/2/2019,2.72,1/2/2020,2.6,2/24/2020,3.7,3/24/2020,16.81,4/1/2020,6.75,5/14/2020,4.2,6/19/2020,3.7,7/1/2020,5.4,8/20/2020,3.79
,1/6/2015,1.76,3/3/2015,0.16,4/2/2015,1.83,4/2/2015,1.13,5/20/2015,0.82,6/24/2015,0.95,7/2/2015,1.03,8/26/2015,3.77,9/23/2015,0.75,10/2/2015,1.48,11/9/2015,1.42,1/4/2016,2.47,1/5/2016,1.45,2/23/2016,1.61,3/29/2016,0.42,4/5/2016,1.27,5/26/2016,0.4,6/23/2016,1.14,7/5/2016,1.26,8/24/2016,0.73,9/21/2016,1.02,10/4/2016,1.06,11/2/2016,1.65,12/21/2016,0.34,1/5/2017,0.95,2/22/2017,0.35,3/21/2017,1.19,4/4/2017,1.11,5/23/2017,0.58,7/12/2017,0.88,7/13/2017,0.65,8/2/2017,1.33,9/19/2017,0.84,10/3/2017,1.32,11/3/2017,1.19,12/19/2017,0.8,1/3/2018,1.1,2/20/2018,2.16,3/20/2018,1.56,4/3/2018,2.15,5/3/2018,2.6,6/5/2018,1.54,7/3/2018,2.41,8/2/2018,1.51,9/5/2018,2.6,10/2/2018,1.88,11/2/2018,3.63,1/29/2019,4.1,1/3/2019,4.39,2/4/2019,1.6,3/4/2019,2.09,4/2/2019,2.27,5/2/2019,2.31,6/25/2019,0.58,7/2/2019,2.19,8/2/2019,3.25,9/25/2019,1.43,10/2/2019,3.7,11/14/2019,1.56,12/3/2019,3,1/3/2020,2.95,2/25/2020,6.09,3/25/2020,14.52,4/2/2020,5.85,5/15/2020,3.95,6/22/2020,2.99,7/2/2020,4.65,8/21/2020,3.32
,1/7/2015,1.55,3/5/2015,0.19,4/8/2015,1.51,4/6/2015,0.92,5/28/2015,0.65,6/30/2015,1.96,7/6/2015,1.06,8/27/2015,2.36,9/25/2015,0.66,10/6/2015,0.86,11/11/2015,1.38,1/7/2016,2.9,1/6/2016,1.73,2/24/2016,1.85,3/30/2016,0.31,4/6/2016,1.14,5/31/2016,0.34,7/1/2016,1.1,7/6/2016,1.25,8/25/2016,0.69,9/22/2016,0.75,10/6/2016,1.04,11/3/2016,1.83,12/22/2016,0.35,1/6/2017,0.78,2/23/2017,0.36,3/22/2017,0.99,4/5/2017,0.95,5/24/2017,0.55,7/13/2017,0.75,7/14/2017,0.51,8/3/2017,1.4,9/20/2017,0.88,10/4/2017,1.35,11/6/2017,0.93,12/20/2017,0.74,1/4/2018,1.01,2/21/2018,2.14,3/21/2018,1.58,4/4/2018,1.83,5/4/2018,1.59,6/6/2018,1.35,7/5/2018,2.15,8/3/2018,1.44,9/6/2018,2.91,10/3/2018,1.83,11/5/2018,3.45,1/30/2019,2.82,1/4/2019,3.1,2/5/2019,1.36,3/5/2019,2.07,4/3/2019,2.04,5/3/2019,2.01,6/26/2019,0.46,7/3/2019,2.07,8/5/2019,5.4,9/26/2019,1.45,10/3/2019,3.15,11/18/2019,1.12,12/4/2019,2.76,1/6/2020,3.12,2/26/2020,5.75,3/27/2020,15.3,4/3/2020,6.05,5/18/2020,2.66,6/23/2020,2.45,7/8/2020,4.39,8/25/2020,2.83
,1/8/2015,1.16,3/6/2015,0.26,4/9/2015,1.41,4/7/2015,0.9,5/29/2015,0.77,7/2/2015,1.63,7/7/2015,1.18,8/28/2015,2.2,9/28/2015,0.99,10/8/2015,0.67,11/12/2015,1.7,1/15/2016,4.92,1/7/2016,2.45,2/29/2016,1.2,3/31/2016,0.32,4/7/2016,1.5,6/2/2016,0.36,7/5/2016,1.34,7/8/2016,0.78,8/29/2016,0.62,9/23/2016,0.78,10/11/2016,1.14,11/4/2016,1.83,12/27/2016,0.27,1/9/2017,0.75,2/24/2017,0.3,3/23/2017,1.09,4/6/2017,1.18,5/25/2017,0.41,7/14/2017,0.56,7/17/2017,0.48,8/4/2017,1.31,9/21/2017,0.98,10/5/2017,1.11,11/7/2017,0.96,12/21/2017,0.74,1/5/2018,0.85,2/22/2018,2.45,3/22/2018,2.54,4/5/2018,1.57,5/7/2018,1.34,6/7/2018,1.68,7/6/2018,1.79,8/6/2018,1.22,9/7/2018,2.89,10/4/2018,2.52,11/6/2018,3.35,1/31/2019,2.86,1/7/2019,2.72,2/6/2019,1.35,3/6/2019,2.38,4/4/2019,2.11,5/6/2019,2.31,6/27/2019,0.42,7/5/2019,2,8/6/2019,4.5,9/27/2019,1.91,10/7/2019,2.4,11/19/2019,1.07,12/5/2019,2.63,1/7/2020,2.76,2/27/2020,7.65,3/30/2020,14.04,4/6/2020,3.37,5/19/2020,2.15,6/24/2020,3.33,7/9/2020,4.25,8/26/2020,2.4
,1/9/2015,1.22,3/9/2015,0.22,4/10/2015,1.2,4/8/2015,0.89,6/1/2015,0.78,7/8/2015,2.01,7/8/2015,1.38,9/4/2015,3.13,9/29/2015,1.28,10/9/2015,0.64,11/18/2015,1.42,,,1/8/2016,2.55,3/1/2016,0.77,4/4/2016,0.29,4/8/2016,1.4,6/3/2016,0.31,7/8/2016,0.74,7/11/2016,0.64,8/30/2016,0.67,9/26/2016,1,10/13/2016,1.18,11/7/2016,1.36,12/28/2016,0.32,1/17/2017,0.64,2/27/2017,0.31,3/24/2017,0.98,4/7/2017,1.14,5/26/2017,0.42,7/17/2017,0.53,7/18/2017,0.42,8/7/2017,1.12,9/22/2017,0.96,10/6/2017,1.09,11/8/2017,0.86,12/22/2017,0.77,1/8/2018,0.74,2/23/2018,1.69,3/23/2018,3.28,4/6/2018,2.18,5/8/2018,1.35,6/8/2018,1.59,7/9/2018,1.57,8/7/2018,1.1,9/11/2018,2.52,10/5/2018,3.17,11/7/2018,2.05,2/1/2019,2.48,1/8/2019,2.5,2/7/2019,1.8,3/7/2019,2.75,4/5/2019,1.93,5/7/2019,3.7,6/28/2019,0.41,7/8/2019,2.25,8/7/2019,4.44,9/30/2019,1.44,10/8/2019,2.7,11/20/2019,1.38,12/9/2019,2.17,1/8/2020,2.33,2/28/2020,10.5,4/2/2020,17.19,4/7/2020,2.95,5/20/2020,1.85,6/25/2020,3.05,7/10/2020,4.2,8/27/2020,2.58
,1/13/2015,1.49,3/11/2015,0.45,4/13/2015,1.28,4/9/2015,0.81,6/2/2015,0.72,7/14/2015,1.14,7/9/2015,1.43,9/8/2015,2.48,9/30/2015,0.91,10/12/2015,0.57,11/19/2015,1.28,,,1/19/2016,3.2,3/4/2016,0.6,4/5/2016,0.37,4/11/2016,1.41,6/7/2016,0.24,7/11/2016,0.6,7/12/2016,0.55,8/31/2016,0.7,9/27/2016,0.75,10/14/2016,1.1,11/8/2016,1.35,12/30/2016,0.45,1/18/2017,0.6,2/28/2017,0.34,3/27/2017,1.13,4/10/2017,1.17,5/30/2017,0.38,7/18/2017,0.47,7/19/2017,0.36,8/8/2017,1.19,9/25/2017,1.31,10/9/2017,0.95,11/9/2017,1.15,12/26/2017,0.83,1/9/2018,0.79,2/26/2018,1.2,3/26/2018,2.43,4/9/2018,1.5,5/9/2018,1.24,6/11/2018,1.54,7/10/2018,1.45,8/8/2018,1.04,9/12/2018,2.47,10/8/2018,3.9,11/8/2018,2.02,2/4/2019,1.54,1/9/2019,2.16,2/8/2019,1.59,3/8/2019,2.98,4/8/2019,1.86,5/8/2019,3.2,7/1/2019,0.28,7/9/2019,2.13,8/8/2019,3.25,10/1/2019,1.76,10/9/2019,2.71,11/21/2019,1.43,12/10/2019,2.4,1/9/2020,2.02,3/2/2020,5.9,4/3/2020,16.17,4/13/2020,3.15,5/21/2020,2.08,6/26/2020,3.46,7/13/2020,4.9,8/28/2020,2.59
,1/14/2015,1.53,3/13/2015,0.43,4/14/2015,1.44,4/10/2015,0.73,6/8/2015,1.1,7/17/2015,0.5,7/10/2015,1.05,9/9/2015,2.05,10/1/2015,0.87,10/14/2015,0.57,11/20/2015,1.12,,,1/27/2016,2.81,3/7/2016,0.68,4/7/2016,0.41,4/12/2016,1.4,6/8/2016,0.22,7/12/2016,0.49,7/13/2016,0.51,9/1/2016,0.63,9/28/2016,0.73,10/17/2016,1.15,11/9/2016,1.13,1/3/2017,0.32,1/19/2017,0.55,3/1/2017,0.24,3/28/2017,0.82,4/11/2017,1.39,5/31/2017,0.37,7/19/2017,0.38,7/20/2017,0.37,8/9/2017,1.19,9/26/2017,1.17,10/10/2017,1.06,11/10/2017,1.01,12/27/2017,0.82,1/10/2018,0.9,2/27/2018,1.46,3/27/2018,3.54,4/10/2018,1.46,5/10/2018,0.83,6/12/2018,1.44,7/11/2018,1.54,8/9/2018,1,9/13/2018,2.08,10/10/2018,5.11,11/9/2018,2.51,2/5/2019,1.08,1/10/2019,1.95,2/11/2019,1.43,3/11/2019,1.9,4/9/2019,1.8,5/9/2019,4.34,7/2/2019,0.21,7/10/2019,1.75,8/9/2019,3.4,10/2/2019,2.42,10/10/2019,2.46,11/22/2019,1.43,12/11/2019,2.21,1/10/2020,2.14,3/3/2020,8.15,4/6/2020,11.52,4/14/2020,2.15,5/22/2020,2.24,6/29/2020,3,7/14/2020,4.94,8/31/2020,2.14
,1/16/2015,1.78,3/16/2015,0.27,4/15/2015,1.02,4/14/2015,0.8,6/9/2015,1.27,7/20/2015,0.44,7/13/2015,0.76,9/10/2015,2.08,10/5/2015,0.38,10/15/2015,0.48,11/23/2015,1.18,,,2/8/2016,3.73,3/9/2016,0.69,4/8/2016,0.44,4/13/2016,1.04,6/9/2016,0.23,7/13/2016,0.46,7/14/2016,0.45,9/2/2016,0.45,9/29/2016,0.82,10/18/2016,0.97,11/10/2016,1.44,1/5/2017,0.22,1/20/2017,0.49,3/2/2017,0.26,3/29/2017,0.75,4/12/2017,1.45,6/1/2017,0.35,7/20/2017,0.34,7/21/2017,0.38,8/10/2017,1.75,9/27/2017,0.96,10/11/2017,0.92,11/13/2017,0.99,12/28/2017,0.78,1/11/2018,0.81,2/28/2018,1.59,3/28/2018,3.55,4/11/2018,1.42,5/11/2018,0.81,6/13/2018,1.45,7/12/2018,1.19,8/10/2018,1.3,9/14/2018,1.97,10/11/2018,5.45,11/12/2018,3.88,2/6/2019,0.89,1/11/2019,2.01,2/12/2019,1.13,3/12/2019,1.63,4/10/2019,1.68,5/10/2019,4.3,7/3/2019,0.15,7/11/2019,1.68,8/12/2019,4.45,10/3/2019,1.93,10/11/2019,1.86,11/25/2019,1.02,12/12/2019,1.87,1/13/2020,1.69,3/5/2020,7.6,4/7/2020,10.07,4/15/2020,2.39,5/26/2020,1.69,6/30/2020,2.35,7/16/2020,4.5,9/1/2020,2.09
,1/20/2015,1.33,3/17/2015,0.29,4/16/2015,1.15,4/15/2015,0.67,6/10/2015,0.8,7/21/2015,0.51,7/14/2015,0.68,9/14/2015,2.09,10/8/2015,0.27,10/16/2015,0.42,11/24/2015,1.13,,,2/9/2016,3.68,3/10/2016,0.77,4/12/2016,0.38,4/14/2016,1.08,6/10/2016,0.33,7/14/2016,0.35,7/18/2016,0.38,9/6/2016,0.47,9/30/2016,0.67,10/19/2016,0.93,11/11/2016,1.49,1/6/2017,0.18,1/23/2017,0.47,3/3/2017,0.21,3/30/2017,0.7,4/13/2017,1.49,6/2/2017,0.25,7/21/2017,0.35,7/24/2017,0.33,8/11/2017,1.68,9/28/2017,0.94,10/12/2017,0.92,11/14/2017,1.05,12/29/2017,0.91,1/12/2018,0.74,3/1/2018,2.5,3/29/2018,2.73,4/12/2018,1.17,5/15/2018,0.98,6/14/2018,1.32,7/13/2018,1.2,8/13/2018,1.26,9/17/2018,2.5,10/12/2018,5.55,11/13/2018,3.97,2/7/2019,1.78,1/14/2019,2.05,2/13/2019,1.09,3/13/2019,1.52,4/11/2019,1.72,5/13/2019,5.11,7/5/2019,0.13,7/12/2019,1.53,8/13/2019,3.15,10/4/2019,1.32,10/14/2019,1.82,11/27/2019,0.81,12/16/2019,1.09,1/14/2020,1.84,3/6/2020,9.17,4/14/2020,6.6,4/16/2020,2.45,5/27/2020,1.77,7/1/2020,2.2,7/20/2020,2.9,9/2/2020,2.32
,1/21/2015,1.27,3/18/2015,0.25,4/17/2015,1.61,4/16/2015,0.67,6/11/2015,0.79,7/22/2015,0.78,7/15/2015,0.64,9/15/2015,1.62,10/14/2015,0.18,10/19/2015,0.37,11/25/2015,1.14,,,2/12/2016,3.13,3/14/2016,0.35,4/14/2016,0.22,4/15/2016,1.07,6/13/2016,0.47,7/15/2016,0.34,7/19/2016,0.39,9/7/2016,0.42,10/3/2016,0.74,10/20/2016,0.99,11/14/2016,1.77,1/12/2017,0.17,1/24/2017,0.36,3/6/2017,0.22,3/31/2017,0.72,4/17/2017,1.2,6/5/2017,0.25,7/24/2017,0.31,7/25/2017,0.32,8/14/2017,1.12,9/29/2017,0.74,10/13/2017,0.82,11/15/2017,1.14,1/2/2018,0.61,1/16/2018,0.78,3/2/2018,1.95,4/2/2018,4.25,4/13/2018,1.21,5/16/2018,0.82,6/15/2018,1.35,7/16/2018,1.23,8/14/2018,1.13,9/18/2018,2.03,10/15/2018,5.25,11/14/2018,4.45,2/8/2019,1.76,1/15/2019,1.61,2/14/2019,1.06,3/14/2019,1.47,4/12/2019,1.46,5/14/2019,4.08,7/8/2019,0.17,7/15/2019,1.45,8/14/2019,4.65,10/7/2019,1.38,10/15/2019,1.45,11/29/2019,0.88,12/19/2019,1.08,1/15/2020,1.82,3/9/2020,13.1,4/15/2020,7.65,4/17/2020,2.3,5/28/2020,1.71,7/2/2020,1.83,7/21/2020,3.15,9/3/2020,3.85
,1/22/2015,0.92,3/23/2015,0.1,4/20/2015,1.05,4/17/2015,0.91,6/12/2015,0.88,7/23/2015,0.84,7/16/2015,0.4,9/17/2015,1.57,10/15/2015,0.17,10/21/2015,0.4,11/27/2015,1.1,,,2/18/2016,1.86,3/15/2016,0.31,4/15/2016,0.23,4/18/2016,0.92,6/14/2016,0.51,7/18/2016,0.28,7/20/2016,0.33,9/8/2016,0.48,10/4/2016,0.78,10/21/2016,0.91,11/15/2016,1.4,1/20/2017,0.08,1/25/2017,0.27,3/7/2017,0.18,4/3/2017,0.73,4/18/2017,1.24,6/6/2017,0.28,7/25/2017,0.27,7/26/2017,0.28,8/15/2017,1.14,10/2/2017,0.68,10/16/2017,0.81,11/16/2017,0.89,1/3/2018,0.51,1/17/2018,0.54,3/5/2018,1.52,4/3/2018,3.77,4/16/2018,0.92,5/17/2018,0.86,6/18/2018,1.4,7/17/2018,1.01,8/15/2018,1.36,9/19/2018,2.39,10/22/2018,5.01,11/15/2018,3.53,2/11/2019,1.15,1/16/2019,1.58,2/15/2019,0.99,3/15/2019,1.16,4/15/2019,1.43,5/15/2019,3.85,7/9/2019,0.14,7/16/2019,1.62,8/15/2019,4.99,10/8/2019,2.04,10/16/2019,1.68,12/2/2019,1.24,12/20/2019,0.88,1/16/2020,1.45,3/10/2020,11.6,4/17/2020,6.45,4/20/2020,2.42,5/29/2020,1.44,7/6/2020,1.57,7/22/2020,3.1,9/4/2020,3.85
,1/23/2015,0.84,3/25/2015,0.28,4/21/2015,1.01,4/20/2015,0.62,6/15/2015,1.21,7/24/2015,0.93,7/17/2015,0.37,9/21/2015,1.84,10/16/2015,0.12,10/22/2015,0.2,11/30/2015,1.11,,,2/22/2016,1.61,3/18/2016,0.14,4/18/2016,0.21,4/19/2016,1.01,6/15/2016,0.39,7/19/2016,0.29,7/21/2016,0.36,9/9/2016,0.94,10/5/2016,0.71,10/24/2016,0.72,11/16/2016,1.29,1/23/2017,0.07,1/26/2017,0.28,3/13/2017,0.14,4/4/2017,0.71,4/19/2017,1.14,6/7/2017,0.27,7/26/2017,0.22,7/27/2017,0.43,8/16/2017,0.99,10/3/2017,0.61,10/17/2017,0.76,11/17/2017,0.92,1/4/2018,0.4,1/18/2018,0.61,3/6/2018,1.53,4/4/2018,2.69,4/17/2018,0.62,5/18/2018,0.89,6/19/2018,1.59,7/18/2018,1.02,8/20/2018,1.07,9/20/2018,1.76,10/23/2018,5.19,11/16/2018,3.38,2/12/2019,0.5,1/17/2019,1.43,2/19/2019,0.82,3/18/2019,1.11,4/16/2019,1.3,5/16/2019,2.99,7/11/2019,0.09,7/17/2019,1.6,8/16/2019,3.7,10/9/2019,1.56,10/17/2019,1.6,12/3/2019,1.69,12/23/2019,0.83,1/17/2020,1.21,3/12/2020,18.61,4/20/2020,6.05,4/21/2020,3.2,6/1/2020,1.37,7/7/2020,1.75,7/23/2020,3.8,9/8/2020,5.66
,1/26/2015,0.96,3/26/2015,0.25,4/22/2015,0.74,4/21/2015,0.62,6/16/2015,1,7/28/2015,1.22,7/20/2015,0.29,9/24/2015,2.27,10/19/2015,0.1,10/23/2015,0.12,12/1/2015,0.93,,,2/23/2016,1.55,3/21/2016,0.11,4/19/2016,0.23,4/20/2016,0.91,6/16/2016,0.55,7/20/2016,0.18,7/22/2016,0.29,9/12/2016,0.6,10/6/2016,0.69,10/25/2016,0.76,11/17/2016,1.07,1/24/2017,0.05,1/27/2017,0.23,3/14/2017,0.16,4/5/2017,0.8,4/20/2017,0.97,6/8/2017,0.23,7/27/2017,0.41,7/28/2017,0.38,8/17/2017,1.47,10/4/2017,0.61,10/18/2017,0.7,11/20/2017,0.82,1/5/2018,0.34,1/19/2018,0.57,3/7/2018,1.35,4/5/2018,2.44,4/18/2018,0.65,5/21/2018,0.69,6/20/2018,1.42,7/19/2018,1.11,8/21/2018,1.01,9/21/2018,1.87,10/24/2018,6.45,11/19/2018,5.15,2/13/2019,0.38,1/18/2019,1.1,2/20/2019,0.81,3/19/2019,1.09,4/17/2019,1.19,5/17/2019,3.7,7/12/2019,0.08,7/18/2019,1.56,8/19/2019,2.86,10/10/2019,1.39,10/18/2019,1.93,12/4/2019,1.36,12/26/2019,0.7,1/21/2020,1.2,3/13/2020,19.28,4/21/2020,9.26,4/23/2020,2.2,6/2/2020,1.29,7/8/2020,1.48,7/24/2020,4.35,9/9/2020,3.7
,1/28/2015,1.63,3/27/2015,0.25,4/23/2015,0.74,4/22/2015,0.47,6/17/2015,0.91,7/29/2015,0.96,7/21/2015,0.38,9/28/2015,2.88,10/21/2015,0.06,10/26/2015,0.18,12/2/2015,0.84,,,2/29/2016,1.15,3/30/2016,0.01,4/20/2016,0.16,4/21/2016,1.05,6/17/2016,0.47,7/21/2016,0.18,7/25/2016,0.32,9/13/2016,0.8,10/7/2016,0.69,10/26/2016,0.87,11/18/2016,1.04,1/27/2017,0.02,1/30/2017,0.32,3/16/2017,0.1,4/6/2017,0.82,4/21/2017,1.08,6/9/2017,0.6,7/28/2017,0.32,7/31/2017,0.41,8/18/2017,1.53,10/5/2017,0.46,10/19/2017,0.78,11/21/2017,0.67,1/8/2018,0.27,1/22/2018,0.44,3/8/2018,1.26,4/6/2018,3.48,4/19/2018,0.79,5/22/2018,0.74,6/21/2018,1.83,7/20/2018,1.11,8/22/2018,0.97,9/24/2018,1.8,10/25/2018,6.59,11/20/2018,6.3,2/14/2019,0.22,1/22/2019,1.55,2/21/2019,0.89,3/21/2019,0.71,4/18/2019,1.09,5/22/2019,4.18,7/16/2019,0.04,7/19/2019,1.33,8/20/2019,2.94,10/11/2019,0.88,10/22/2019,1.55,12/5/2019,1.23,12/27/2019,0.72,1/22/2020,1.15,3/16/2020,23.01,4/22/2020,7.31,4/24/2020,1.85,6/3/2020,0.95,7/9/2020,1.52,7/27/2020,3.6,9/10/2020,5.3
,1/29/2015,1.61,4/1/2015,0.21,4/24/2015,0.49,4/23/2015,0.41,6/18/2015,0.66,7/30/2015,0.63,7/22/2015,0.47,10/2/2015,2.3,10/22/2015,0.05,10/28/2015,0.15,12/4/2015,0.81,,,3/1/2016,0.75,,,4/21/2016,0.2,4/22/2016,1.49,6/20/2016,0.34,7/22/2016,0.25,7/26/2016,0.3,9/14/2016,0.67,10/10/2016,0.55,10/27/2016,0.85,11/21/2016,0.77,2/7/2017,0.01,1/31/2017,0.34,3/17/2017,0.07,4/7/2017,0.82,4/24/2017,0.67,6/12/2017,0.59,7/31/2017,0.34,8/1/2017,0.33,8/21/2017,1.57,10/6/2017,0.42,10/20/2017,0.64,11/22/2017,0.64,1/9/2018,0.3,1/23/2018,0.41,3/9/2018,0.74,4/9/2018,3.1,4/20/2018,1.03,5/23/2018,0.67,6/22/2018,1.71,7/23/2018,0.97,8/23/2018,0.89,9/25/2018,1.88,10/26/2018,7.24,11/21/2018,5.6,2/15/2019,0.03,1/23/2019,1.4,2/22/2019,0.59,3/22/2019,1.31,4/22/2019,1.03,5/23/2019,5.6,7/17/2019,0.08,7/22/2019,1.31,8/21/2019,2.47,10/14/2019,0.76,10/24/2019,1.32,12/6/2019,0.9,12/30/2019,0.86,1/23/2020,1.14,3/19/2020,20.39,4/23/2020,6.1,4/27/2020,1.45,6/4/2020,1.05,7/10/2020,1.62,7/28/2020,3.4,9/11/2020,4.75
,1/30/2015,1.57,4/2/2015,0.12,4/27/2015,0.41,4/24/2015,0.38,6/19/2015,0.81,7/31/2015,0.6,7/23/2015,0.51,10/6/2015,1.24,10/23/2015,0.02,10/30/2015,0.14,12/7/2015,0.9,,,3/2/2016,0.68,,,4/22/2016,0.32,4/25/2016,1.41,6/21/2016,0.33,7/25/2016,0.19,7/27/2016,0.26,9/15/2016,0.45,10/11/2016,0.85,10/28/2016,0.98,11/22/2016,0.7,2/9/2017,0.01,2/1/2017,0.28,3/21/2017,0.14,4/10/2017,0.84,4/25/2017,0.55,6/13/2017,0.4,8/1/2017,0.25,8/2/2017,0.29,8/22/2017,1.07,10/9/2017,0.4,10/23/2017,0.7,11/24/2017,0.57,1/10/2018,0.34,1/24/2018,0.52,3/12/2018,0.73,4/10/2018,2.23,4/23/2018,1.15,5/24/2018,0.67,6/25/2018,2.91,7/24/2018,0.88,8/27/2018,0.6,9/26/2018,1.9,10/30/2018,7.91,11/23/2018,6.35,,,1/24/2019,1.2,2/25/2019,0.5,3/25/2019,1.32,4/23/2019,0.84,5/24/2019,5.05,7/31/2019,0.02,7/23/2019,1.28,8/22/2019,2.65,10/15/2019,0.5,10/25/2019,1.05,12/9/2019,0.97,12/31/2019,0.91,1/24/2020,1.4,3/23/2020,25.6,4/24/2020,6.9,4/28/2020,1.55,6/5/2020,0.77,7/13/2020,1.9,7/29/2020,3.05,9/14/2020,3.4
,2/2/2015,1.82,4/10/2015,0.03,4/28/2015,0.33,4/27/2015,0.3,6/22/2015,0.58,8/3/2015,0.91,7/24/2015,0.52,10/14/2015,0.76,,,11/3/2015,0.1,12/8/2015,0.94,,,3/3/2016,0.59,,,4/25/2016,0.3,4/26/2016,1.5,6/22/2016,0.3,7/26/2016,0.18,7/28/2016,0.25,9/16/2016,0.47,10/12/2016,0.7,10/31/2016,0.95,11/23/2016,0.76,2/13/2017,0.04,2/2/2017,0.28,3/22/2017,0.13,4/11/2017,1.04,4/26/2017,0.73,6/14/2017,0.57,8/2/2017,0.25,8/3/2017,0.27,8/23/2017,1.09,10/10/2017,0.4,10/24/2017,0.67,11/27/2017,0.52,1/11/2018,0.31,1/25/2018,0.53,3/13/2018,0.97,4/11/2018,2.33,4/24/2018,1.59,5/25/2018,0.59,6/26/2018,2.26,7/25/2018,0.74,8/28/2018,0.6,9/27/2018,1.64,11/1/2018,5.37,11/26/2018,5.2,,,1/25/2019,0.86,2/26/2019,0.52,3/26/2019,1.14,4/24/2019,0.85,5/28/2019,5.29,8/1/2019,0.05,7/24/2019,0.95,8/23/2019,4.4,10/16/2019,0.56,10/28/2019,0.85,12/10/2019,1.04,1/2/2020,0.49,1/27/2020,2.19,3/24/2020,21.09,4/27/2020,4.77,4/29/2020,1.08,6/9/2020,0.65,7/14/2020,1.62,7/30/2020,2.99,9/15/2020,3.08
,2/3/2015,1.26,4/17/2015,0.01,4/29/2015,0.34,4/28/2015,0.35,6/23/2015,0.54,8/4/2015,1,7/27/2015,0.76,10/16/2015,0.18,,,11/5/2015,0.11,12/9/2015,1.24,,,3/4/2016,0.53,,,4/26/2016,0.32,4/27/2016,1.5,6/24/2016,0.7,7/29/2016,0.08,7/29/2016,0.19,9/19/2016,0.45,10/13/2016,0.83,11/1/2016,1.28,11/25/2016,0.7,,,2/3/2017,0.21,3/23/2017,0.12,4/12/2017,1.1,4/27/2017,0.48,6/15/2017,0.6,8/3/2017,0.18,8/4/2017,0.26,8/24/2017,1.11,10/11/2017,0.34,10/25/2017,0.81,11/28/2017,0.49,1/12/2018,0.25,1/26/2018,0.38,3/14/2018,0.99,4/12/2018,1.77,4/25/2018,1.37,5/29/2018,0.79,6/27/2018,3,7/26/2018,0.9,8/29/2018,0.47,9/28/2018,1.48,11/5/2018,6.7,11/27/2018,4.94,,,1/28/2019,1.11,2/27/2019,0.56,3/27/2019,1.22,4/25/2019,0.93,5/29/2019,5.75,8/2/2019,0.08,7/26/2019,0.93,8/26/2019,3.64,10/17/2019,0.54,10/29/2019,0.99,12/11/2019,0.82,1/3/2020,0.59,1/28/2020,1.51,3/25/2020,18.1,4/28/2020,5,4/30/2020,1.17,6/10/2020,0.57,7/15/2020,1.32,7/31/2020,2.4,9/16/2020,3.5
,2/4/2015,1.03,,,4/30/2015,0.8,4/29/2015,0.36,6/25/2015,0.72,8/6/2015,1.05,7/28/2015,0.56,,,,,11/9/2015,0.11,12/11/2015,1.7,,,3/7/2016,0.61,,,4/27/2016,0.33,4/28/2016,2.05,6/27/2016,1,8/2/2016,0.05,8/2/2016,0.2,9/20/2016,0.47,10/14/2016,0.73,11/2/2016,1.31,11/28/2016,0.64,,,2/6/2017,0.18,3/28/2017,0.09,4/13/2017,1.11,4/28/2017,0.43,7/12/2017,0.06,8/4/2017,0.13,8/7/2017,0.21,8/25/2017,1.08,10/12/2017,0.36,10/26/2017,0.66,11/29/2017,0.92,1/16/2018,0.27,1/29/2018,0.45,3/15/2018,0.93,4/13/2018,1.89,4/26/2018,0.99,5/30/2018,0.59,6/28/2018,2.42,7/27/2018,1.23,8/31/2018,0.54,10/1/2018,1.3,11/6/2018,6.29,11/28/2018,3.54,,,1/29/2019,1.21,2/28/2019,0.56,3/28/2019,1.09,4/26/2019,0.92,5/30/2019,5.46,8/5/2019,0.32,7/29/2019,0.95,8/27/2019,3.3,10/18/2019,0.64,10/31/2019,0.91,12/12/2019,0.59,1/6/2020,0.59,1/29/2020,1.37,3/27/2020,16.12,4/29/2020,3,5/1/2020,1.52,6/11/2020,1.32,7/16/2020,1.34,8/3/2020,1.73,9/17/2020,4.1
,2/5/2015,0.95,,,5/1/2015,0.44,4/30/2015,0.49,6/26/2015,0.95,8/7/2015,1.01,7/29/2015,0.47,,,,,11/10/2015,0.11,12/14/2015,1.93,,,3/8/2016,0.58,,,4/28/2016,0.52,4/29/2016,2.3,6/28/2016,0.53,8/4/2016,0.06,8/3/2016,0.19,9/21/2016,0.3,10/17/2016,0.75,11/3/2016,1.57,11/29/2016,0.62,,,2/7/2017,0.17,3/29/2017,0.06,4/17/2017,0.84,5/1/2017,0.37,7/13/2017,0.04,8/7/2017,0.07,8/8/2017,0.17,8/28/2017,1,10/13/2017,0.31,10/27/2017,0.39,11/30/2017,0.74,1/17/2018,0.2,1/30/2018,0.61,3/16/2018,0.77,4/16/2018,1.5,4/27/2018,0.93,5/31/2018,0.61,6/29/2018,2.25,7/30/2018,1.65,9/4/2018,0.56,10/2/2018,1.29,11/7/2018,4.44,11/29/2018,3.6,,,1/30/2019,0.68,3/1/2019,0.49,3/29/2019,0.86,4/29/2019,0.88,5/31/2019,6.3,8/6/2019,0.11,7/30/2019,1.08,8/28/2019,3.5,10/21/2019,0.47,11/1/2019,0.67,12/13/2019,0.41,1/7/2020,0.58,1/30/2020,1.25,3/31/2020,14.8,4/30/2020,3.2,5/4/2020,1.38,6/12/2020,1.35,7/17/2020,0.99,8/4/2020,1.67,9/18/2020,4.69
,2/6/2015,0.82,,,5/4/2015,0.28,5/1/2015,0.44,6/29/2015,1.54,8/10/2015,0.5,7/30/2015,0.4,,,,,11/11/2015,0.1,12/15/2015,1.25,,,3/10/2016,0.53,,,4/29/2016,0.67,5/2/2016,2.2,6/29/2016,0.27,8/5/2016,0.03,8/4/2016,0.16,9/22/2016,0.22,10/18/2016,0.6,11/4/2016,1.47,11/30/2016,0.81,,,2/9/2017,0.12,3/31/2017,0.05,4/18/2017,0.85,5/2/2017,0.35,7/14/2017,0.02,8/8/2017,0.09,8/9/2017,0.23,8/29/2017,0.89,10/16/2017,0.28,10/30/2017,0.36,12/1/2017,0.92,1/18/2018,0.2,1/31/2018,0.5,3/19/2018,1.46,4/17/2018,0.91,4/30/2018,0.94,6/1/2018,0.4,7/2/2018,2.27,7/31/2018,1.44,9/5/2018,0.76,10/3/2018,1.23,11/8/2018,4.6,11/30/2018,3.25,,,1/31/2019,0.58,3/4/2019,0.44,4/1/2019,0.63,4/30/2019,0.87,6/3/2019,6.85,8/7/2019,0.12,7/31/2019,1.43,8/29/2019,2.69,10/22/2019,0.67,11/4/2019,0.55,12/16/2019,0.24,1/8/2020,0.38,1/31/2020,2.08,4/1/2020,17.95,5/1/2020,4.9,5/5/2020,0.86,6/15/2020,0.96,7/20/2020,0.69,8/5/2020,1.52,9/21/2020,4.5
,2/9/2015,0.98,,,5/5/2015,0.6,5/4/2015,0.3,6/30/2015,1.46,8/11/2015,1.02,7/31/2015,0.39,,,,,11/13/2015,0.21,12/16/2015,0.99,,,3/14/2016,0.15,,,5/2/2016,0.42,5/4/2016,2.4,6/30/2016,0.15,8/9/2016,0.02,8/8/2016,0.09,9/23/2016,0.25,10/19/2016,0.55,11/7/2016,1.07,12/1/2016,1.38,,,2/10/2017,0.1,4/3/2017,0.04,4/19/2017,0.88,5/3/2017,0.36,7/17/2017,0.02,8/9/2017,0.08,8/10/2017,0.48,8/30/2017,0.77,10/17/2017,0.26,10/31/2017,0.35,12/4/2017,1.24,1/19/2018,0.17,2/1/2018,0.43,3/20/2018,1.33,4/18/2018,1.01,5/1/2018,0.75,6/4/2018,0.31,7/3/2018,2.18,8/1/2018,1.2,9/6/2018,0.96,10/4/2018,1.84,11/9/2018,5.5,12/3/2018,2.26,,,2/1/2019,0.53,3/5/2019,0.52,4/2/2019,0.54,5/1/2019,0.76,6/4/2019,5.89,8/8/2019,0.02,8/1/2019,1.88,8/30/2019,2.78,10/23/2019,0.61,11/5/2019,0.55,12/17/2019,0.29,1/9/2020,0.34,2/3/2020,1.65,4/9/2020,9.65,5/4/2020,5.29,5/6/2020,0.76,6/16/2020,0.91,7/21/2020,0.82,8/6/2020,1.27,9/22/2020,3.15
,2/10/2015,0.87,,,5/6/2015,1,5/5/2015,0.47,7/1/2015,1.45,8/12/2015,1.47,8/3/2015,0.55,,,,,11/16/2015,0.16,12/17/2015,1.25,,,3/15/2016,0.09,,,5/3/2016,0.53,5/5/2016,2.37,7/1/2016,0.1,8/15/2016,0.01,8/9/2016,0.1,9/26/2016,0.3,10/20/2016,0.59,11/8/2016,0.83,12/2/2016,1.27,,,2/13/2017,0.09,4/4/2017,0.04,4/20/2017,0.64,5/4/2017,0.37,7/18/2017,0.01,8/10/2017,0.34,8/11/2017,0.37,8/31/2017,0.63,10/18/2017,0.22,11/1/2017,0.32,12/5/2017,1.19,1/22/2018,0.14,2/2/2018,0.81,3/21/2018,1.37,4/19/2018,1.25,5/2/2018,0.78,6/5/2018,0.27,7/5/2018,1.97,8/2/2018,0.84,9/7/2018,0.9,10/5/2018,2.33,11/14/2018,7.95,12/4/2018,3.4,,,2/4/2019,0.33,3/7/2019,0.7,4/3/2019,0.49,5/2/2019,1.03,6/5/2019,5.34,,,8/2/2019,2.34,9/3/2019,3.13,10/24/2019,0.32,11/6/2019,0.55,12/18/2019,0.26,1/10/2020,0.35,2/4/2020,0.88,4/14/2020,7.3,5/5/2020,2.75,5/7/2020,0.62,6/17/2020,0.69,7/22/2020,1.13,8/7/2020,1.76,9/23/2020,5.35
,2/11/2015,0.64,,,5/7/2015,0.7,5/6/2015,0.61,7/2/2015,1.3,8/13/2015,0.65,8/4/2015,0.54,,,,,11/18/2015,0.07,12/18/2015,1.55,,,3/16/2016,0.04,,,5/4/2016,0.59,5/6/2016,2.4,7/5/2016,0.14,8/19/2016,0.01,8/15/2016,0.07,9/27/2016,0.21,10/21/2016,0.51,11/9/2016,0.86,12/5/2016,0.96,,,2/14/2017,0.09,4/5/2017,0.02,4/21/2017,0.67,5/5/2017,0.3,7/19/2017,0.02,8/11/2017,0.19,8/14/2017,0.19,9/1/2017,0.6,10/19/2017,0.27,11/2/2017,0.28,12/6/2017,1.02,1/23/2018,0.13,2/5/2018,2.18,3/22/2018,2.5,4/20/2018,1.92,5/3/2018,0.71,6/6/2018,0.29,7/6/2018,1.52,8/3/2018,0.77,9/10/2018,0.8,10/8/2018,2.75,11/15/2018,6.7,12/6/2018,4.75,,,2/5/2019,0.28,3/8/2019,0.8,4/4/2019,0.53,5/3/2019,0.71,6/6/2019,4.2,,,8/5/2019,4.6,9/4/2019,2.38,10/25/2019,0.2,11/7/2019,0.45,12/19/2019,0.21,1/13/2020,0.22,2/5/2020,0.89,4/16/2020,8.65,5/6/2020,2.3,5/8/2020,0.45,6/18/2020,0.63,7/23/2020,0.91,8/10/2020,1.54,9/24/2020,4.87
,2/12/2015,0.42,,,5/8/2015,0.24,5/8/2015,0.32,7/6/2015,1.36,8/14/2015,0.68,8/5/2015,0.4,,,,,11/19/2015,0.06,12/22/2015,1.4,,,3/18/2016,0.02,,,5/5/2016,0.6,5/9/2016,1.96,7/6/2016,0.09,,,8/22/2016,0.06,9/30/2016,0.15,10/24/2016,0.36,11/10/2016,1.29,12/6/2016,0.88,,,2/15/2017,0.07,4/6/2017,0.06,4/24/2017,0.31,5/8/2017,0.24,7/20/2017,0.01,8/14/2017,0.04,8/15/2017,0.15,9/5/2017,0.81,10/20/2017,0.23,11/3/2017,0.22,12/7/2017,0.85,1/24/2018,0.14,2/6/2018,1.52,3/23/2018,4.01,4/23/2018,1.88,5/4/2018,0.47,6/7/2018,0.33,7/9/2018,1.23,8/6/2018,0.61,9/11/2018,0.6,10/9/2018,2.7,11/16/2018,7.18,12/7/2018,5.71,,,2/6/2019,0.26,3/11/2019,0.37,4/5/2019,0.44,5/6/2019,0.96,6/7/2019,2.85,,,8/6/2019,3.4,9/5/2019,1.61,10/28/2019,0.13,11/8/2019,0.44,12/20/2019,0.17,1/14/2020,0.22,2/6/2020,0.71,,,5/7/2020,1.6,5/11/2020,0.29,6/19/2020,0.55,7/24/2020,1.07,8/11/2020,1.76,9/25/2020,2.96
,2/13/2015,0.34,,,5/11/2015,0.3,5/13/2015,0.32,7/7/2015,1.45,8/19/2015,0.65,8/6/2015,0.59,,,,,11/23/2015,0.05,12/23/2015,1.07,,,,,,,5/6/2016,0.41,5/10/2016,1.92,7/7/2016,0.07,,,8/23/2016,0.04,10/4/2016,0.2,10/25/2016,0.4,11/11/2016,1.1,12/7/2016,0.56,,,2/16/2017,0.07,4/10/2017,0.03,4/25/2017,0.25,5/9/2017,0.24,7/21/2017,0.02,8/15/2017,0.03,8/16/2017,0.12,9/6/2017,0.74,10/23/2017,0.26,11/6/2017,0.17,12/8/2017,0.7,1/25/2018,0.14,2/7/2018,1.39,3/26/2018,2.12,4/24/2018,2.63,5/7/2018,0.39,6/8/2018,0.31,7/10/2018,1.11,8/7/2018,0.54,9/12/2018,0.68,10/10/2018,5.42,11/19/2018,9.5,12/10/2018,5.05,,,2/7/2019,0.37,3/12/2019,0.31,4/8/2019,0.41,5/7/2019,1.91,6/10/2019,2.43,,,8/7/2019,3.13,9/6/2019,1.47,10/29/2019,0.18,11/11/2019,0.35,12/23/2019,0.16,1/15/2020,0.21,2/7/2020,0.87,,,5/8/2020,0.76,5/12/2020,0.35,6/22/2020,0.38,7/27/2020,0.81,8/12/2020,1.26,9/28/2020,1.95
,2/17/2015,0.28,,,5/12/2015,0.4,5/14/2015,0.22,7/8/2015,1.85,8/20/2015,1.5,8/7/2015,0.56,,,,,12/1/2015,0.04,12/30/2015,0.75,,,,,,,5/9/2016,0.34,5/11/2016,1.59,7/8/2016,0.02,,,8/25/2016,0.05,10/7/2016,0.12,10/26/2016,0.48,11/14/2016,1.58,12/8/2016,0.5,,,2/21/2017,0.05,4/11/2017,0.04,4/26/2017,0.21,5/10/2017,0.21,,,8/16/2017,0.01,8/17/2017,0.33,9/7/2017,0.66,10/24/2017,0.21,11/7/2017,0.18,12/11/2017,0.49,1/26/2018,0.09,2/8/2018,3.15,3/27/2018,4,4/25/2018,2.68,5/8/2018,0.4,6/11/2018,0.27,7/11/2018,1.2,8/8/2018,0.48,9/13/2018,0.46,10/11/2018,6.07,11/20/2018,11.07,12/11/2018,4.34,,,2/8/2019,0.4,3/13/2019,0.23,4/9/2019,0.43,5/8/2019,1.72,6/11/2019,2.58,,,8/8/2019,2.11,9/9/2019,1.71,10/30/2019,0.11,11/12/2019,0.31,12/24/2019,0.16,1/16/2020,0.13,2/10/2020,0.67,,,5/11/2020,0.4,5/13/2020,0.73,6/23/2020,0.31,7/28/2020,0.73,8/13/2020,1.4,9/29/2020,1.92
,2/18/2015,0.28,,,5/13/2015,0.33,5/18/2015,0.16,7/9/2015,1.67,8/21/2015,2.81,8/10/2015,0.32,,,,,12/2/2015,0.01,12/31/2015,1.01,,,,,,,5/10/2016,0.16,5/12/2016,1.71,7/12/2016,0.01,,,8/26/2016,0.05,10/10/2016,0.05,10/27/2016,0.53,11/15/2016,1.09,12/9/2016,0.36,,,2/28/2017,0.04,4/12/2017,0.02,4/27/2017,0.2,5/11/2017,0.27,,,8/17/2017,0.04,8/18/2017,0.26,9/8/2017,0.81,10/25/2017,0.28,11/8/2017,0.18,12/12/2017,0.46,1/29/2018,0.11,2/9/2018,2.06,3/28/2018,4.15,4/26/2018,1.73,5/9/2018,0.24,6/12/2018,0.24,7/12/2018,0.82,8/9/2018,0.43,9/14/2018,0.46,10/12/2018,4.31,11/28/2018,8.5,12/12/2018,4.1,,,2/11/2019,0.28,3/14/2019,0.2,4/10/2019,0.39,5/9/2019,1.83,6/12/2019,2.74,,,8/9/2019,2.35,9/10/2019,2.1,10/31/2019,0.13,11/13/2019,0.33,12/26/2019,0.11,1/17/2020,0.1,2/11/2020,0.63,,,5/12/2020,1.05,5/14/2020,0.68,6/24/2020,0.6,7/29/2020,0.57,8/14/2020,1.4,9/30/2020,1.56
,2/19/2015,0.25,,,5/14/2015,0.03,5/20/2015,0.14,7/10/2015,1.42,,,8/11/2015,0.55,,,,,12/7/2015,0.02,1/4/2016,2.15,,,,,,,5/11/2016,0.17,5/13/2016,1.88,,,,,8/29/2016,0.05,10/11/2016,0.1,10/28/2016,0.57,11/16/2016,0.89,12/12/2016,0.42,,,3/1/2017,0.03,,,4/28/2017,0.15,5/12/2017,0.21,,,8/18/2017,0.01,8/21/2017,0.23,9/11/2017,0.47,10/26/2017,0.23,11/9/2017,0.25,12/13/2017,0.43,1/30/2018,0.16,2/12/2018,1.44,3/29/2018,2.75,4/27/2018,1.69,5/10/2018,0.16,6/13/2018,0.25,7/13/2018,0.78,8/10/2018,0.6,9/17/2018,0.6,10/15/2018,5,11/30/2018,7.6,12/14/2018,5.65,,,2/12/2019,0.18,3/15/2019,0.14,4/11/2019,0.35,5/10/2019,1.47,6/13/2019,2.61,,,8/12/2019,3.2,9/11/2019,1.43,11/1/2019,0.06,11/14/2019,0.29,12/27/2019,0.12,1/21/2020,0.08,2/12/2020,0.44,,,5/13/2020,1.88,5/15/2020,0.64,6/25/2020,0.4,7/30/2020,0.52,8/17/2020,0.91,10/1/2020,1.27
,2/20/2015,0.16,,,,,5/21/2015,0.12,7/13/2015,1.18,,,8/12/2015,0.45,,,,,12/8/2015,0.01,1/7/2016,3.4,,,,,,,5/12/2016,0.22,5/16/2016,1.56,,,,,8/30/2016,0.02,10/12/2016,0.07,10/31/2016,0.55,11/17/2016,0.69,12/13/2016,0.31,,,3/2/2017,0.02,,,5/1/2017,0.13,5/15/2017,0.15,,,,,8/22/2017,0.14,9/12/2017,0.45,10/27/2017,0.11,11/10/2017,0.23,12/14/2017,0.42,1/31/2018,0.12,2/13/2018,1.3,4/2/2018,4.35,4/30/2018,1.89,5/11/2018,0.15,6/14/2018,0.21,7/16/2018,0.85,8/13/2018,0.66,9/18/2018,0.48,10/16/2018,3.43,12/3/2018,6.05,12/17/2018,7.01,,,2/13/2019,0.16,3/18/2019,0.11,4/12/2019,0.26,5/13/2019,3.1,6/14/2019,2.89,,,8/13/2019,2.1,9/12/2019,1.15,11/5/2019,0.08,11/15/2019,0.19,12/30/2019,0.15,1/22/2020,0.12,2/13/2020,0.42,,,5/14/2020,0.77,5/18/2020,0.24,6/26/2020,0.41,7/31/2020,0.23,8/18/2020,0.83,10/2/2020,1.9
,2/23/2015,0.13,,,,,5/26/2015,0.17,7/14/2015,0.8,,,8/13/2015,0.4,,,,,12/9/2015,0.04,1/12/2016,3.47,,,,,,,5/13/2016,0.26,5/17/2016,1.94,,,,,9/12/2016,0.03,10/13/2016,0.15,11/1/2016,0.77,11/18/2016,0.66,12/14/2016,0.35,,,3/3/2017,0.02,,,5/2/2017,0.1,5/16/2017,0.12,,,,,8/23/2017,0.12,9/13/2017,0.4,10/30/2017,0.1,11/13/2017,0.22,12/15/2017,0.27,2/1/2018,0.1,2/14/2018,0.8,4/3/2018,3.83,5/1/2018,1.39,5/14/2018,0.12,6/20/2018,0.21,7/17/2018,0.64,8/14/2018,0.51,9/19/2018,0.47,10/17/2018,3.62,12/4/2018,8.23,12/18/2018,6.85,,,2/14/2019,0.17,3/19/2019,0.12,4/15/2019,0.23,5/14/2019,2.22,6/17/2019,2.7,,,8/14/2019,3.55,9/13/2019,1.38,11/6/2019,0.03,11/18/2019,0.14,12/31/2019,0.08,1/23/2020,0.1,2/14/2020,0.42,,,5/15/2020,0.03,5/20/2020,0.18,6/29/2020,0.27,8/3/2020,0.15,8/19/2020,0.9,10/5/2020,0.89
,2/26/2015,0.12,,,,,5/27/2015,0.15,7/15/2015,0.39,,,8/14/2015,0.46,,,,,12/11/2015,0.06,1/13/2016,3.01,,,,,,,5/16/2016,0.06,5/18/2016,1.74,,,,,9/14/2016,0.01,10/17/2016,0.03,11/2/2016,0.85,11/21/2016,0.42,12/15/2016,0.28,,,3/8/2017,0.01,,,5/3/2017,0.1,5/17/2017,0.49,,,,,8/24/2017,0.13,9/14/2017,0.46,10/31/2017,0.07,11/14/2017,0.23,12/18/2017,0.21,2/2/2018,0.22,2/15/2018,0.52,4/4/2018,2.93,5/2/2018,1.44,5/15/2018,0.2,6/21/2018,0.31,7/18/2018,0.62,8/15/2018,0.77,9/20/2018,0.33,10/18/2018,5.16,12/12/2018,8.52,12/19/2018,6.05,,,2/15/2019,0.11,3/20/2019,0.1,4/16/2019,0.2,5/15/2019,1.75,6/18/2019,2.04,,,8/15/2019,3.48,9/16/2019,1.47,11/7/2019,0.02,11/19/2019,0.14,1/2/2020,0.05,1/24/2020,0.17,2/18/2020,0.41,,,,,5/21/2020,0.19,6/30/2020,0.15,8/4/2020,0.17,8/20/2020,0.66,10/6/2020,1.33
,2/27/2015,0.1,,,,,5/28/2015,0.09,7/16/2015,0.43,,,8/17/2015,0.31,,,,,12/14/2015,0.04,1/14/2016,4.29,,,,,,,5/17/2016,0.17,5/20/2016,1.66,,,,,,,10/19/2016,0.02,11/3/2016,1.08,11/22/2016,0.34,12/16/2016,0.31,,,3/17/2017,0.01,,,5/4/2017,0.09,5/18/2017,0.35,,,,,8/25/2017,0.1,9/15/2017,0.37,11/1/2017,0.06,11/15/2017,0.29,12/19/2017,0.26,2/5/2018,1,2/16/2018,0.48,4/5/2018,2.47,5/3/2018,1.29,5/16/2018,0.16,6/22/2018,0.31,7/19/2018,0.71,8/16/2018,0.61,9/21/2018,0.27,10/19/2018,5,12/19/2018,12.8,12/20/2018,9.8,,,2/19/2019,0.1,3/21/2019,0.06,4/17/2019,0.17,5/16/2019,1.34,6/19/2019,1.72,,,8/16/2019,2.56,9/17/2019,1.36,,,11/21/2019,0.21,1/3/2020,0.05,1/27/2020,0.33,2/19/2020,0.31,,,,,5/22/2020,0.17,7/1/2020,0.11,8/5/2020,0.14,8/21/2020,0.54,10/7/2020,0.8
,3/2/2015,0.07,,,,,5/29/2015,0.1,,,,,8/18/2015,0.32,,,,,12/15/2015,0.02,1/15/2016,4.94,,,,,,,5/18/2016,0.09,5/23/2016,1.5,,,,,,,10/21/2016,0.01,11/4/2016,1.2,11/23/2016,0.41,12/19/2016,0.2,,,,,,,5/5/2017,0.06,5/19/2017,0.21,,,,,8/28/2017,0.06,9/18/2017,0.33,11/2/2017,0.05,11/16/2017,0.16,12/20/2017,0.23,2/6/2018,0.52,2/20/2018,0.51,4/6/2018,4.04,5/4/2018,0.65,5/17/2018,0.16,6/25/2018,0.53,7/20/2018,0.63,8/17/2018,0.49,9/24/2018,0.3,10/22/2018,4.45,12/20/2018,13.62,12/21/2018,10.72,,,2/20/2019,0.09,3/22/2019,0.12,4/18/2019,0.14,5/17/2019,1.58,6/20/2019,1.28,,,8/19/2019,1.7,9/18/2019,1.29,,,11/22/2019,0.21,1/7/2020,0.01,1/28/2020,0.17,2/20/2020,0.45,,,,,5/26/2020,0.09,7/2/2020,0.14,8/7/2020,0.14,8/24/2020,0.49,10/8/2020,0.4
,3/5/2015,0.06,,,,,6/1/2015,0.07,,,,,8/19/2015,0.52,,,,,12/18/2015,0.01,,,,,,,,,5/19/2016,0.17,5/24/2016,1.02,,,,,,,,,11/7/2016,0.57,11/25/2016,0.31,12/20/2016,0.18,,,,,,,5/8/2017,0.04,5/22/2017,0.15,,,,,8/29/2017,0.07,9/19/2017,0.28,11/3/2017,0.03,11/17/2017,0.16,12/21/2017,0.22,2/7/2018,0.37,2/21/2018,0.45,4/10/2018,2.03,5/7/2018,0.44,5/18/2018,0.16,6/26/2018,0.4,7/23/2018,0.54,8/20/2018,0.46,9/25/2018,0.25,10/23/2018,4.95,12/21/2018,15.69,12/24/2018,11.84,,,2/21/2019,0.06,3/25/2019,0.2,4/22/2019,0.11,5/20/2019,2.4,6/21/2019,1.32,,,8/20/2019,1.83,9/19/2019,1.12,,,11/25/2019,0.11,1/10/2020,0.01,1/29/2020,0.16,2/21/2020,0.87,,,,,5/29/2020,0.1,7/6/2020,0.12,8/10/2020,0.07,8/25/2020,0.4,10/9/2020,0.16
,3/9/2015,0.11,,,,,6/3/2015,0.08,,,,,8/20/2015,0.9,,,,,,,,,,,,,,,5/20/2016,0.01,5/25/2016,0.7,,,,,,,,,11/8/2016,0.48,11/28/2016,0.24,12/21/2016,0.18,,,,,,,5/9/2017,0.04,5/23/2017,0.14,,,,,8/30/2017,0.04,9/20/2017,0.4,11/6/2017,0.02,11/20/2017,0.1,12/22/2017,0.21,2/8/2018,1.54,2/22/2018,0.47,4/11/2018,2.25,5/8/2018,0.4,5/21/2018,0.1,6/27/2018,0.58,7/24/2018,0.48,8/21/2018,0.41,9/26/2018,0.32,10/24/2018,7.75,,,12/26/2018,11.43,,,2/22/2019,0.04,3/27/2019,0.11,4/23/2019,0.09,5/21/2019,1.75,6/24/2019,1.29,,,8/21/2019,1.48,9/20/2019,1.46,,,11/26/2019,0.09,,,1/30/2020,0.09,2/24/2020,2.11,,,,,6/1/2020,0.08,7/7/2020,0.11,8/11/2020,0.09,8/26/2020,0.3,10/12/2020,0.1
,3/10/2015,0.21,,,,,6/4/2015,0.12,,,,,8/21/2015,1.82,,,,,,,,,,,,,,,,,5/26/2016,0.73,,,,,,,,,11/9/2016,0.51,11/29/2016,0.25,12/22/2016,0.2,,,,,,,5/10/2017,0.03,5/24/2017,0.1,,,,,8/31/2017,0.02,9/21/2017,0.37,11/7/2017,0.02,11/21/2017,0.06,12/26/2017,0.25,2/9/2018,0.79,2/23/2018,0.24,4/12/2018,1.51,5/9/2018,0.16,5/22/2018,0.1,6/28/2018,0.52,7/25/2018,0.3,8/22/2018,0.37,9/27/2018,0.21,10/25/2018,5.37,,,12/28/2018,8.75,,,2/25/2019,0.03,3/29/2019,0.05,4/24/2019,0.1,5/22/2019,1.83,6/25/2019,2.05,,,8/22/2019,1.49,9/23/2019,1.22,,,11/27/2019,0.05,,,2/3/2020,0.1,2/25/2020,3.4,,,,,6/4/2020,0.02,7/8/2020,0.07,8/13/2020,0.08,8/28/2020,0.22,10/13/2020,0.08
,3/11/2015,0.34,,,,,6/5/2015,0.1,,,,,8/24/2015,3.15,,,,,,,,,,,,,,,,,5/27/2016,0.6,,,,,,,,,11/10/2016,0.62,11/30/2016,0.42,12/27/2016,0.15,,,,,,,5/11/2017,0.03,5/25/2017,0.06,,,,,9/1/2017,0.01,9/22/2017,0.34,11/10/2017,0.04,11/22/2017,0.05,12/27/2017,0.22,2/12/2018,0.26,2/26/2018,0.64,4/13/2018,1.78,5/10/2018,0.05,5/23/2018,0.12,6/29/2018,0.36,7/26/2018,0.48,8/23/2018,0.36,9/28/2018,0.19,10/26/2018,6.57,,,12/31/2018,8.45,,,2/26/2019,0.03,4/1/2019,0.03,4/25/2019,0.11,5/23/2019,2.73,6/26/2019,1.55,,,8/23/2019,3.3,9/24/2019,1.8,,,12/2/2019,0.14,,,2/4/2020,0.04,2/26/2020,3.04,,,,,6/5/2020,0.02,7/9/2020,0.04,8/14/2020,0.05,8/31/2020,0.17,10/14/2020,0.02
,3/12/2015,0.19,,,,,6/8/2015,0.13,,,,,8/25/2015,2.91,,,,,,,,,,,,,,,,,5/31/2016,0.6,,,,,,,,,11/11/2016,0.62,12/1/2016,1.01,12/28/2016,0.17,,,,,,,5/15/2017,0.01,5/26/2017,0.08,,,,,9/5/2017,0.03,9/25/2017,0.54,11/13/2017,0.03,11/24/2017,0.05,12/28/2017,0.23,2/13/2018,0.14,2/27/2018,0.23,4/16/2018,1.33,5/11/2018,0.05,5/24/2018,0.09,7/2/2018,0.33,7/27/2018,0.81,8/24/2018,0.25,10/1/2018,0.12,10/29/2018,8.1,,,1/2/2019,8.05,,,2/27/2019,0.02,4/2/2019,0.03,4/26/2019,0.09,5/24/2019,2.48,6/27/2019,1.38,,,8/26/2019,2.63,9/25/2019,1.13,,,12/3/2019,0.2,,,2/5/2020,0.03,2/27/2020,5.85,,,,,6/8/2020,0.05,7/13/2020,0.01,8/17/2020,0.03,9/1/2020,0.18,10/15/2020,0.03
,3/13/2015,0.28,,,,,6/9/2015,0.11,,,,,8/26/2015,2,,,,,,,,,,,,,,,,,6/1/2016,0.48,,,,,,,,,11/14/2016,1.05,12/2/2016,0.88,12/29/2016,0.2,,,,,,,5/16/2017,0.02,5/30/2017,0.04,,,,,9/6/2017,0.02,9/26/2017,0.41,11/14/2017,0.03,11/27/2017,0.04,12/29/2017,0.31,2/14/2018,0.02,2/28/2018,0.26,4/17/2018,0.38,5/14/2018,0.02,5/29/2018,0.11,7/3/2018,0.33,7/30/2018,1.21,8/27/2018,0.16,10/2/2018,0.13,10/30/2018,7.6,,,1/3/2019,10.8,,,3/1/2019,0.01,4/3/2019,0.01,4/30/2019,0.08,5/28/2019,2.68,6/28/2019,1.41,,,8/27/2019,2.4,9/26/2019,1.06,,,12/5/2019,0.1,,,2/18/2020,0.03,2/28/2020,7.3,,,,,6/10/2020,0.02,7/14/2020,0.01,8/20/2020,0.01,9/3/2020,0.55,10/16/2020,0.01
,3/16/2015,0.13,,,,,6/11/2015,0.03,,,,,8/27/2015,1.4,,,,,,,,,,,,,,,,,6/2/2016,0.56,,,,,,,,,11/15/2016,0.57,12/5/2016,0.5,12/30/2016,0.27,,,,,,,5/17/2017,0.05,5/31/2017,0.04,,,,,9/7/2017,0.03,9/27/2017,0.29,11/15/2017,0.03,11/28/2017,0.05,1/2/2018,0.14,2/15/2018,0.02,3/1/2018,0.41,4/18/2018,0.39,5/15/2018,0.06,5/30/2018,0.07,7/5/2018,0.18,7/31/2018,0.8,8/28/2018,0.15,10/3/2018,0.08,10/31/2018,5.6,,,1/4/2019,8.52,,,3/5/2019,0.01,,,5/2/2019,0.1,5/29/2019,3.1,7/1/2019,0.65,,,8/28/2019,2.33,9/27/2019,1.74,,,12/6/2019,0.06,,,2/21/2020,0.02,3/2/2020,2.83,,,,,,,7/15/2020,0.07,,,9/4/2020,0.85,,
,3/17/2015,0.06,,,,,6/15/2015,0.05,,,,,8/28/2015,1.39,,,,,,,,,,,,,,,,,6/3/2016,0.55,,,,,,,,,11/16/2016,0.23,12/6/2016,0.47,1/4/2017,0.1,,,,,,,5/18/2017,0.04,6/1/2017,0.03,,,,,9/8/2017,0.02,9/28/2017,0.27,11/16/2017,0.01,11/29/2017,0.11,1/3/2018,0.07,,,3/2/2018,0.29,4/19/2018,0.98,5/16/2018,0.01,5/31/2018,0.06,7/6/2018,0.14,8/1/2018,0.72,8/29/2018,0.11,10/4/2018,0.27,11/1/2018,5.11,,,1/7/2019,7.95,,,3/7/2019,0.02,,,5/6/2019,0.09,5/30/2019,2.67,7/2/2019,0.52,,,8/29/2019,1.48,9/30/2019,1.16,,,12/9/2019,0.05,,,,,3/3/2020,4.8,,,,,,,7/16/2020,0.02,,,9/8/2020,0.74,,
,3/18/2015,0.09,,,,,6/17/2015,0.02,,,,,8/31/2015,1.35,,,,,,,,,,,,,,,,,6/6/2016,0.43,,,,,,,,,11/17/2016,0.03,12/7/2016,0.18,1/5/2017,0.07,,,,,,,5/19/2017,0.01,6/2/2017,0.03,,,,,9/11/2017,0.02,9/29/2017,0.15,,,11/30/2017,0.07,1/4/2018,0.07,,,3/5/2018,0.13,4/20/2018,1.87,5/17/2018,0.02,6/1/2018,0.03,7/9/2018,0.05,8/2/2018,0.38,8/30/2018,0.13,10/5/2018,0.4,11/2/2018,6.31,,,1/8/2019,7.25,,,3/11/2019,0.02,,,5/7/2019,0.2,5/31/2019,3.57,7/3/2019,0.34,,,8/30/2019,1.55,10/1/2019,1.46,,,12/11/2019,0.04,,,,,3/4/2020,2.25,,,,,,,7/17/2020,0.03,,,9/9/2020,0.19,,
,3/19/2015,0.01,,,,,6/18/2015,0.01,,,,,9/1/2015,2.42,,,,,,,,,,,,,,,,,6/7/2016,0.4,,,,,,,,,11/18/2016,0.01,12/8/2016,0.09,1/6/2017,0.05,,,,,,,,,6/5/2017,0.03,,,,,9/13/2017,0.01,10/2/2017,0.14,,,12/1/2017,0.16,1/5/2018,0.05,,,3/6/2018,0.1,,,5/18/2018,0.03,6/4/2018,0.03,7/12/2018,0.02,8/3/2018,0.28,8/31/2018,0.12,10/8/2018,0.46,11/5/2018,6.29,,,1/9/2019,6.5,,,3/15/2019,0.02,,,5/8/2019,0.13,6/3/2019,4.81,7/5/2019,0.31,,,9/3/2019,1.87,10/2/2019,2.36,,,12/16/2019,0.03,,,,,3/5/2020,4.4,,,,,,,,,,,9/10/2020,0.26,,
,3/20/2015,0.01,,,,,,,,,,,9/2/2015,1.72,,,,,,,,,,,,,,,,,6/8/2016,0.25,,,,,,,,,,,12/9/2016,0.04,1/11/2017,0.03,,,,,,,,,6/6/2017,0.02,,,,,,,10/3/2017,0.1,,,12/4/2017,0.09,1/8/2018,0.05,,,3/7/2018,0.08,,,,,6/13/2018,0.01,7/13/2018,0.01,8/6/2018,0.15,9/4/2018,0.13,10/9/2018,0.37,11/6/2018,6.07,,,1/10/2019,6.7,,,,,,,5/9/2019,0.2,6/4/2019,2.99,7/8/2019,0.38,,,9/4/2019,1.23,10/3/2019,1.69,,,12/19/2019,0.02,,,,,3/6/2020,4.85,,,,,,,,,,,9/11/2020,0.27,,
,,,,,,,,,,,,,9/4/2015,1.85,,,,,,,,,,,,,,,,,6/9/2016,0.28,,,,,,,,,,,12/12/2016,0.05,1/12/2017,0.02,,,,,,,,,6/8/2017,0.03,,,,,,,10/4/2017,0.1,,,12/5/2017,0.13,1/9/2018,0.03,,,3/8/2018,0.06,,,,,6/14/2018,0.01,7/17/2018,0.03,8/7/2018,0.09,9/5/2018,0.17,10/10/2018,1.9,11/7/2018,4.43,,,1/14/2019,7.2,,,,,,,5/10/2019,0.05,6/5/2019,2.13,7/9/2019,0.28,,,9/5/2019,0.53,10/4/2019,0.96,,,,,,,,,3/9/2020,9.7,,,,,,,,,,,9/14/2020,0.04,,
,,,,,,,,,,,,,9/8/2015,1.35,,,,,,,,,,,,,,,,,6/10/2016,0.5,,,,,,,,,,,12/13/2016,0.02,1/13/2017,0.03,,,,,,,,,6/9/2017,0.1,,,,,,,10/5/2017,0.06,,,12/6/2017,0.13,1/10/2018,0.04,,,3/9/2018,0.01,,,,,,,,,8/8/2018,0.07,9/6/2018,0.29,10/11/2018,2.15,11/8/2018,4.06,,,1/15/2019,6.15,,,,,,,5/13/2019,0.36,6/6/2019,1.53,7/10/2019,0.15,,,9/6/2019,0.41,10/7/2019,1.06,,,,,,,,,3/10/2020,6.5,,,,,,,,,,,9/15/2020,0.05,,
,,,,,,,,,,,,,9/9/2015,1.31,,,,,,,,,,,,,,,,,6/13/2016,0.69,,,,,,,,,,,12/14/2016,0.02,1/17/2017,0.01,,,,,,,,,6/12/2017,0.03,,,,,,,10/6/2017,0.05,,,12/7/2017,0.03,1/11/2018,0.03,,,3/12/2018,0.02,,,,,,,,,8/9/2018,0.05,9/7/2018,0.26,10/12/2018,0.92,11/9/2018,5,,,1/16/2019,5.8,,,,,,,5/14/2019,0.05,6/7/2019,0.78,7/11/2019,0.09,,,9/9/2019,0.54,10/8/2019,1.81,,,,,,,,,3/11/2020,8.32,,,,,,,,,,,9/16/2020,0.02,,
,,,,,,,,,,,,,9/10/2015,1.17,,,,,,,,,,,,,,,,,6/14/2016,0.83,,,,,,,,,,,,,1/18/2017,0.01,,,,,,,,,6/13/2017,0.03,,,,,,,10/9/2017,0.03,,,12/11/2017,0.02,1/12/2018,0.04,,,3/13/2018,0.01,,,,,,,,,8/10/2018,0.12,9/10/2018,0.17,10/15/2018,1.15,11/12/2018,7.3,,,1/17/2019,5.65,,,,,,,5/15/2019,0.03,6/10/2019,0.48,7/12/2019,0.05,,,9/10/2019,0.63,10/9/2019,1.12,,,,,,,,,3/12/2020,16.7,,,,,,,,,,,9/17/2020,0.03,,
,,,,,,,,,,,,,9/11/2015,1.21,,,,,,,,,,,,,,,,,6/15/2016,0.73,,,,,,,,,,,,,1/20/2017,0.02,,,,,,,,,6/14/2017,0.03,,,,,,,10/10/2017,0.04,,,12/12/2017,0.02,1/16/2018,0.03,,,3/14/2018,0.02,,,,,,,,,8/13/2018,0.09,9/11/2018,0.08,10/16/2018,0.32,11/13/2018,6.77,,,1/18/2019,4.75,,,,,,,,,6/11/2019,0.46,7/15/2019,0.01,,,9/11/2019,0.36,10/10/2019,0.85,,,,,,,,,3/13/2020,14.78,,,,,,,,,,,9/18/2020,0.01,,
,,,,,,,,,,,,,9/14/2015,0.93,,,,,,,,,,,,,,,,,6/16/2016,0.64,,,,,,,,,,,,,,,,,,,,,,,6/15/2017,0.03,,,,,,,10/11/2017,0.04,,,12/13/2017,0.02,1/17/2018,0.03,,,3/16/2018,0.01,,,,,,,,,8/14/2018,0.04,9/12/2018,0.09,10/17/2018,0.39,11/14/2018,7.86,,,,,,,,,,,,,6/12/2019,0.57,7/16/2019,0.02,,,9/12/2019,0.2,10/11/2019,0.38,,,,,,,,,3/16/2020,18.67,,,,,,,,,,,,,,
,,,,,,,,,,,,,9/15/2015,0.5,,,,,,,,,,,,,,,,,6/17/2016,0.99,,,,,,,,,,,,,,,,,,,,,,,,,,,,,,,10/12/2017,0.03,,,12/14/2017,0.01,1/18/2018,0.05,,,,,,,,,,,,,8/15/2018,0.07,9/13/2018,0.04,10/18/2018,1.1,11/15/2018,6.82,,,,,,,,,,,,,6/13/2019,0.5,7/17/2019,0.01,,,9/13/2019,0.26,10/14/2019,0.2,,,,,,,,,3/17/2020,17.25,,,,,,,,,,,,,,
,,,,,,,,,,,,,9/16/2015,0.46,,,,,,,,,,,,,,,,,,,,,,,,,,,,,,,,,,,,,,,,,,,,,,,,,10/13/2017,0.03,,,,,1/19/2018,0.01,,,,,,,,,,,,,8/16/2018,0.01,9/14/2018,0.03,10/19/2018,0.87,11/16/2018,6.6,,,,,,,,,,,,,6/14/2019,0.49,7/18/2019,0.01,,,9/16/2019,0.31,10/15/2019,0.04,,,,,,,,,3/18/2020,20.85,,,,,,,,,,,,,,
,,,,,,,,,,,,,9/17/2015,0.37,,,,,,,,,,,,,,,,,,,,,,,,,,,,,,,,,,,,,,,,,,,,,,,,,10/16/2017,0.04,,,,,,,,,,,,,,,,,,,8/17/2018,0.01,9/17/2018,0.04,,,,,,,,,,,,,,,,,6/17/2019,0.37,,,,,9/17/2019,0.17,10/16/2019,0.04,,,,,,,,,3/19/2020,16.82,,,,,,,,,,,,,,
,,,,,,,,,,,,,9/18/2015,0.98,,,,,,,,,,,,,,,,,,,,,,,,,,,,,,,,,,,,,,,,,,,,,,,,,10/17/2017,0.02,,,,,,,,,,,,,,,,,,,,,9/18/2018,0.01,,,,,,,,,,,,,,,,,6/18/2019,0.11,,,,,9/18/2019,0.15,10/17/2019,0.01,,,,,,,,,3/20/2020,16.78,,,,,,,,,,,,,,
,,,,,,,,,,,,,,,,,,,,,,,,,,,,,,,,,,,,,,,,,,,,,,,,,,,,,,,,,,,,,,,10/18/2017,0.02,,,,,,,,,,,,,,,,,,,,,9/19/2018,0.02,,,,,,,,,,,,,,,,,6/19/2019,0.04,,,,,9/19/2019,0.03,10/18/2019,0.01,,,,,,,,,,,,,,,,,,,,,,,,
,,,,,,,,,,,,,,,,,,,,,,,,,,,,,,,,,,,,,,,,,,,,,,,,,,,,,,,,,,,,,,,10/19/2017,0.01,,,,,,,,,,,,,,,,,,,,,9/20/2018,0.01,,,,,,,,,,,,,,,,,6/20/2019,0.01,,,,,9/20/2019,0.01,,,,,,,,,,,,,,,,,,,,,,,,,,
,,,,,,,,,,,,,,,,,,,,,,,,,,,,,,,,,,,,,,,,,,,,,,,,,,,,,,,,,,,,,,,10/20/2017,0.02,,,,,,,,,,,,,,,,,,,,,9/21/2018,0.01,,,,,,,,,,,,,,,,,6/21/2019,0.01,,,,,,,,,,,,,,,,,,,,,,,,,,,,,,,,
