,XLV 3/20/15 C68,,XLV 4/17/15 C69,,XLV 5/15/15 C72,,XLV 6/19/15 C71,,XLV 7/17/15 C72,,XLV 8/21/15 C75,,XLV 9/18/15 C75,,XLV 10/16/15 C76,,XLV 11/20/15 C68,,XLV 12/18/15 C66,,XLV 1/15/16 C72,,XLV 2/19/16 C72,,XLV 3/18/16 C70,,XLV 4/15/16 C66,,XLV 5/20/16 C67,,XLV 6/17/16 C68,,XLV 7/15/16 C70,,XLV 8/19/16 C71,,XLV 9/16/16 C72,,XLV 10/21/16 C75,,XLV 11/18/16 C72,,XLV 12/16/16 C72,,XLV 1/20/17 C67,,XLV 2/17/17 C68,,XLV 3/17/17 C69,,XLV 4/21/17 C71,,XLV 5/19/17 C75,,XLV 6/16/17 C74,,XLV 7/21/17 C75,,XLV 8/18/17 C76,,XLV 9/15/17 C79,,XLV 10/20/17 C79,,XLV 11/17/17 C81,,XLV 12/15/17 C82,,XLV 1/19/18 C81,,XLV 2/16/18 C83,,XLV 3/16/18 C83,,XLV 4/20/18 C88,,XLV 5/18/18 C82,,XLV 6/15/18 C79,,XLV 7/20/18 C82,,XLV 8/17/18 C83,,XLV 9/21/18 C83,,XLV 10/19/18 C88,,XLV 11/16/18 C92,,XLV 12/21/18 C95,,XLV 1/18/19 C89,,XLV 2/15/19 C95,,XLV 3/15/19 C85,,XLV 4/18/19 C90,,XLV 5/17/19 C92,,XLV 6/21/19 C91,,XLV 7/19/19 C89,,XLV 8/16/19 C87,,XLV 9/20/19 C93,,XLV 10/18/19 C91,,XLV 11/15/19 C90,,XLV 12/20/19 C89,,XLV 1/17/20 C94,,XLV 2/21/20 C99,,XLV 3/20/20 C102,,XLV 4/17/20 C100,,XLV 5/15/20 C96,,XLV 6/19/20 C85,,XLV 7/17/20 C97,,XLV 8/21/20 C101,,XLV 9/18/20 C100,,XLV 10/16/20 C106,
0,1/2/2015,2.69,2/24/2015,3.75,3/24/2015,3.3,4/1/2015,2.8,5/18/2015,3.4,6/22/2015,2.61,7/1/2015,2.17,8/27/2015,0.57,9/21/2015,4.5,10/1/2015,3.05,11/23/2015,1.41,12/21/2015,1.53,1/4/2016,2.7,2/23/2016,2.18,3/18/2016,1.84,4/1/2016,2.24,5/23/2016,1.28,6/20/2016,1.77,7/1/2016,2.05,8/12/2016,1.36,9/19/2016,1.69,10/3/2016,1.87,11/1/2016,2.37,12/19/2016,2.68,1/3/2017,2.41,2/21/2017,3.3,3/20/2017,1.73,4/3/2017,2.08,5/22/2017,1.44,6/19/2017,2.93,7/12/2017,2.05,8/21/2017,1.07,9/19/2017,2.18,10/2/2017,2,11/1/2017,2.11,12/18/2017,2.12,1/2/2018,2.08,2/9/2018,0.64,3/20/2018,3.48,4/2/2018,2.98,5/21/2018,2.81,6/1/2018,2,7/2/2018,2.7,8/1/2018,2.87,9/4/2018,2.16,10/1/2018,2.69,11/1/2018,3.55,12/28/2018,0.32,1/2/2019,3.65,2/1/2019,2.88,3/1/2019,2.87,4/1/2019,3.1,5/20/2019,1.93,7/16/2019,5.75,7/1/2019,2.55,8/19/2019,2.61,9/26/2019,2.07,10/1/2019,3.4,1/6/2020,7.04,1/7/2020,3.74,1/3/2020,2.58,2/3/2020,2.92,3/3/2020,3.65,#N/A N/A,,5/1/2020,5.05,6/19/2020,3.65,7/1/2020,4.65,8/4/2020,3.63
,1/5/2015,2.5,2/25/2015,3.85,3/26/2015,2.3,4/6/2015,2.9,5/28/2015,3.57,6/23/2015,2.64,7/2/2015,2.12,8/31/2015,0.35,9/22/2015,3.3,10/14/2015,3.5,11/24/2015,1.37,12/22/2015,1.61,1/5/2016,3.15,2/24/2016,2.09,3/21/2016,1.98,4/4/2016,2.75,5/24/2016,1.32,6/21/2016,1.51,7/5/2016,2.01,8/15/2016,1.53,9/20/2016,1.87,10/4/2016,1.81,11/2/2016,2.12,12/20/2016,2.48,1/4/2017,2.72,2/22/2017,3.45,3/21/2017,1.38,4/4/2017,1.8,5/23/2017,1.52,7/12/2017,3.95,7/13/2017,1.97,8/22/2017,1.52,9/21/2017,1.88,10/3/2017,2.11,11/2/2017,1.82,12/19/2017,2.03,1/3/2018,2.68,2/12/2018,0.75,3/22/2018,2.43,4/3/2018,3.4,5/22/2018,2.5,6/4/2018,2.38,7/3/2018,3.18,8/2/2018,2.86,9/5/2018,2.24,10/2/2018,2.76,11/2/2018,2.98,12/31/2018,0.28,1/3/2019,2.87,2/4/2019,2.4,3/4/2019,2.15,4/2/2019,3.05,5/21/2019,2.25,7/19/2019,5.25,7/2/2019,2.5,8/20/2019,2.24,9/27/2019,1.77,10/2/2019,2.52,1/17/2020,10.57,1/13/2020,4.1,1/6/2020,2.61,2/4/2020,3.95,3/4/2020,5.17,,,5/4/2020,5.25,6/22/2020,3.36,7/6/2020,5.55,8/5/2020,3.9
,1/6/2015,2.52,2/26/2015,4.03,3/27/2015,2.54,4/7/2015,3.15,6/5/2015,2.74,6/25/2015,2.51,7/6/2015,2.02,9/1/2015,0.19,9/25/2015,1.99,10/16/2015,4.43,11/25/2015,1.55,12/23/2015,2.2,1/6/2016,2.58,2/26/2016,2.54,3/22/2016,2.17,4/5/2016,2.32,5/25/2016,1.85,6/22/2016,1.68,7/6/2016,2.55,8/16/2016,1.22,9/21/2016,2.15,10/5/2016,1.93,11/3/2016,1.8,12/21/2016,2.16,1/5/2017,2.89,2/24/2017,3.83,3/22/2017,1.34,4/5/2017,1.82,5/24/2017,1.61,7/19/2017,4.51,7/14/2017,2.23,8/23/2017,1.26,9/22/2017,1.68,10/4/2017,2.25,11/3/2017,2.03,12/22/2017,1.44,1/4/2018,2.63,2/13/2018,0.65,3/23/2018,1.44,4/6/2018,3.3,5/23/2018,2.32,6/5/2018,2.26,7/5/2018,3.2,8/3/2018,3.2,9/6/2018,2.37,10/3/2018,2.58,11/5/2018,3.5,1/2/2019,0.15,1/4/2019,4.2,2/5/2019,2.69,3/5/2019,2.32,4/3/2019,2.8,5/22/2019,2.55,7/22/2019,5.25,7/3/2019,3.25,8/21/2019,2.39,9/30/2019,2.47,10/3/2019,2.53,,,1/15/2020,5.51,1/7/2020,2.69,2/5/2020,5,3/5/2020,5.38,,,5/6/2020,5.93,6/23/2020,3.43,7/7/2020,5.55,8/6/2020,3.12
,1/7/2015,3.26,2/27/2015,3.75,3/30/2015,2.8,4/8/2015,3.2,6/8/2015,2.88,6/26/2015,2.51,7/7/2015,2.13,9/2/2015,0.21,9/28/2015,1.33,10/21/2015,3.73,11/27/2015,1.62,12/24/2015,2.29,1/7/2016,2.09,2/29/2016,1.85,3/23/2016,2.01,4/6/2016,3.4,5/26/2016,1.87,6/23/2016,1.83,7/7/2016,2.42,8/17/2016,1.17,9/22/2016,2.37,10/6/2016,1.68,11/4/2016,2.06,12/22/2016,2.17,1/6/2017,3.1,2/27/2017,4.11,3/23/2017,1.29,4/6/2017,1.8,5/25/2017,1.84,7/27/2017,3.95,7/18/2017,1.9,8/24/2017,1.31,9/25/2017,1.59,10/5/2017,2.13,11/6/2017,1.95,12/26/2017,1.45,1/8/2018,2.8,2/15/2018,0.78,3/26/2018,1.92,4/9/2018,4.1,5/24/2018,2.27,6/6/2018,2.78,7/6/2018,4.45,8/6/2018,3.33,9/10/2018,2.2,10/4/2018,2.06,11/6/2018,3.8,1/3/2019,0.1,1/7/2019,4,2/6/2019,2.45,3/6/2019,1.58,4/4/2019,2.6,5/23/2019,2.22,7/23/2019,5.35,7/5/2019,2.98,8/22/2019,2.25,10/1/2019,1.86,10/4/2019,3.4,,,1/27/2020,3.8,1/8/2020,2.8,2/6/2020,5.1,3/6/2020,5.3,,,5/11/2020,6.25,6/24/2020,2.28,7/8/2020,4.8,8/7/2020,3.45
,1/8/2015,4.15,3/3/2015,3.5,3/31/2015,2.3,4/9/2015,3.65,6/10/2015,2.67,6/29/2015,1.67,7/8/2015,1.68,9/4/2015,0.13,9/29/2015,1.2,11/9/2015,5.53,11/30/2015,1.13,12/28/2015,1.96,1/8/2016,1.61,3/1/2016,2.5,3/24/2016,1.94,4/7/2016,3.07,5/27/2016,1.9,6/24/2016,1.47,7/8/2016,2.84,8/18/2016,1.12,9/23/2016,2.35,10/7/2016,1.74,11/7/2016,2.73,12/23/2016,2.48,1/9/2017,3.3,2/28/2017,4.2,3/24/2017,1.13,4/7/2017,1.84,5/26/2017,1.65,8/2/2017,3.6,7/19/2017,2.33,8/25/2017,1.29,9/26/2017,1.62,10/6/2017,2.19,11/7/2017,1.89,12/27/2017,1.48,1/9/2018,3.76,2/16/2018,1.15,3/27/2018,1.89,4/12/2018,4.67,5/25/2018,2.11,6/7/2018,2.78,7/9/2018,4.95,8/7/2018,3.35,9/12/2018,2.23,10/5/2018,2.15,11/7/2018,5.4,1/4/2019,0.14,1/8/2019,4.25,2/7/2019,2.22,3/7/2019,1.3,4/5/2019,2.96,5/24/2019,2.46,7/24/2019,4.95,7/8/2019,2.34,8/23/2019,1.43,10/2/2019,1.36,10/8/2019,2.7,,,1/28/2020,4.05,1/9/2020,3.15,2/7/2020,4.66,3/10/2020,4.85,,,5/12/2020,6.25,6/26/2020,2.32,7/10/2020,4.5,8/10/2020,3.6
,1/9/2015,3.7,3/4/2015,3.2,4/1/2015,1.45,4/10/2015,3.95,6/12/2015,3.25,6/30/2015,1.63,7/9/2015,1.8,9/10/2015,0.14,9/30/2015,1.77,11/13/2015,4.4,12/1/2015,1.39,12/29/2015,2.35,1/11/2016,1.03,3/2/2016,2.5,3/28/2016,1.86,4/8/2016,2.71,5/31/2016,1.94,6/27/2016,0.79,7/11/2016,2.79,8/22/2016,1.09,9/26/2016,1.76,10/10/2016,1.89,11/8/2016,3.05,12/27/2016,2.8,1/10/2017,3.6,3/2/2017,4.88,3/27/2017,1.17,4/10/2017,1.97,5/30/2017,1.55,8/3/2017,3.7,7/20/2017,2.83,8/28/2017,1.47,9/27/2017,1.53,10/9/2017,1.83,11/8/2017,2.14,12/28/2017,1.46,1/10/2018,3.49,2/20/2018,0.73,3/28/2018,1.95,4/17/2018,5,5/29/2018,1.75,6/8/2018,3.15,7/10/2018,5.03,8/8/2018,3.27,9/13/2018,2.9,10/8/2018,2.12,11/8/2018,5.55,1/7/2019,0.12,1/9/2019,4.84,2/8/2019,2.14,3/11/2019,1.4,4/8/2019,2.82,5/28/2019,1.94,7/31/2019,5.3,7/9/2019,2.49,8/26/2019,1.62,10/3/2019,1.43,10/9/2019,2.77,,,1/30/2020,2.66,1/10/2020,3,2/10/2020,4.55,3/12/2020,2.46,,,5/13/2020,5.15,6/29/2020,2.24,7/13/2020,5.3,8/11/2020,3.2
,1/12/2015,3.66,3/5/2015,4.1,4/2/2015,1.62,4/13/2015,4.1,6/15/2015,2.6,7/1/2015,1.83,7/10/2015,2.25,9/11/2015,0.12,10/1/2015,1.75,11/16/2015,4.4,12/2/2015,1.19,12/30/2015,2.35,1/12/2016,1.37,3/3/2016,2.38,3/29/2016,2.2,4/11/2016,2.5,6/1/2016,2.25,6/28/2016,0.99,7/12/2016,2.88,8/23/2016,1.11,9/27/2016,1.73,10/11/2016,1.02,11/9/2016,4.7,12/28/2016,2.33,1/11/2017,2.96,3/3/2017,4.94,3/28/2017,1.19,4/11/2017,1.64,5/31/2017,1.71,8/8/2017,3.44,7/21/2017,2.66,8/29/2017,1.58,9/28/2017,1.5,10/10/2017,1.9,11/9/2017,1.95,12/29/2017,1.32,1/11/2018,3.81,2/21/2018,0.7,3/29/2018,2.09,4/24/2018,3.9,5/30/2018,2.5,6/11/2018,3.42,7/11/2018,4.5,8/10/2018,3.1,9/14/2018,2.69,10/9/2018,2.14,11/9/2018,5.3,1/8/2019,0.1,1/10/2019,4.55,2/11/2019,2.15,3/12/2019,1.65,4/9/2019,2.81,5/29/2019,1.31,8/1/2019,4.4,7/10/2019,2.64,8/27/2019,1.87,10/4/2019,2.08,10/10/2019,2.97,,,1/31/2020,1.86,1/13/2020,2.77,2/12/2020,5.66,3/13/2020,2.77,,,5/14/2020,5.7,6/30/2020,2.52,7/14/2020,6.3,8/12/2020,4.22
,1/13/2015,3.6,3/6/2015,3.17,4/6/2015,1.63,4/14/2015,3.65,6/16/2015,2.95,7/2/2015,1.69,7/13/2015,2.37,9/14/2015,0.12,10/2/2015,2.5,11/17/2015,5.13,12/3/2015,0.81,12/31/2015,2.03,1/13/2016,0.9,3/4/2016,2.35,3/30/2016,2.09,4/12/2016,2.8,6/2/2016,2.8,6/29/2016,1.7,7/13/2016,2.93,8/24/2016,0.7,9/28/2016,1.79,10/12/2016,0.9,11/10/2016,5.46,12/29/2016,2.31,1/12/2017,2.92,3/6/2017,4.85,3/29/2017,1.03,4/12/2017,1.73,6/1/2017,2.25,8/11/2017,2.05,7/24/2017,2.7,8/30/2017,1.77,9/29/2017,1.73,10/11/2017,2.08,11/10/2017,1.75,1/2/2018,1.65,1/16/2018,4.95,2/22/2018,0.51,4/2/2018,1.28,4/25/2018,4,5/31/2018,1.92,6/13/2018,3.2,7/12/2018,5.16,8/14/2018,3.25,9/17/2018,2.49,10/10/2018,1.67,11/12/2018,4.5,1/9/2019,0.15,1/11/2019,4.6,2/12/2019,2.83,3/13/2019,2.05,4/10/2019,2.91,5/30/2019,1.51,8/5/2019,2.79,7/11/2019,2.51,8/28/2019,1.7,10/7/2019,1.99,10/11/2019,3.5,,,2/3/2020,2.56,1/14/2020,2.73,2/18/2020,4.55,3/16/2020,1.95,,,5/15/2020,5.6,7/1/2020,3.2,7/15/2020,7.03,8/20/2020,3.4
,1/14/2015,3.25,3/9/2015,2.88,4/7/2015,1.67,4/15/2015,3.98,6/17/2015,3.26,7/6/2015,1.59,7/14/2015,2.89,9/15/2015,0.15,10/5/2015,2.4,11/23/2015,5.75,12/4/2015,1.32,1/4/2016,1.28,1/14/2016,1.39,3/7/2016,2.6,3/31/2016,2.1,4/13/2016,3,6/6/2016,3,6/30/2016,1.98,7/14/2016,3.07,8/25/2016,0.53,9/29/2016,1.3,10/13/2016,0.93,11/11/2016,4.6,12/30/2016,2.28,1/13/2017,2.88,3/7/2017,4.33,3/30/2017,1,4/13/2017,1.66,6/2/2017,2.66,8/15/2017,3.37,7/25/2017,2.34,8/31/2017,2.5,10/2/2017,2.28,10/12/2017,1.9,11/14/2017,1.53,1/3/2018,2.23,1/17/2018,5.8,2/23/2018,0.52,4/3/2018,1.4,4/27/2018,5.13,6/4/2018,2.59,6/14/2018,3.37,7/13/2018,5.35,8/16/2018,3.76,9/18/2018,2.91,10/11/2018,0.92,11/13/2018,3.95,1/11/2019,0.05,1/14/2019,3.9,2/13/2019,2.84,3/14/2019,1.94,4/11/2019,2.06,5/31/2019,1.31,8/6/2019,3.05,7/12/2019,2,8/29/2019,1.86,10/8/2019,1.38,10/14/2019,3.14,,,2/4/2020,3.6,1/15/2020,3.75,2/19/2020,5.15,3/17/2020,2.27,,,5/18/2020,6.7,7/2/2020,3.68,7/16/2020,6.94,8/21/2020,3.29
,1/15/2015,2.89,3/11/2015,2.58,4/8/2015,1.93,4/16/2015,3.85,6/18/2015,3.34,7/7/2015,1.67,7/15/2015,2.82,9/17/2015,0.16,10/6/2015,1.69,11/25/2015,6,12/7/2015,1.03,1/5/2016,1.4,1/19/2016,1,3/8/2016,2.19,4/1/2016,2.5,4/14/2016,3.15,6/8/2016,2.7,7/1/2016,2.23,7/15/2016,2.97,8/26/2016,0.56,9/30/2016,1.69,10/14/2016,0.79,11/14/2016,4.3,1/3/2017,2.64,1/17/2017,2.63,3/8/2017,4.25,3/31/2017,0.91,4/17/2017,1.6,6/5/2017,2.5,8/17/2017,2.55,7/26/2017,2.07,9/1/2017,2.58,10/3/2017,2.25,10/13/2017,1.92,11/15/2017,1.48,1/4/2018,2.31,1/18/2018,5.5,2/26/2018,1.08,4/4/2018,2.16,5/3/2018,2.25,6/5/2018,2.49,6/15/2018,3.4,7/19/2018,4.85,8/20/2018,4.25,9/19/2018,2.71,10/12/2018,1.09,11/14/2018,3.8,1/14/2019,0.02,1/15/2019,4.7,2/14/2019,3.25,3/15/2019,2.15,4/12/2019,1.64,6/3/2019,1.36,8/7/2019,2.93,7/15/2019,2.09,8/30/2019,1.82,10/9/2019,1.4,10/15/2019,4,,,2/6/2020,5.05,1/16/2020,4,2/20/2020,4.5,3/18/2020,1.95,,,5/19/2020,5.76,7/6/2020,4.22,7/17/2020,8.03,8/24/2020,2.81
,1/16/2015,3.65,3/16/2015,4.27,4/9/2015,2.12,4/17/2015,3.6,6/19/2015,4.15,7/8/2015,1.23,7/16/2015,3.1,9/22/2015,0.03,10/7/2015,2.15,11/27/2015,6,12/8/2015,1.24,1/6/2016,1.2,1/20/2016,0.96,3/9/2016,2.05,4/4/2016,3.01,4/15/2016,2.91,6/9/2016,2.7,7/5/2016,2.13,7/18/2016,2.84,8/29/2016,0.59,10/3/2016,1.36,10/17/2016,0.7,11/15/2016,4.05,1/4/2017,2.95,1/18/2017,2.62,3/9/2017,4.44,4/3/2017,0.93,4/18/2017,1.29,6/6/2017,2.43,8/18/2017,2.02,7/27/2017,1.61,9/5/2017,2.3,10/4/2017,2.55,10/16/2017,1.58,11/16/2017,1.77,1/5/2018,2.89,1/19/2018,5.77,2/27/2018,0.92,4/5/2018,1.96,5/4/2018,3.08,6/6/2018,3,6/18/2018,2.96,7/20/2018,4.57,8/22/2018,4.35,9/20/2018,3.28,10/15/2018,0.86,11/15/2018,2.94,1/15/2019,0.06,1/16/2019,4.95,2/15/2019,3.9,3/18/2019,1.87,4/15/2019,1.74,6/4/2019,1.92,8/8/2019,4.03,7/16/2019,1.85,9/3/2019,1.6,10/10/2019,1.49,10/17/2019,4.38,,,2/18/2020,4.69,1/21/2020,4.05,2/21/2020,4.52,3/20/2020,0.91,,,5/21/2020,4.89,7/7/2020,4.11,7/20/2020,7.75,8/25/2020,3.3
,1/20/2015,3.55,3/19/2015,5.26,4/10/2015,2.55,4/20/2015,3.6,6/23/2015,4.7,7/9/2015,1.51,7/17/2015,2.82,9/23/2015,0.02,10/8/2015,2.04,12/1/2015,6,12/9/2015,0.93,1/7/2016,0.76,1/21/2016,1.03,3/10/2016,2.17,4/5/2016,2.61,4/18/2016,3.49,6/10/2016,2.16,7/6/2016,2.68,7/19/2016,2.89,8/30/2016,0.5,10/4/2016,1.43,10/18/2016,0.91,11/16/2016,4.25,1/5/2017,3.2,1/20/2017,2.04,3/10/2017,5.4,4/4/2017,0.91,4/19/2017,1.33,6/7/2017,2.47,,,7/28/2017,1.48,9/7/2017,3.51,10/5/2017,2.53,10/17/2017,2.38,11/17/2017,1.65,1/8/2018,2.64,1/22/2018,6.21,2/28/2018,0.54,4/6/2018,1.13,5/7/2018,2.98,6/7/2018,3.1,6/21/2018,2.82,7/23/2018,4.5,8/24/2018,4.44,9/21/2018,3.35,10/16/2018,1.53,11/16/2018,4.6,1/17/2019,0.09,1/17/2019,5.2,2/19/2019,4.05,3/19/2019,2.24,4/16/2019,1.07,6/5/2019,2.24,,,7/17/2019,1.85,9/4/2019,1.34,10/11/2019,2.07,10/18/2019,4.1,,,2/21/2020,4.45,1/22/2020,4.3,2/24/2020,2.99,3/23/2020,0.08,,,5/26/2020,4.75,7/8/2020,3.45,7/21/2020,7.86,8/26/2020,3.23
,1/21/2015,3.7,3/30/2015,4.78,4/13/2015,2.48,4/21/2015,3.94,6/26/2015,4.05,7/10/2015,1.77,7/20/2015,3.17,9/24/2015,0.01,10/9/2015,2.35,12/14/2015,4.02,12/10/2015,1.11,1/8/2016,0.48,1/22/2016,1.14,3/11/2016,2.56,4/6/2016,3.8,4/19/2016,3.7,6/13/2016,2.23,7/7/2016,2.68,7/20/2016,3.45,8/31/2016,0.43,10/5/2016,1.5,10/19/2016,0.83,11/17/2016,4.05,1/6/2017,3.51,1/23/2017,1.77,3/13/2017,4.8,4/5/2017,0.97,4/20/2017,1.6,6/8/2017,2.22,,,7/31/2017,1.88,9/8/2017,3.88,10/6/2017,2.6,10/18/2017,2.61,11/20/2017,1.34,1/9/2018,3.45,1/23/2018,6.65,3/1/2018,0.36,4/9/2018,1.59,5/8/2018,2.41,6/8/2018,3.4,6/22/2018,3.05,7/24/2018,5.4,8/27/2018,4.45,9/24/2018,3.4,10/17/2018,1.72,11/20/2018,3.6,1/18/2019,0.13,1/18/2019,5.95,2/20/2019,3.6,3/20/2019,2.05,4/17/2019,0.5,6/6/2019,2.6,,,7/18/2019,2,9/5/2019,1.75,10/14/2019,1.54,10/22/2019,4.4,,,,,1/23/2020,3.95,2/25/2020,1.65,3/26/2020,1.15,,,5/27/2020,4.31,7/9/2020,3.11,7/22/2020,7.92,8/27/2020,4.1
,1/22/2015,4.1,4/10/2015,4.45,4/14/2015,2.09,4/22/2015,4.1,6/29/2015,3.65,7/13/2015,1.98,7/21/2015,2.72,9/25/2015,0.03,10/12/2015,2.1,12/16/2015,6.3,12/11/2015,0.85,1/11/2016,0.24,1/25/2016,1.14,3/14/2016,2.69,4/7/2016,3.16,4/20/2016,4,6/14/2016,2.08,7/8/2016,3.13,7/22/2016,3.5,9/1/2016,0.37,10/6/2016,1.32,10/20/2016,0.94,11/18/2016,3.58,1/9/2017,3.5,1/24/2017,1.48,3/15/2017,5.24,4/6/2017,0.82,4/21/2017,1.27,6/9/2017,2.6,,,8/1/2017,1.73,9/13/2017,4.01,10/9/2017,2.01,10/19/2017,2.76,11/21/2017,1.68,1/10/2018,3.2,1/24/2018,6.2,3/2/2018,0.41,4/10/2018,2.01,5/9/2018,2.85,6/11/2018,3.46,6/25/2018,2.58,7/25/2018,6,8/29/2018,5.25,9/25/2018,3.4,10/18/2018,1.2,11/21/2018,3,1/22/2019,0.09,1/22/2019,5.3,2/21/2019,3.2,3/21/2019,2.22,4/18/2019,0.47,6/7/2019,3.01,,,7/19/2019,1.52,9/6/2019,1.67,10/15/2019,2.55,10/23/2019,4.6,,,,,1/24/2020,2.82,2/26/2020,1.65,3/27/2020,1.39,,,5/28/2020,6.9,7/10/2020,3,7/24/2020,7,8/28/2020,3.65
,1/23/2015,4,,,4/15/2015,2.53,4/23/2015,4.21,6/30/2015,2.9,7/14/2015,2.23,7/22/2015,3,10/2/2015,0.05,10/13/2015,1.99,12/18/2015,4.9,12/14/2015,0.77,1/12/2016,0.23,1/26/2016,0.99,3/15/2016,2.13,4/8/2016,2.85,4/21/2016,4.15,6/15/2016,1.95,7/11/2016,3.39,7/25/2016,3.44,9/2/2016,0.34,10/7/2016,1.39,10/21/2016,0.67,11/21/2016,3.5,1/10/2017,3.95,1/25/2017,1.76,3/16/2017,4.69,4/7/2017,0.97,4/24/2017,1.55,6/12/2017,2.43,,,8/2/2017,1.36,9/14/2017,4.23,10/10/2017,2.13,10/20/2017,2.8,11/22/2017,1.62,1/11/2018,3.43,1/25/2018,6.9,3/5/2018,0.49,4/11/2018,1.79,5/10/2018,3.61,6/12/2018,3.46,6/27/2018,2.13,7/26/2018,6.21,8/30/2018,5.1,9/26/2018,3.9,10/19/2018,0.98,11/23/2018,3.2,1/24/2019,0.07,1/23/2019,5.69,2/22/2019,3.4,3/22/2019,1.75,4/22/2019,0.44,6/10/2019,3.27,,,7/22/2019,1.4,9/9/2019,1.23,10/16/2019,2.38,10/28/2019,4.77,,,,,1/27/2020,2.53,2/27/2020,1.27,3/30/2020,1.87,,,5/29/2020,6.09,7/13/2020,3.5,7/27/2020,7.35,9/1/2020,3.5
,1/26/2015,3.65,,,4/16/2015,2.51,4/27/2015,3.08,7/1/2015,3.25,7/15/2015,2.61,7/23/2015,2.8,10/16/2015,0.01,10/14/2015,1.75,,,12/15/2015,1.31,1/13/2016,0.15,1/27/2016,1.05,3/16/2016,1.71,4/14/2016,3.56,4/22/2016,4.36,6/16/2016,1.88,7/12/2016,3.34,7/27/2016,3.45,9/6/2016,0.36,10/10/2016,1.48,10/24/2016,0.57,11/22/2016,2.72,1/11/2017,3.37,1/26/2017,1.48,3/17/2017,4.73,4/10/2017,0.81,4/25/2017,1.74,6/13/2017,2.64,,,8/3/2017,1.5,9/15/2017,4.13,10/12/2017,2.15,10/23/2017,2.93,11/24/2017,1.6,1/12/2018,4.27,1/26/2018,8.45,3/6/2018,0.38,4/12/2018,1.97,5/11/2018,4.4,6/13/2018,3.45,6/28/2018,2.11,7/27/2018,5.76,8/31/2018,4.95,9/27/2018,3.93,10/22/2018,0.73,11/26/2018,3.05,1/25/2019,0.03,1/24/2019,4.95,2/25/2019,3.8,3/25/2019,1.5,4/23/2019,0.63,6/11/2019,2.95,,,7/23/2019,1.57,9/10/2019,1.12,10/17/2019,3.03,10/29/2019,5.93,,,,,1/28/2020,2.71,2/28/2020,0.95,3/31/2020,1.67,,,6/1/2020,6.25,7/14/2020,4.6,7/28/2020,7.65,9/2/2020,5.2
,1/27/2015,3.95,,,4/17/2015,2.03,4/28/2015,3.3,7/7/2015,2.96,7/16/2015,2.65,7/24/2015,1.69,,,10/15/2015,2.07,,,12/16/2015,1.65,1/14/2016,0.28,1/28/2016,0.43,3/17/2016,1.24,4/15/2016,3.43,4/25/2016,4.2,6/17/2016,1.46,7/15/2016,3.48,7/28/2016,3.6,9/7/2016,0.31,10/11/2016,0.7,10/25/2016,0.48,11/23/2016,2.97,1/13/2017,3.42,1/27/2017,1.71,3/21/2017,3.95,4/11/2017,0.74,4/26/2017,2.05,6/14/2017,2.92,,,8/4/2017,1.32,9/21/2017,3.22,10/13/2017,2.05,10/24/2017,2.11,11/27/2017,1.75,1/16/2018,4.6,1/29/2018,8.77,3/7/2018,0.48,4/13/2018,1.5,5/14/2018,4.9,6/14/2018,3.78,6/29/2018,2.23,8/1/2018,6.73,9/4/2018,4.95,9/28/2018,4.1,10/23/2018,0.69,11/27/2018,3.62,1/28/2019,0.02,1/25/2019,5.1,2/26/2019,3.45,3/26/2019,1.55,4/24/2019,0.6,6/12/2019,3.14,,,7/24/2019,1.43,9/11/2019,1.6,10/18/2019,2.65,10/30/2019,6.31,,,,,1/29/2020,2.74,3/2/2020,1.77,4/1/2020,0.84,,,6/2/2020,6.31,7/15/2020,5.21,7/29/2020,8,9/3/2020,3.19
,1/28/2015,2.98,,,4/20/2015,2.37,4/29/2015,2.98,7/8/2015,2.32,7/17/2015,2.46,7/27/2015,1.57,,,10/16/2015,2.59,,,12/17/2015,1.22,1/15/2016,0.17,1/29/2016,0.57,3/18/2016,1.75,4/18/2016,3.35,4/27/2016,3.95,6/20/2016,1.63,7/21/2016,4.1,7/29/2016,3.75,9/8/2016,0.31,10/12/2016,0.55,10/26/2016,0.4,11/25/2016,2.97,1/17/2017,2.9,1/30/2017,1.45,3/27/2017,3.7,4/12/2017,0.79,4/27/2017,2.14,6/15/2017,2.85,,,8/7/2017,1.36,9/22/2017,2.97,10/16/2017,1.71,10/25/2017,2.3,11/28/2017,2.06,1/17/2018,5.4,1/30/2018,7.05,3/8/2018,0.53,4/16/2018,1.93,5/15/2018,4.12,6/15/2018,3.95,7/2/2018,2.09,8/2/2018,6.87,9/5/2018,4.6,10/2/2018,4.5,10/24/2018,0.42,11/28/2018,5.49,1/29/2019,0.02,1/28/2019,4.15,2/28/2019,3,3/27/2019,1.38,4/25/2019,0.83,6/13/2019,3.07,,,7/25/2019,1.35,9/12/2019,1.74,10/21/2019,2.65,10/31/2019,6.2,,,,,1/30/2020,1.68,3/3/2020,1.23,4/2/2020,1.25,,,6/3/2020,6.17,7/16/2020,5,7/30/2020,7.4,9/4/2020,3.25
,1/29/2015,2.73,,,4/21/2015,2.71,4/30/2015,2.12,7/9/2015,2.64,7/21/2015,2.35,7/28/2015,2.35,,,10/19/2015,2.61,,,12/18/2015,0.83,1/19/2016,0.15,2/1/2016,0.56,3/21/2016,1.95,4/20/2016,4.35,4/28/2016,3.7,6/21/2016,1.5,7/25/2016,3.98,8/2/2016,3.95,9/9/2016,0.16,10/13/2016,0.64,10/27/2016,0.45,11/30/2016,2.67,1/18/2017,2.94,1/31/2017,2.13,3/29/2017,3.6,4/13/2017,0.75,4/28/2017,2.04,7/12/2017,4.6,,,8/8/2017,1.12,9/25/2017,2.63,10/17/2017,2.75,10/26/2017,1.57,11/29/2017,2.45,1/18/2018,5.4,1/31/2018,5.68,3/9/2018,0.76,4/17/2018,2.21,5/17/2018,4.27,6/18/2018,3.15,7/3/2018,2.44,8/3/2018,7.12,9/6/2018,4.46,10/3/2018,4.15,10/25/2018,0.41,11/29/2018,5.76,1/30/2019,0.01,1/29/2019,4.55,3/1/2019,3.62,3/28/2019,1.4,4/26/2019,1.02,6/14/2019,3.15,,,7/26/2019,1.42,9/13/2019,1.49,10/22/2019,3.06,11/1/2019,6.6,,,,,1/31/2020,1.13,3/4/2020,3.2,4/3/2020,0.84,,,6/4/2020,5.32,7/17/2020,6.01,7/31/2020,6.26,9/8/2020,2.07
,2/2/2015,2.6,,,4/22/2015,2.47,5/4/2015,3.03,7/10/2015,3.25,7/22/2015,2.48,7/29/2015,2.4,,,10/20/2015,2.1,,,12/21/2015,0.78,1/20/2016,0.2,2/2/2016,0.39,3/22/2016,2.42,4/25/2016,4.7,4/29/2016,2.67,6/22/2016,1.61,7/27/2016,4.15,8/4/2016,3.7,9/12/2016,0.27,10/14/2016,0.45,10/28/2016,0.24,12/1/2016,2.19,1/19/2017,2.55,2/1/2017,2.6,4/21/2017,2.89,4/17/2017,0.72,5/1/2017,2.3,7/13/2017,4.56,,,8/9/2017,1.16,9/26/2017,2.65,10/18/2017,2.7,10/27/2017,1.67,11/30/2017,2.88,1/19/2018,5.32,2/1/2018,5.5,3/12/2018,0.73,4/19/2018,1.69,5/22/2018,4.65,6/19/2018,3.4,7/5/2018,2.91,8/6/2018,7.3,9/10/2018,4.65,10/4/2018,3.55,10/26/2018,0.31,12/3/2018,6.68,1/31/2019,0.04,1/30/2019,4.8,3/4/2019,2.69,3/29/2019,1.7,4/29/2019,0.96,6/17/2019,3.15,,,7/29/2019,1.62,9/16/2019,1.5,10/25/2019,2.33,11/6/2019,5.6,,,,,2/3/2020,1.46,3/5/2020,2.24,4/6/2020,1.58,,,6/5/2020,7.25,7/21/2020,6.4,8/3/2020,7.7,9/9/2020,2.7
,2/3/2015,3,,,4/23/2015,2.73,5/5/2015,2.49,7/14/2015,4,7/23/2015,2.3,7/30/2015,2.26,,,10/21/2015,2,,,12/22/2015,1,1/21/2016,0.15,2/3/2016,0.42,3/24/2016,1.99,4/29/2016,3.17,5/2/2016,2.93,6/23/2016,1.96,8/5/2016,4.2,8/5/2016,3.59,9/13/2016,0.16,10/17/2016,0.4,10/31/2016,0.26,12/2/2016,2.35,1/20/2017,2.34,2/2/2017,2.65,,,4/18/2017,0.43,5/2/2017,2.33,7/14/2017,5.3,,,8/10/2017,0.87,9/27/2017,2.3,10/19/2017,3.1,10/30/2017,1.14,12/1/2017,2.82,1/23/2018,6.06,2/2/2018,4.94,3/13/2018,0.68,4/20/2018,1.53,5/29/2018,3.1,6/20/2018,3.52,7/6/2018,3.82,8/10/2018,6.96,9/13/2018,5.73,10/5/2018,3.9,10/29/2018,0.36,12/4/2018,6.45,2/1/2019,0.05,1/31/2019,6.4,3/5/2019,2.58,4/1/2019,1.81,4/30/2019,1.08,6/18/2019,3.73,,,7/30/2019,1.37,9/17/2019,1.54,10/28/2019,3.39,11/7/2019,5.8,,,,,2/4/2020,2.27,3/6/2020,2.74,4/7/2020,2.02,,,6/8/2020,7.06,7/22/2020,6.35,8/4/2020,7.12,9/10/2020,1.6
,2/4/2015,2.43,,,4/27/2015,1.82,5/6/2015,2.05,7/15/2015,4.91,7/24/2015,1.17,7/31/2015,2.5,,,10/22/2015,1.41,,,12/23/2015,1.37,1/22/2016,0.14,2/4/2016,0.38,3/29/2016,2.28,5/2/2016,3.4,5/3/2016,3.06,6/24/2016,0.95,8/12/2016,3.75,8/8/2016,3.5,9/14/2016,0.2,10/18/2016,0.57,11/1/2016,0.23,12/5/2016,2.08,1/23/2017,2.06,2/3/2017,2.92,,,4/19/2017,0.47,5/3/2017,2.13,7/19/2017,5.48,,,8/11/2017,0.97,9/28/2017,2.55,10/20/2017,3.22,10/31/2017,1.03,12/4/2017,2.38,1/24/2018,6.3,2/5/2018,2.43,3/14/2018,0.55,4/23/2018,1.55,5/30/2018,4.58,6/21/2018,3.12,7/9/2018,4.2,8/13/2018,7.15,9/14/2018,5.45,10/8/2018,3.15,10/31/2018,0.46,12/6/2018,3.8,2/6/2019,0.02,2/1/2019,6.38,3/6/2019,1.99,4/2/2019,1.65,5/1/2019,1.09,6/19/2019,4.35,,,7/31/2019,1.19,9/18/2019,1.46,10/29/2019,4.57,11/11/2019,6.23,,,,,2/5/2020,3.23,3/9/2020,1.6,4/8/2020,3.06,,,6/9/2020,6.91,7/23/2020,6.44,8/6/2020,6.8,9/11/2020,1.74
,2/5/2015,3.15,,,4/28/2015,1.91,5/7/2015,2.21,7/17/2015,4.75,7/27/2015,1.07,8/3/2015,2.26,,,10/23/2015,2.32,,,12/24/2015,1.38,1/27/2016,0.04,2/5/2016,0.26,3/30/2016,2.65,5/3/2016,3.2,5/4/2016,2.64,6/27/2016,0.57,8/15/2016,4.04,8/9/2016,3.22,9/15/2016,0.24,10/19/2016,0.49,11/2/2016,0.2,12/6/2016,1.98,1/24/2017,1.67,2/6/2017,2.76,,,4/20/2017,0.63,5/4/2017,2.41,7/21/2017,6.03,,,8/14/2017,1.05,9/29/2017,2.85,10/23/2017,3.3,11/1/2017,1.12,12/5/2017,2.21,1/25/2018,6.67,2/6/2018,2.76,3/15/2018,0.48,4/24/2018,1.1,5/31/2018,3.87,6/22/2018,3.39,7/10/2018,4.48,8/14/2018,7.34,9/17/2018,5.25,10/9/2018,3.65,11/1/2018,0.45,12/7/2018,3.7,2/7/2019,0.01,2/4/2019,5.83,3/7/2019,1.57,4/3/2019,1.6,5/2/2019,1.16,6/20/2019,4.8,,,8/1/2019,1.09,9/19/2019,1.67,10/31/2019,4.58,11/12/2019,6.86,,,,,2/6/2020,3.3,3/10/2020,1.88,4/9/2020,3.3,,,6/11/2020,3.3,7/24/2020,5.05,8/7/2020,7.15,9/14/2020,2.45
,2/6/2015,2.64,,,4/29/2015,1.34,5/8/2015,3.16,,,7/28/2015,1.8,8/4/2015,2.35,,,10/26/2015,2.48,,,12/28/2015,1.12,1/28/2016,0.02,2/8/2016,0.18,3/31/2016,2.15,5/10/2016,3.35,5/5/2016,2.71,6/28/2016,0.87,8/16/2016,3.39,8/10/2016,2.91,9/16/2016,0.18,10/20/2016,0.55,11/3/2016,0.13,12/7/2016,1.75,1/25/2017,2.04,2/7/2017,2.89,,,4/21/2017,0.5,5/5/2017,2.34,,,,,8/15/2017,1.04,10/2/2017,3.65,10/24/2017,2.48,11/2/2017,0.87,12/6/2017,1.73,1/26/2018,7.76,2/7/2018,3.1,3/16/2018,0.43,4/25/2018,1.19,6/6/2018,5.52,6/25/2018,2.97,7/11/2018,4.05,8/21/2018,8.75,9/19/2018,5.64,10/10/2018,2.46,11/2/2018,0.38,12/10/2018,3.45,2/12/2019,0.01,2/5/2019,6.52,3/8/2019,1.5,4/4/2019,1.39,5/3/2019,1.4,6/21/2019,5.14,,,8/2/2019,1.04,9/20/2019,2.07,11/1/2019,5.49,11/15/2019,7.84,,,,,2/7/2020,2.85,3/11/2020,1.24,4/13/2020,2.5,,,6/12/2020,3.15,7/27/2020,5.63,8/10/2020,6.85,9/15/2020,2.37
,2/9/2015,2.08,,,4/30/2015,0.87,5/12/2015,2.72,,,7/29/2015,1.93,8/5/2015,2.89,,,10/27/2015,3.1,,,12/29/2015,1.6,1/29/2016,0.03,2/9/2016,0.21,4/4/2016,3.5,5/12/2016,2.63,5/6/2016,2.18,6/29/2016,1.5,8/17/2016,3.25,8/11/2016,3.29,9/19/2016,0.11,10/21/2016,0.36,11/4/2016,0.18,12/8/2016,1.87,1/26/2017,1.64,2/8/2017,2.84,,,4/24/2017,0.62,5/8/2017,2.05,,,,,8/16/2017,1.1,10/3/2017,3.8,10/25/2017,2.46,11/3/2017,1.03,12/8/2017,2.36,1/29/2018,8.59,2/8/2018,1.65,3/19/2018,0.19,4/26/2018,2.05,6/11/2018,6.44,6/26/2018,2.57,7/12/2018,4.65,8/23/2018,8.81,9/20/2018,6.47,10/11/2018,1.41,11/5/2018,0.54,12/11/2018,4,2/15/2019,0.01,2/6/2019,6.15,3/11/2019,1.8,4/5/2019,1.68,5/6/2019,1.78,6/24/2019,4.61,,,8/5/2019,0.57,9/23/2019,1.7,11/4/2019,4.95,11/25/2019,9.85,,,,,2/10/2020,3,3/12/2020,0.47,4/14/2020,4.07,,,6/15/2020,3.25,7/28/2020,5.47,8/11/2020,7,9/16/2020,2.25
,2/10/2015,2.86,,,5/1/2015,1.26,5/14/2015,3.5,,,7/31/2015,2.19,8/6/2015,1.95,,,10/28/2015,3.56,,,12/30/2015,1.4,2/1/2016,0.02,2/10/2016,0.28,4/6/2016,4.17,5/19/2016,1.81,5/9/2016,2.9,6/30/2016,1.88,8/18/2016,3.52,8/12/2016,3.07,9/20/2016,0.15,10/24/2016,0.29,11/7/2016,0.33,12/9/2016,2.38,1/27/2017,1.99,2/9/2017,3.1,,,4/25/2017,0.78,5/9/2017,2.1,,,,,8/17/2017,0.64,10/4/2017,3.9,10/26/2017,2.02,11/6/2017,0.9,12/11/2017,2.49,1/30/2018,6.75,2/9/2018,1.89,3/20/2018,0.2,4/27/2018,2.18,6/14/2018,6.6,6/27/2018,2.11,7/13/2018,5,8/29/2018,10.04,9/21/2018,6.62,10/12/2018,1.7,11/6/2018,0.53,12/12/2018,4.2,,,2/7/2019,5.2,3/12/2019,2.07,4/8/2019,1.6,5/7/2019,1.19,6/25/2019,4.65,,,8/6/2019,0.65,9/24/2019,1.32,11/5/2019,4.12,12/4/2019,10.55,,,,,2/12/2020,3.63,3/13/2020,0.9,4/15/2020,4,,,6/16/2020,4.6,7/29/2020,6.32,8/12/2020,7.9,9/17/2020,1.9
,2/11/2015,2.9,,,5/4/2015,1.59,5/15/2015,3.47,,,8/4/2015,1.75,8/7/2015,1.75,,,10/29/2015,4.4,,,12/31/2015,1,2/9/2016,0.01,2/11/2016,0.18,4/7/2016,3.88,5/20/2016,2.73,5/10/2016,3.02,7/1/2016,2.23,8/19/2016,3.25,8/15/2016,3.24,9/21/2016,0.19,10/25/2016,0.24,11/8/2016,0.32,12/12/2016,2.58,1/30/2017,1.58,2/10/2017,3.2,,,4/26/2017,0.97,5/10/2017,1.89,,,,,8/18/2017,0.57,10/5/2017,3.95,10/27/2017,1.75,11/7/2017,0.91,12/12/2017,2.92,1/31/2018,5.37,2/12/2018,2.15,3/21/2018,0.14,4/30/2018,1.47,,,6/28/2018,2.23,7/16/2018,4.35,9/5/2018,9.1,9/24/2018,6.81,10/15/2018,1.31,11/7/2018,1.12,12/13/2018,3.8,,,2/8/2019,5.3,3/13/2019,2.68,4/9/2019,1.38,5/8/2019,1.23,6/26/2019,3.39,,,8/7/2019,0.76,9/25/2019,0.9,11/6/2019,4.4,12/16/2019,13.27,,,,,2/13/2020,3.36,3/16/2020,0.28,4/16/2020,5.3,,,6/17/2020,4.75,7/30/2020,4.95,8/17/2020,8.05,9/18/2020,1.76
,2/12/2015,3,,,5/5/2015,0.91,5/18/2015,3.95,,,8/5/2015,2.16,8/10/2015,2,,,10/30/2015,4.3,,,1/4/2016,0.48,2/16/2016,0.01,2/12/2016,0.19,4/8/2016,3.34,,,5/11/2016,2.86,7/5/2016,2.27,,,8/16/2016,2.68,9/22/2016,0.28,10/26/2016,0.18,11/9/2016,0.92,12/13/2016,2.93,1/31/2017,2.59,2/13/2017,3.43,,,4/27/2017,0.98,5/11/2017,1.92,,,,,8/21/2017,0.59,10/6/2017,3.94,10/30/2017,1.22,11/8/2017,1.01,12/13/2017,3.2,2/1/2018,5.45,2/13/2018,1.91,3/22/2018,0.08,5/1/2018,1.08,,,6/29/2018,2.26,7/17/2018,4.5,9/11/2018,9.4,9/28/2018,7.26,10/16/2018,2.44,11/8/2018,0.96,12/14/2018,2.15,,,2/11/2019,5.21,3/14/2019,2.54,4/10/2019,1.45,5/9/2019,1.19,6/27/2019,3.9,,,8/8/2019,0.99,9/26/2019,0.73,11/7/2019,4.54,12/19/2019,13.41,,,,,2/14/2020,2.88,3/17/2020,0.55,4/17/2020,6.4,,,6/18/2020,4.25,7/31/2020,4.98,8/18/2020,8.12,9/21/2020,1
,2/13/2015,3.1,,,5/6/2015,0.66,5/19/2015,4.3,,,8/6/2015,1.27,8/11/2015,1.68,,,11/2/2015,4.45,,,1/5/2016,0.52,,,2/16/2016,0.2,4/11/2016,3.08,,,5/12/2016,2.17,7/6/2016,2.39,,,8/17/2016,2.72,9/23/2016,0.21,10/27/2016,0.22,11/10/2016,1.31,12/14/2016,2.76,2/1/2017,3.01,2/14/2017,3.95,,,4/28/2017,1.03,5/12/2017,1.87,,,,,8/22/2017,1,10/9/2017,3.3,10/31/2017,1,11/9/2017,0.87,12/14/2017,2.43,2/2/2018,4.65,2/14/2018,2.27,3/23/2018,0.05,5/2/2018,0.58,,,7/2/2018,2.19,7/19/2018,4,9/12/2018,9.58,10/1/2018,7.9,10/17/2018,2.75,11/9/2018,0.98,12/17/2018,1.51,,,2/12/2019,6.36,3/15/2019,2.7,4/11/2019,0.82,5/10/2019,0.92,6/28/2019,3.67,,,8/9/2019,1.11,9/27/2019,0.49,11/8/2019,4.95,,,,,,,2/18/2020,2.66,3/18/2020,0.32,4/20/2020,5.85,,,6/23/2020,5.2,8/3/2020,5.92,8/19/2020,7.87,9/22/2020,0.95
,2/17/2015,3.65,,,5/7/2015,0.85,5/20/2015,4.5,,,8/7/2015,1.08,8/12/2015,1.69,,,11/3/2015,4.86,,,1/6/2016,0.4,,,2/17/2016,0.29,4/12/2016,2.91,,,5/13/2016,2.13,7/7/2016,3.12,,,8/19/2016,2.45,9/26/2016,0.1,10/28/2016,0.15,11/11/2016,0.95,12/15/2016,3.05,2/2/2017,3.14,2/15/2017,4.5,,,5/1/2017,1.15,5/15/2017,2,,,,,8/23/2017,0.7,10/12/2017,3.75,11/1/2017,1.21,11/10/2017,0.7,12/15/2017,3.1,2/5/2018,1.5,2/15/2018,2.38,3/26/2018,0.04,5/3/2018,0.32,,,7/3/2018,2.31,7/26/2018,5.8,9/17/2018,11.05,10/3/2018,7.59,10/18/2018,2.14,11/12/2018,0.71,12/18/2018,0.96,,,2/13/2019,6.45,3/18/2019,2.63,4/12/2019,0.56,5/13/2019,0.58,7/3/2019,5.3,,,8/12/2019,0.88,9/30/2019,0.82,11/11/2019,4.62,,,,,,,2/19/2020,3.15,3/19/2020,0.13,4/21/2020,4.18,,,6/24/2020,2.96,8/4/2020,5.37,8/20/2020,7.35,9/23/2020,0.68
,2/18/2015,3.37,,,5/8/2015,1.48,5/21/2015,4.28,,,8/10/2015,1.31,8/13/2015,1.65,,,11/4/2015,4.5,,,1/7/2016,0.16,,,2/18/2016,0.18,4/13/2016,3.68,,,5/16/2016,2.71,7/8/2016,3.54,,,8/23/2016,2.79,9/27/2016,0.1,10/31/2016,0.12,11/14/2016,0.75,12/16/2016,3.22,2/3/2017,3.33,2/16/2017,4.6,,,5/2/2017,1.16,5/16/2017,1.87,,,,,8/24/2017,0.75,10/13/2017,3.4,11/2/2017,0.87,11/13/2017,0.72,12/18/2017,3.1,2/6/2018,1.07,2/16/2018,3.25,3/27/2018,0.03,5/4/2018,0.56,,,7/5/2018,3.11,7/27/2018,5.15,9/19/2018,10.61,10/8/2018,5.82,10/19/2018,1.4,11/13/2018,0.5,12/19/2018,0.74,,,2/15/2019,7.8,3/19/2019,3.13,4/15/2019,0.63,5/14/2019,0.58,7/5/2019,4.96,,,8/13/2019,1.2,10/1/2019,0.5,11/12/2019,5.29,,,,,,,2/20/2020,2.42,3/20/2020,0.02,4/22/2020,4.75,,,6/25/2020,3.1,8/5/2020,5.96,8/21/2020,7.3,9/24/2020,0.45
,2/19/2015,3.52,,,5/12/2015,1.13,5/26/2015,3.5,,,8/11/2015,0.88,8/14/2015,1.63,,,11/9/2015,3.46,,,1/8/2016,0.03,,,2/19/2016,0.16,4/14/2016,4.19,,,5/17/2016,2.11,7/11/2016,3.56,,,8/25/2016,1.35,9/28/2016,0.09,11/1/2016,0.08,11/15/2016,0.62,12/19/2016,2.72,2/8/2017,3.52,2/17/2017,4.65,,,5/3/2017,1.03,5/17/2017,1.39,,,,,8/25/2017,0.68,10/16/2017,3.17,11/3/2017,1.02,11/14/2017,0.59,12/19/2017,3.19,2/7/2018,1.81,2/20/2018,2.49,3/28/2018,0.05,5/7/2018,0.49,,,7/6/2018,4.1,7/30/2018,5.22,,,10/9/2018,6.44,10/22/2018,1.18,11/14/2018,0.44,12/20/2018,0.62,,,2/21/2019,7,3/20/2019,2.75,4/16/2019,0.23,5/15/2019,0.58,7/9/2019,4.11,,,8/14/2019,0.58,10/2/2019,0.22,11/13/2019,5.41,,,,,,,2/21/2020,2.74,3/23/2020,0.01,4/23/2020,4.9,,,6/26/2020,2.65,8/6/2020,5.26,8/24/2020,6.28,9/25/2020,0.78
,2/20/2015,4.2,,,5/13/2015,1.33,5/27/2015,4.25,,,8/12/2015,0.97,8/17/2015,2,,,11/10/2015,3.52,,,1/11/2016,0.02,,,2/22/2016,0.17,4/15/2016,3.9,,,5/18/2016,2.24,7/12/2016,3.91,,,8/26/2016,1.58,9/29/2016,0.04,11/2/2016,0.07,11/16/2016,0.46,12/20/2016,2.61,2/10/2017,3.83,2/21/2017,5.18,,,5/4/2017,1.25,5/18/2017,1.71,,,,,8/28/2017,0.94,10/17/2017,3.97,11/6/2017,0.95,11/15/2017,0.48,12/21/2017,2.72,2/8/2018,1.34,2/21/2018,2.33,3/29/2018,0.03,5/8/2018,0.21,,,7/9/2018,4.6,7/31/2018,5.73,,,10/10/2018,4.75,10/23/2018,0.97,11/15/2018,0.54,12/21/2018,0.44,,,2/22/2019,7.57,3/21/2019,2.12,4/17/2019,0.05,5/16/2019,0.59,7/12/2019,3.3,,,8/15/2019,0.62,10/3/2019,0.26,11/14/2019,5.25,,,,,,,2/24/2020,1.33,3/24/2020,0.01,4/24/2020,5.6,,,6/29/2020,2.93,8/14/2020,5.69,8/25/2020,7.15,9/28/2020,0.87
,2/23/2015,4.6,,,5/14/2015,2.09,5/29/2015,4.5,,,8/13/2015,0.8,8/18/2015,1.96,,,11/12/2015,2.89,,,1/12/2016,0.01,,,2/23/2016,0.17,,,,,5/19/2016,1.9,7/13/2016,3.85,,,8/29/2016,1.73,9/30/2016,0.06,11/3/2016,0.03,11/17/2016,0.47,12/21/2016,2.33,2/13/2017,4.29,2/22/2017,5.15,,,5/5/2017,1.19,5/19/2017,1.65,,,,,8/29/2017,0.98,10/18/2017,4.25,11/8/2017,0.85,11/16/2017,0.73,12/22/2017,2.21,2/9/2018,0.8,2/22/2018,1.87,4/2/2018,0.03,5/9/2018,0.29,,,7/10/2018,4.95,8/1/2018,6.08,,,10/11/2018,2.36,10/24/2018,0.46,11/16/2018,0.65,12/24/2018,0.26,,,2/25/2019,8.15,3/22/2019,2.45,4/18/2019,0.08,5/17/2019,0.64,7/16/2019,3.25,,,8/16/2019,0.69,10/4/2019,0.52,11/15/2019,7.59,,,,,,,2/25/2020,0.58,3/25/2020,0.01,4/27/2020,6.15,,,6/30/2020,3.26,8/18/2020,6.59,8/26/2020,6.92,9/29/2020,0.81
,2/24/2015,4.42,,,5/15/2015,2.22,6/1/2015,4.52,,,8/14/2015,0.83,8/19/2015,1.85,,,11/13/2015,2.32,,,1/13/2016,0.01,,,2/24/2016,0.16,,,,,5/20/2016,2.29,7/14/2016,4.05,,,8/30/2016,1.36,10/3/2016,0.04,11/4/2016,0.06,11/18/2016,0.23,12/22/2016,2.36,2/16/2017,5.64,2/23/2017,5.36,,,5/8/2017,0.85,5/22/2017,1.67,,,,,8/30/2017,1.41,,,11/9/2017,0.83,11/17/2017,0.59,12/28/2017,2.42,2/12/2018,0.98,2/23/2018,2.49,4/3/2018,0.02,5/10/2018,0.72,,,7/11/2018,4.4,8/2/2018,6.53,,,10/12/2018,2.83,10/25/2018,0.65,11/19/2018,0.42,12/26/2018,0.46,,,2/26/2019,7.8,3/25/2019,1.7,4/22/2019,0.06,5/20/2019,0.53,7/18/2019,3.55,,,8/19/2019,0.88,10/7/2019,0.53,,,,,,,,,2/26/2020,0.54,3/26/2020,0.15,4/29/2020,5.17,,,7/1/2020,4.6,8/19/2020,6.7,8/27/2020,8.38,9/30/2020,1.45
,2/25/2015,4.4,,,,,6/2/2015,3.9,,,8/17/2015,1.17,8/20/2015,1.04,,,11/16/2015,2.16,,,,,,,2/25/2016,0.22,,,,,5/23/2016,2.02,7/15/2016,4.13,,,8/31/2016,1.21,10/4/2016,0.03,11/7/2016,0.08,11/21/2016,0.2,12/23/2016,2.76,2/17/2017,5.43,2/24/2017,5.65,,,5/9/2017,0.81,5/23/2017,1.78,,,,,8/31/2017,2.38,,,11/10/2017,0.59,11/20/2017,0.38,12/29/2017,2.55,2/13/2018,0.79,2/26/2018,3.75,4/4/2018,0.01,5/11/2018,1.38,,,7/12/2018,5.3,8/3/2018,6.85,,,10/15/2018,2.68,10/26/2018,0.38,11/20/2018,0.38,12/27/2018,0.4,,,2/27/2019,7.1,3/26/2019,2.03,4/23/2019,0.12,5/21/2019,0.67,,,,,8/20/2019,0.58,10/8/2019,0.17,,,,,,,,,2/27/2020,0.45,3/27/2020,0.15,4/30/2020,4.77,,,7/2/2020,5.05,8/20/2020,5.7,9/1/2020,7.38,10/1/2020,1.19
,2/27/2015,4.37,,,,,6/5/2015,3.44,,,8/18/2015,1.15,8/21/2015,0.75,,,11/17/2015,2.87,,,,,,,2/26/2016,0.21,,,,,5/24/2016,2.78,,,,,9/1/2016,1.05,10/5/2016,0.02,11/8/2016,0.08,11/22/2016,0.09,12/27/2016,2.83,,,2/27/2017,5.92,,,5/10/2017,0.68,5/24/2017,1.96,,,,,9/1/2017,2.32,,,11/13/2017,0.56,11/21/2017,0.62,1/2/2018,2.75,2/14/2018,0.62,2/27/2018,3.2,4/9/2018,0.02,5/14/2018,1.8,,,7/13/2018,5.54,8/6/2018,7.2,,,10/16/2018,5.2,10/29/2018,0.43,11/21/2018,0.22,12/28/2018,0.66,,,3/1/2019,7.67,3/27/2019,1.62,4/24/2019,0.09,5/22/2019,0.82,,,,,8/21/2019,0.7,10/9/2019,0.16,,,,,,,,,2/28/2020,0.28,3/30/2020,0.17,5/1/2020,3.1,,,7/6/2020,5.68,8/21/2020,5.75,9/2/2020,8.8,10/2/2020,1.08
,3/3/2015,4.2,,,,,6/8/2015,3.31,,,8/19/2015,0.64,8/24/2015,0.31,,,11/18/2015,3.85,,,,,,,2/29/2016,0.09,,,,,5/25/2016,3.15,,,,,9/2/2016,1.04,10/6/2016,0.02,11/9/2016,0.38,11/23/2016,0.1,12/28/2016,2.73,,,2/28/2017,5.98,,,5/11/2017,0.62,5/25/2017,2.31,,,,,9/5/2017,2.31,,,11/14/2017,0.38,11/22/2017,0.6,1/3/2018,3.4,2/15/2018,1.65,2/28/2018,2.09,4/16/2018,0.01,5/15/2018,0.72,,,7/16/2018,4.95,8/8/2018,7.2,,,10/18/2018,4,10/30/2018,0.36,11/23/2018,0.25,12/31/2018,0.75,,,3/4/2019,6.8,3/28/2019,1.52,4/25/2019,0.14,5/23/2019,0.65,,,,,8/22/2019,0.64,10/10/2019,0.17,,,,,,,,,3/2/2020,0.55,3/31/2020,0.1,5/4/2020,2.99,,,7/9/2020,4.07,,,9/3/2020,6.92,10/5/2020,1.66
,3/4/2015,4.7,,,,,6/10/2015,3.5,,,8/20/2015,0.14,8/25/2015,0.18,,,11/19/2015,3.13,,,,,,,3/1/2016,0.15,,,,,5/26/2016,3.02,,,,,9/6/2016,1.11,10/7/2016,0.02,11/10/2016,0.67,11/25/2016,0.11,12/29/2016,2.58,,,3/1/2017,6.8,,,5/12/2017,0.55,5/26/2017,2.06,,,,,9/6/2017,2.33,,,11/15/2017,0.27,11/24/2017,0.63,1/4/2018,3.8,2/16/2018,2.57,3/1/2018,1.22,4/19/2018,0.01,5/16/2018,1.07,,,7/17/2018,5.45,8/9/2018,7.17,,,10/19/2018,4.1,10/31/2018,0.41,11/26/2018,0.2,1/2/2019,0.3,,,3/5/2019,7,3/29/2019,2.32,4/26/2019,0.18,5/24/2019,0.72,,,,,8/23/2019,0.29,10/11/2019,0.36,,,,,,,,,3/3/2020,0.29,4/1/2020,0.05,5/5/2020,4.4,,,7/10/2020,3.98,,,9/4/2020,5.73,10/6/2020,0.96
,3/5/2015,4.8,,,,,6/12/2015,3.3,,,8/21/2015,0.01,8/26/2015,0.21,,,11/20/2015,3.47,,,,,,,3/2/2016,0.13,,,,,5/27/2016,3.15,,,,,9/7/2016,1.04,10/10/2016,0.01,11/11/2016,0.31,11/28/2016,0.05,12/30/2016,2.29,,,3/2/2017,6.5,,,5/15/2017,0.87,5/30/2017,1.98,,,,,9/7/2017,3,,,11/16/2017,0.63,11/27/2017,0.65,1/5/2018,4.4,,,3/2/2018,1.64,,,5/17/2018,0.98,,,7/18/2018,5.45,8/13/2018,6.63,,,,,11/1/2018,0.45,11/27/2018,0.25,1/3/2019,0.17,,,3/6/2019,5.5,4/1/2019,2.33,4/29/2019,0.17,5/28/2019,0.38,,,,,8/26/2019,0.38,10/14/2019,0.17,,,,,,,,,3/4/2020,1.25,4/2/2020,0.05,5/6/2020,4.16,,,7/15/2020,7.64,,,9/8/2020,4.66,10/7/2020,1.9
,3/6/2015,3.75,,,,,6/15/2015,3.2,,,,,8/27/2015,0.37,,,,,,,,,,,3/3/2016,0.09,,,,,5/31/2016,3.47,,,,,9/8/2016,1.14,10/11/2016,0.01,11/14/2016,0.13,11/29/2016,0.07,1/3/2017,2.93,,,3/3/2017,6.81,,,5/16/2017,0.58,5/31/2017,2.18,,,,,9/8/2017,3.52,,,11/17/2017,0.29,11/28/2017,0.93,1/8/2018,3.8,,,3/5/2018,1.94,,,5/18/2018,1.24,,,7/19/2018,4.95,8/14/2018,6.95,,,,,11/2/2018,0.4,11/28/2018,0.73,1/4/2019,0.34,,,3/7/2019,5.1,4/3/2019,1.99,4/30/2019,0.15,5/29/2019,0.24,,,,,8/27/2019,0.26,10/15/2019,0.8,,,,,,,,,3/5/2020,0.72,4/3/2020,0.03,5/8/2020,3.97,,,,,,,9/9/2020,6.74,10/8/2020,2
,3/12/2015,3.76,,,,,6/16/2015,3.75,,,,,8/28/2015,0.27,,,,,,,,,,,3/4/2016,0.09,,,,,6/1/2016,3.75,,,,,9/9/2016,0.44,10/14/2016,0.02,11/15/2016,0.09,11/30/2016,0.03,1/4/2017,3.64,,,3/6/2017,6.47,,,5/17/2017,0.23,6/1/2017,2.94,,,,,9/11/2017,4.18,,,,,11/29/2017,1.34,1/9/2018,4.98,,,3/6/2018,1.65,,,,,,,7/20/2018,4.7,8/15/2018,7,,,,,11/5/2018,0.59,11/29/2018,1,1/7/2019,0.49,,,3/8/2019,4.15,4/4/2019,1.83,5/1/2019,0.15,5/30/2019,0.22,,,,,8/28/2019,0.3,10/16/2019,0.63,,,,,,,,,3/6/2020,0.49,4/6/2020,0.05,5/11/2020,5.27,,,,,,,9/10/2020,4.43,10/9/2020,2.65
,3/13/2015,3.55,,,,,6/17/2015,3.98,,,,,8/31/2015,0.12,,,,,,,,,,,3/7/2016,0.04,,,,,6/2/2016,4.45,,,,,9/12/2016,0.77,10/18/2016,0.03,11/16/2016,0.04,12/1/2016,0.01,1/5/2017,3.81,,,3/7/2017,6.2,,,5/18/2017,0.2,6/2/2017,3.5,,,,,9/12/2017,4.13,,,,,11/30/2017,1.78,1/10/2018,4.82,,,3/7/2018,2.05,,,,,,,,,8/16/2018,7.51,,,,,11/6/2018,0.66,11/30/2018,1.45,1/8/2019,0.34,,,3/11/2019,5.3,4/5/2019,2.36,5/2/2019,0.18,5/31/2019,0.17,,,,,8/29/2019,0.35,10/17/2019,1.18,,,,,,,,,3/9/2020,0.16,4/7/2020,0.04,5/12/2020,3.84,,,,,,,9/11/2020,4.5,10/12/2020,3.4
,3/16/2015,5.25,,,,,6/18/2015,5.04,,,,,9/1/2015,0.05,,,,,,,,,,,3/9/2016,0.04,,,,,6/3/2016,4.37,,,,,9/13/2016,0.31,10/20/2016,0.01,11/17/2016,0.01,12/2/2016,0.01,1/6/2017,4.13,,,3/8/2017,6.46,,,5/19/2017,0.05,6/5/2017,3.3,,,,,9/13/2017,3.98,,,,,12/1/2017,1.6,1/11/2018,4.95,,,3/8/2018,2.41,,,,,,,,,8/17/2018,7.63,,,,,11/7/2018,1.77,12/3/2018,1.45,1/9/2019,0.39,,,3/12/2019,6.1,4/8/2019,2.17,5/3/2019,0.22,6/3/2019,0.19,,,,,8/30/2019,0.35,10/18/2019,0.95,,,,,,,,,3/10/2020,0.25,4/8/2020,0.15,5/13/2020,2.58,,,,,,,9/14/2020,6.55,10/13/2020,2.44
,3/17/2015,5.06,,,,,6/19/2015,4.8,,,,,9/2/2015,0.03,,,,,,,,,,,3/10/2016,0.04,,,,,6/6/2016,4.7,,,,,9/14/2016,0.13,,,11/18/2016,0.01,12/5/2016,0.01,1/9/2017,4.35,,,3/9/2017,6.43,,,,,6/6/2017,3.15,,,,,9/14/2017,4.1,,,,,12/4/2017,1,1/16/2018,6.26,,,3/9/2018,3.5,,,,,,,,,,,,,,,11/8/2018,1.68,12/4/2018,0.84,1/10/2019,0.29,,,3/13/2019,7.16,4/9/2019,2.11,5/6/2019,0.39,6/4/2019,0.33,,,,,9/3/2019,0.23,,,,,,,,,,,3/11/2020,0.08,4/9/2020,0.2,5/14/2020,3.47,,,,,,,9/15/2020,6.92,10/14/2020,2.48
,3/18/2015,4.9,,,,,,,,,,,9/3/2015,0.02,,,,,,,,,,,3/11/2016,0.06,,,,,6/7/2016,4.35,,,,,9/15/2016,0.27,,,,,12/6/2016,0.01,1/10/2017,4.68,,,3/15/2017,7.21,,,,,6/7/2017,3.26,,,,,9/15/2017,3.5,,,,,12/5/2017,0.9,1/17/2018,6.85,,,3/12/2018,3.33,,,,,,,,,,,,,,,11/9/2018,1.15,12/6/2018,0.44,1/11/2019,0.26,,,3/14/2019,6.85,4/10/2019,2,5/7/2019,0.13,6/5/2019,0.5,,,,,9/4/2019,0.16,,,,,,,,,,,3/12/2020,0.05,4/13/2020,0.04,5/15/2020,4.35,,,,,,,9/16/2020,6.78,10/15/2020,0.98
,3/19/2015,6.45,,,,,,,,,,,9/4/2015,0.03,,,,,,,,,,,3/15/2016,0.01,,,,,6/8/2016,4.6,,,,,9/16/2016,0.11,,,,,12/7/2016,0.03,1/11/2017,3.75,,,3/16/2017,6.7,,,,,6/8/2017,3.05,,,,,,,,,,,12/6/2017,0.72,1/18/2018,7.02,,,3/13/2018,3.25,,,,,,,,,,,,,,,11/12/2018,0.76,12/7/2018,0.2,1/14/2019,0.05,,,3/15/2019,6.9,4/11/2019,1,5/8/2019,0.14,6/6/2019,0.5,,,,,9/5/2019,0.19,,,,,,,,,,,3/13/2020,0.04,4/14/2020,0.28,,,,,,,,,9/17/2020,5,10/16/2020,2.03
,3/20/2015,6.84,,,,,,,,,,,9/8/2015,0.02,,,,,,,,,,,3/16/2016,0.03,,,,,6/9/2016,4.42,,,,,,,,,,,12/8/2016,0.02,1/12/2017,3.5,,,3/17/2017,6.35,,,,,6/9/2017,3.65,,,,,,,,,,,12/7/2017,0.6,1/19/2018,7.15,,,3/14/2018,2.75,,,,,,,,,,,,,,,11/13/2018,0.35,12/10/2018,0.13,1/15/2019,0.28,,,,,4/12/2019,0.58,5/9/2019,0.1,6/7/2019,0.97,,,,,9/6/2019,0.19,,,,,,,,,,,3/16/2020,0.05,4/15/2020,0.13,,,,,,,,,9/18/2020,5.65,,
,,,,,,,,,,,,,9/9/2015,0.04,,,,,,,,,,,3/18/2016,0.01,,,,,6/10/2016,3.66,,,,,,,,,,,12/9/2016,0.02,1/13/2017,3.95,,,,,,,,,6/12/2017,3.35,,,,,,,,,,,12/8/2017,1.05,,,,,3/15/2018,2.75,,,,,,,,,,,,,,,11/14/2018,0.22,12/11/2018,0.19,1/16/2019,0.22,,,,,4/15/2019,0.59,5/10/2019,0.03,6/10/2019,1.08,,,,,9/9/2019,0.07,,,,,,,,,,,3/18/2020,0.02,4/16/2020,0.3,,,,,,,,,,,,
,,,,,,,,,,,,,9/10/2015,0.02,,,,,,,,,,,,,,,,,6/13/2016,3.57,,,,,,,,,,,12/12/2016,0.01,1/17/2017,3.58,,,,,,,,,6/13/2017,3.61,,,,,,,,,,,12/11/2017,1.4,,,,,3/16/2018,2.62,,,,,,,,,,,,,,,11/15/2018,0.05,12/12/2018,0.19,1/17/2019,0.36,,,,,4/16/2019,0.04,5/13/2019,0.01,6/11/2019,0.82,,,,,9/10/2019,0.06,,,,,,,,,,,3/20/2020,0.01,4/17/2020,0.5,,,,,,,,,,,,
,,,,,,,,,,,,,9/11/2015,0.03,,,,,,,,,,,,,,,,,6/14/2016,3.16,,,,,,,,,,,12/13/2016,0.01,1/18/2017,3.37,,,,,,,,,6/14/2017,3.87,,,,,,,,,,,12/12/2017,1.73,,,,,,,,,,,,,,,,,,,,,11/16/2018,0.09,12/13/2018,0.06,1/18/2019,0.98,,,,,4/17/2019,0.02,5/14/2019,0.01,6/12/2019,1.09,,,,,9/11/2019,0.14,,,,,,,,,,,,,,,,,,,,,,,,,,
,,,,,,,,,,,,,9/14/2015,0.03,,,,,,,,,,,,,,,,,6/15/2016,3.05,,,,,,,,,,,12/14/2016,0.01,1/19/2017,3,,,,,,,,,6/15/2017,3.86,,,,,,,,,,,12/13/2017,2.08,,,,,,,,,,,,,,,,,,,,,,,12/14/2018,0.02,,,,,,,4/18/2019,0.01,5/15/2019,0.01,6/13/2019,0.84,,,,,9/12/2019,0.2,,,,,,,,,,,,,,,,,,,,,,,,,,
,,,,,,,,,,,,,9/15/2015,0.02,,,,,,,,,,,,,,,,,6/16/2016,3.2,,,,,,,,,,,12/15/2016,0.01,1/20/2017,2.87,,,,,,,,,,,,,,,,,,,,,12/14/2017,1.21,,,,,,,,,,,,,,,,,,,,,,,12/17/2018,0.02,,,,,,,,,5/16/2019,0.02,6/14/2019,0.79,,,,,9/13/2019,0.09,,,,,,,,,,,,,,,,,,,,,,,,,,
,,,,,,,,,,,,,9/16/2015,0.01,,,,,,,,,,,,,,,,,6/17/2016,2.06,,,,,,,,,,,12/16/2016,0.01,,,,,,,,,,,,,,,,,,,,,,,12/15/2017,1.66,,,,,,,,,,,,,,,,,,,,,,,12/18/2018,0.02,,,,,,,,,,,6/17/2019,0.89,,,,,9/16/2019,0.05,,,,,,,,,,,,,,,,,,,,,,,,,,
,,,,,,,,,,,,,9/17/2015,0.02,,,,,,,,,,,,,,,,,,,,,,,,,,,,,,,,,,,,,,,,,,,,,,,,,,,,,,,,,,,,,,,,,,,,,,,,,,,,,12/19/2018,0.01,,,,,,,,,,,6/18/2019,1.36,,,,,9/17/2019,0.04,,,,,,,,,,,,,,,,,,,,,,,,,,
,,,,,,,,,,,,,9/18/2015,0.01,,,,,,,,,,,,,,,,,,,,,,,,,,,,,,,,,,,,,,,,,,,,,,,,,,,,,,,,,,,,,,,,,,,,,,,,,,,,,12/20/2018,0.01,,,,,,,,,,,6/19/2019,2.41,,,,,9/18/2019,0.03,,,,,,,,,,,,,,,,,,,,,,,,,,
,,,,,,,,,,,,,,,,,,,,,,,,,,,,,,,,,,,,,,,,,,,,,,,,,,,,,,,,,,,,,,,,,,,,,,,,,,,,,,,,,,,,,,,,,,,12/21/2018,0.03,,,,,,,,,,,6/20/2019,2.62,,,,,9/19/2019,0.01,,,,,,,,,,,,,,,,,,,,,,,,,,
,,,,,,,,,,,,,,,,,,,,,,,,,,,,,,,,,,,,,,,,,,,,,,,,,,,,,,,,,,,,,,,,,,,,,,,,,,,,,,,,,,,,,,,,,,,,,,,,,,,,,,,6/21/2019,2.73,,,,,9/20/2019,0.02,,,,,,,,,,,,,,,,,,,,,,,,,,
