,XLY 3/20/15 C71,,XLY 4/17/15 C70,,XLY 5/15/15 C76,,XLY 6/19/15 C75,,XLY 7/17/15 C76,,XLY 8/21/15 C76,,XLY 9/18/15 C77,,XLY 10/16/15 C79,,XLY 11/20/15 C73,,XLY 12/18/15 C74,,XLY 1/15/16 C81,,XLY 2/19/16 C81,,XLY 3/18/16 C76,,XLY 4/15/16 C74,,XLY 5/20/16 C76,,XLY 6/17/16 C79,,XLY 7/15/16 C80,,XLY 8/19/16 C79,,XLY 9/16/16 C78,,XLY 10/21/16 C81,,XLY 11/18/16 C80,,XLY 12/16/16 C79,,XLY 1/20/17 C77,,XLY 2/17/17 C81,,XLY 3/17/17 C81,,XLY 4/21/17 C84,,XLY 5/19/17 C87,,XLY 6/16/17 C87,,XLY 7/21/17 C90,,XLY 8/18/17 C91,,XLY 9/15/17 C89,,XLY 10/20/17 C91,,XLY 11/17/17 C90,,XLY 12/15/17 C90,,XLY 1/19/18 C92,,XLY 2/16/18 C96,,XLY 3/16/18 C100,,XLY 4/20/18 C106,,XLY 5/18/18 C102,,XLY 6/15/18 C98,,XLY 7/20/18 C103,,XLY 8/17/18 C106,,XLY 9/21/18 C109,,XLY 10/19/18 C110,,XLY 11/16/18 C117,,XLY 12/21/18 C116,,XLY 1/18/19 C107,,XLY 2/15/19 C110,,XLY 3/15/19 C99,,XLY 4/18/19 C107,,XLY 5/17/19 C111,,XLY 6/21/19 C115,,XLY 7/19/19 C118,,XLY 8/16/19 C110,,XLY 9/20/19 C120,,XLY 10/18/19 C119,,XLY 11/15/19 C119,,XLY 12/20/19 C119,,XLY 1/17/20 C121,,XLY 2/21/20 C121,,XLY 3/20/20 C126,,XLY 4/17/20 C126,,XLY 5/15/20 C119,,XLY 6/19/20 C93,,XLY 7/17/20 C112,,XLY 8/21/20 C125,,XLY 9/18/20 C129,,XLY 10/16/20 C136,
0,1/2/2015,2.61,2/24/2015,5.8,3/23/2015,2.14,4/1/2015,2.21,5/18/2015,2.15,6/22/2015,2.84,7/2/2015,2.3,8/24/2015,0.3,9/21/2015,4.55,10/1/2015,3.2,11/2/2015,2.17,12/22/2015,0.89,1/4/2016,2.85,2/23/2016,2.1,3/23/2016,3.1,4/4/2016,2.06,5/23/2016,0.7,6/21/2016,1.77,7/6/2016,2.55,8/2/2016,1.86,9/20/2016,1.25,10/6/2016,2.64,11/1/2016,2.48,12/19/2016,3.3,1/3/2017,2.97,2/24/2017,2.99,3/21/2017,1.31,4/3/2017,2.4,5/23/2017,1.09,7/12/2017,0.78,7/12/2017,2.48,8/21/2017,0.78,9/18/2017,1.59,10/2/2017,1.96,11/1/2017,2.01,12/20/2017,3.77,1/2/2018,2.25,2/16/2018,2.33,3/20/2018,4.45,4/2/2018,4.08,5/21/2018,4.1,6/6/2018,4.8,7/2/2018,3.35,8/20/2018,4.68,9/6/2018,2.43,10/2/2018,3.11,11/1/2018,4.4,12/27/2018,0.45,1/2/2019,4.65,2/20/2019,5.27,3/19/2019,4.04,4/1/2019,3.55,5/23/2019,1.08,8/8/2019,9.33,7/1/2019,3.45,8/19/2019,2.43,9/24/2019,3.49,10/2/2019,3.67,11/1/2019,3.3,12/27/2019,6.75,1/2/2020,4.2,2/24/2020,3.9,3/30/2020,0.73,#N/A Invalid Security,,6/10/2020,20.22,6/24/2020,7.05,7/1/2020,6.47,9/1/2020,16.55
,1/6/2015,1.56,2/25/2015,6.7,3/24/2015,1.99,4/2/2015,2.6,5/19/2015,2.05,6/24/2015,2.81,7/7/2015,1.91,8/31/2015,0.64,9/24/2015,2.99,10/5/2015,3.96,11/3/2015,2.32,12/23/2015,0.94,1/6/2016,2.57,2/24/2016,1.82,3/30/2016,3.95,4/5/2016,1.81,5/24/2016,0.84,6/22/2016,1.72,7/8/2016,3.76,8/3/2016,1.87,9/23/2016,1.56,10/7/2016,2.66,11/2/2016,2.44,12/22/2016,2.97,1/4/2017,3.45,3/2/2017,3.55,3/22/2017,1.27,4/5/2017,2.45,5/24/2017,1.11,7/13/2017,0.8,7/17/2017,2.65,8/22/2017,0.88,9/20/2017,1.35,10/4/2017,2.51,11/2/2017,1.5,1/3/2018,5.05,1/3/2018,2.56,2/20/2018,1.9,3/26/2018,3.55,4/3/2018,4.85,5/23/2018,3.35,6/7/2018,5,7/3/2018,3.8,8/21/2018,5.49,9/7/2018,2.26,10/3/2018,2.6,11/5/2018,4.81,12/28/2018,0.49,1/3/2019,3.95,2/22/2019,5.18,3/20/2019,3.6,4/2/2019,3.55,5/24/2019,1,8/12/2019,7.45,7/2/2019,3.7,8/20/2019,2.52,9/25/2019,3.82,10/3/2019,3.35,11/5/2019,3.53,12/30/2019,5.65,1/3/2020,3.5,2/25/2020,2.4,4/3/2020,0.05,,,6/12/2020,14.33,6/25/2020,6.65,7/6/2020,7.78,9/3/2020,14.05
,1/7/2015,1.85,2/26/2015,6.3,3/25/2015,1.2,4/6/2015,2.85,5/20/2015,2,6/29/2015,2.04,7/8/2015,1.87,9/1/2015,0.43,9/28/2015,3.2,10/6/2015,4.35,11/4/2015,2.19,12/24/2015,0.95,1/7/2016,2.07,3/7/2016,3.2,4/5/2016,3.31,4/7/2016,1.73,5/26/2016,0.92,6/23/2016,1.8,7/11/2016,4.18,8/4/2016,1.81,9/26/2016,1.17,10/10/2016,2.64,11/3/2016,2.36,12/23/2016,2.87,1/5/2017,3.3,3/6/2017,3.19,3/23/2017,1.34,4/6/2017,2.27,5/25/2017,1.65,7/14/2017,0.72,7/19/2017,3,8/23/2017,0.72,9/22/2017,1.27,10/5/2017,2.8,11/3/2017,1.69,1/4/2018,5.29,1/4/2018,2.7,2/21/2018,2.62,3/27/2018,2.77,4/4/2018,4.7,5/24/2018,4.05,6/8/2018,5,7/5/2018,3.62,8/22/2018,5.79,9/10/2018,2.3,10/4/2018,1.8,11/7/2018,6.45,12/31/2018,0.35,1/7/2019,7.14,2/27/2019,4.6,3/26/2019,4.6,4/3/2019,3.95,5/28/2019,0.76,,,7/3/2019,4.3,8/21/2019,3.25,9/26/2019,3.9,10/4/2019,3.8,11/6/2019,3.45,1/7/2020,6.25,1/6/2020,3.75,2/26/2020,2.05,4/6/2020,0.08,,,6/15/2020,13.35,6/26/2020,6.32,7/13/2020,11,9/21/2020,6.15
,1/8/2015,2.51,3/2/2015,6.9,3/26/2015,1.02,4/8/2015,2.78,5/21/2015,2.11,6/30/2015,2.06,7/13/2015,3,9/2/2015,0.44,9/29/2015,2.21,10/14/2015,4.87,11/5/2015,2.27,12/28/2015,0.86,1/12/2016,1.75,3/10/2016,2.95,4/7/2016,2.95,4/12/2016,1.62,5/27/2016,1.01,6/24/2016,1.02,7/13/2016,4.3,8/5/2016,2.28,9/27/2016,1.44,10/11/2016,1.95,11/4/2016,2.21,12/27/2016,2.96,1/9/2017,3.52,3/7/2017,2.83,3/27/2017,1.33,4/7/2017,2.04,5/26/2017,1.76,7/17/2017,0.82,7/20/2017,3.28,8/24/2017,0.61,9/25/2017,1.15,10/9/2017,2.65,11/6/2017,2.13,2/5/2018,9.5,1/5/2018,3.36,2/22/2018,1.95,3/28/2018,2.31,4/6/2018,6.1,5/25/2018,4.25,6/11/2018,5.6,7/6/2018,4.15,8/24/2018,5.82,9/11/2018,2.87,10/5/2018,1.99,11/8/2018,6.9,1/2/2019,0.41,1/9/2019,8,2/28/2019,4.6,3/29/2019,4.59,4/4/2019,4.25,5/29/2019,0.6,,,7/5/2019,4.13,8/22/2019,3.6,9/27/2019,3.39,10/7/2019,3.68,11/7/2019,3.18,1/8/2020,6.75,1/7/2020,3.55,2/27/2020,1.35,4/8/2020,0.51,,,7/8/2020,18.85,6/29/2020,6.3,7/17/2020,8.8,10/1/2020,12.7
,1/9/2015,2.07,3/6/2015,5.75,3/27/2015,1.14,4/9/2015,2.9,5/22/2015,2.05,7/1/2015,2.49,7/15/2015,2.87,9/4/2015,0.33,9/30/2015,2.82,10/16/2015,4.83,11/6/2015,2.1,12/29/2015,1.17,1/14/2016,1.1,3/14/2016,3.7,4/13/2016,3.67,4/13/2016,1.82,5/31/2016,0.94,6/27/2016,0.56,7/14/2016,4.19,8/9/2016,1.83,9/28/2016,1.53,10/12/2016,2.27,11/7/2016,2.64,12/28/2016,2.65,1/10/2017,3.5,3/9/2017,3.11,3/28/2017,1.62,4/10/2017,2.3,5/30/2017,1.78,7/18/2017,0.95,7/25/2017,3.05,8/25/2017,0.66,9/26/2017,1.2,10/10/2017,2.6,11/7/2017,1.77,2/6/2018,7.65,1/8/2018,3.41,2/23/2018,2.36,3/29/2018,2.75,4/12/2018,6.2,5/29/2018,4.1,6/12/2018,5.85,7/11/2018,4.6,8/30/2018,7.46,9/13/2018,2.87,10/8/2018,1.79,11/12/2018,4.65,1/3/2019,0.28,1/17/2019,8.05,3/5/2019,5.19,4/4/2019,6.32,4/5/2019,4.92,5/30/2019,0.68,,,7/8/2019,4.56,8/23/2019,2.98,9/30/2019,3.9,10/9/2019,3.82,11/11/2019,2.85,1/16/2020,6.94,1/8/2020,4.05,2/28/2020,1.32,4/9/2020,0.85,,,,,6/30/2020,6.9,7/29/2020,9.5,,
,1/13/2015,1.89,3/11/2015,4.65,3/30/2015,1.46,4/10/2015,3,5/26/2015,1.74,7/6/2015,2.32,7/16/2015,3.17,9/8/2015,0.49,10/1/2015,3,11/3/2015,7.78,11/9/2015,1.57,12/30/2015,0.97,1/15/2016,0.89,3/17/2016,4.11,5/9/2016,3.55,4/14/2016,2,6/1/2016,0.85,6/28/2016,0.7,8/3/2016,3.25,8/10/2016,2.01,9/29/2016,1.46,10/13/2016,1.97,11/10/2016,3.45,12/29/2016,2.49,1/12/2017,3.43,3/17/2017,3.65,3/29/2017,1.89,4/12/2017,2.1,5/31/2017,1.81,7/19/2017,1.17,7/27/2017,3.34,8/28/2017,0.55,9/27/2017,1.17,10/13/2017,2.17,11/8/2017,1.75,2/9/2018,3.35,1/9/2018,3.63,2/26/2018,2.88,4/2/2018,1.5,4/13/2018,5.6,5/30/2018,4,6/14/2018,7,7/12/2018,5.15,9/4/2018,7.49,9/14/2018,2.44,10/9/2018,2.04,11/15/2018,3.6,1/4/2019,0.42,1/29/2019,7.93,3/8/2019,3.17,4/15/2019,7.86,4/9/2019,4.53,5/31/2019,0.46,,,7/9/2019,4.57,8/26/2019,2.46,10/2/2019,2.54,10/11/2019,4.9,11/12/2019,2.67,1/27/2020,4.5,1/9/2020,3.95,3/2/2020,1.41,4/13/2020,0.86,,,,,7/1/2020,7.4,8/7/2020,12.2,,
,1/14/2015,1.43,4/8/2015,6.4,3/31/2015,1.47,4/14/2015,2.66,6/1/2015,1.59,7/7/2015,2.05,7/21/2015,2.81,9/9/2015,0.52,10/5/2015,4.47,11/19/2015,6.54,11/11/2015,1.89,12/31/2015,0.8,1/19/2016,0.89,4/1/2016,5.36,5/12/2016,2.81,4/18/2016,2.48,6/2/2016,1.06,6/29/2016,0.8,8/17/2016,3.8,8/15/2016,2.59,10/3/2016,1.59,10/14/2016,1.91,11/11/2016,3.6,12/30/2016,2.03,1/13/2017,3.89,3/21/2017,2.81,3/30/2017,1.92,4/18/2017,2.1,6/1/2017,2.39,7/20/2017,1.11,7/31/2017,3.05,8/29/2017,0.52,9/28/2017,1.29,10/18/2017,2.57,11/9/2017,1.9,,,1/10/2018,3.5,2/27/2018,1.94,4/3/2018,1.85,4/30/2018,6.92,5/31/2018,3.92,6/18/2018,6.74,7/13/2018,5.1,9/11/2018,7,9/17/2018,1.92,10/10/2018,1.39,11/16/2018,3.1,1/7/2019,0.7,3/4/2019,11.2,3/11/2019,3.66,4/17/2019,8.95,4/11/2019,4.83,6/3/2019,0.27,,,7/10/2019,4.85,8/27/2019,2.59,10/3/2019,2.33,10/14/2019,4.55,11/13/2019,2.47,1/28/2020,5.25,1/10/2020,3.5,3/3/2020,1.31,4/14/2020,1.56,,,,,7/2/2020,7.85,8/10/2020,13.75,,
,1/15/2015,1.21,,,4/1/2015,1.16,4/17/2015,2.08,6/2/2015,1.87,7/8/2015,1.95,7/22/2015,3.05,9/11/2015,0.38,10/7/2015,4.5,11/20/2015,7.05,11/13/2015,0.84,1/4/2016,0.41,1/21/2016,0.93,4/13/2016,5.15,5/18/2016,1.4,4/19/2016,2.31,6/3/2016,0.87,6/30/2016,1.18,8/24/2016,4.1,8/17/2016,1.94,10/4/2016,1.47,10/17/2016,1.57,11/14/2016,3.95,1/3/2017,2.42,1/17/2017,4.05,3/22/2017,2.57,3/31/2017,2.1,4/20/2017,2.72,6/2/2017,2.54,7/21/2017,1.04,8/7/2017,2.79,8/30/2017,0.65,9/29/2017,1.44,10/23/2017,2,11/10/2017,2.16,,,1/11/2018,4.55,2/28/2018,2.31,4/4/2018,2.73,5/8/2018,6.95,6/1/2018,4.47,6/19/2018,6.7,7/16/2018,5.63,9/12/2018,7,9/18/2018,2.53,10/11/2018,0.69,11/19/2018,2.43,1/8/2019,0.88,3/7/2019,9.9,3/22/2019,6.03,4/22/2019,8.15,4/12/2019,5.35,6/4/2019,0.6,,,7/11/2019,4.85,8/28/2019,2.95,10/4/2019,2.98,10/15/2019,4.8,11/14/2019,2.67,2/7/2020,7.63,1/13/2020,3.57,3/4/2020,1.67,4/15/2020,1.03,,,,,7/10/2020,10.28,8/18/2020,18,,
,1/16/2015,1.12,,,4/2/2015,1.46,4/20/2015,2.44,6/3/2015,1.86,7/13/2015,3.28,7/23/2015,2.78,9/16/2015,0.5,10/12/2015,5.49,11/25/2015,7.85,11/16/2015,1.01,1/5/2016,0.32,1/22/2016,1.14,,,5/19/2016,1.26,4/20/2016,2.34,6/6/2016,0.75,7/1/2016,1.53,9/9/2016,1.15,8/19/2016,1.92,10/5/2016,1.72,10/18/2016,1.79,11/15/2016,3.8,1/4/2017,2.98,1/18/2017,3.7,3/23/2017,2.72,4/3/2017,1.52,4/21/2017,2.31,6/8/2017,1.74,7/24/2017,0.9,8/8/2017,3.1,8/31/2017,0.76,10/2/2017,1.53,10/24/2017,2.06,11/13/2017,2.3,,,1/12/2018,5.64,3/1/2018,1.33,4/5/2018,3.3,5/10/2018,6.98,6/4/2018,4.86,6/21/2018,7.03,7/17/2018,5.67,9/13/2018,7.75,9/19/2018,2.4,10/12/2018,0.93,11/20/2018,1.46,1/9/2019,0.94,3/8/2019,9.05,3/29/2019,7.11,4/30/2019,8.81,4/15/2019,5.2,6/5/2019,0.73,,,7/12/2019,5.95,8/29/2019,3.77,10/7/2019,2.64,10/16/2019,5.35,11/15/2019,2.77,2/19/2020,11.71,1/14/2020,3.69,3/5/2020,1.18,4/17/2020,2.01,,,,,7/13/2020,12.1,9/1/2020,22.5,,
,1/20/2015,1.15,,,4/6/2015,1.66,4/21/2015,2.43,6/5/2015,1.66,8/3/2015,4.3,7/27/2015,2.56,9/17/2015,0.63,10/22/2015,6.2,11/30/2015,7.67,11/17/2015,1.19,1/6/2016,0.23,1/25/2016,0.87,,,5/20/2016,1.58,4/21/2016,2.32,6/7/2016,0.95,7/20/2016,2.95,9/12/2016,1.63,8/22/2016,1.83,10/6/2016,1.68,10/19/2016,1.84,11/16/2016,4.17,1/5/2017,2.74,1/19/2017,3.9,3/27/2017,2.96,4/4/2017,1.63,4/24/2017,2.92,6/9/2017,1.13,7/25/2017,1.27,8/9/2017,2.17,9/1/2017,0.97,10/3/2017,1.73,10/25/2017,1.92,11/14/2017,2.25,,,1/16/2018,5.62,3/2/2018,1.24,4/6/2018,2.14,5/15/2018,6.55,6/5/2018,5.6,6/25/2018,4.95,7/19/2018,5.69,9/17/2018,6,9/20/2018,2.95,10/15/2018,0.86,11/21/2018,1.5,1/10/2019,0.79,,,4/1/2019,8.26,5/1/2019,9.05,4/16/2019,5.8,6/6/2019,0.85,,,7/15/2019,6.23,8/30/2019,3.35,10/8/2019,2.46,10/23/2019,4.14,11/18/2019,2.85,2/20/2020,11.61,1/15/2020,3.25,3/6/2020,0.96,4/20/2020,1.44,,,,,7/15/2020,11.79,9/8/2020,17.53,,
,1/21/2015,1.26,,,4/7/2015,1.31,4/22/2015,2.53,6/8/2015,1.44,8/5/2015,4.16,7/28/2015,2.84,9/18/2015,0.31,10/30/2015,7.99,12/1/2015,7.65,11/18/2015,1.52,1/7/2016,0.21,1/26/2016,1.16,,,,,4/22/2016,1.89,6/8/2016,0.9,7/21/2016,2.89,9/13/2016,0.79,8/23/2016,2,10/7/2016,1.48,10/20/2016,1.78,11/17/2016,4.65,1/6/2017,3.22,1/20/2017,3.65,3/28/2017,3,4/5/2017,1.95,4/25/2017,3.1,6/12/2017,1.31,7/27/2017,1.62,8/10/2017,1.72,9/5/2017,0.85,10/4/2017,2.05,10/26/2017,2.22,11/15/2017,2.18,,,1/19/2018,6.25,3/5/2018,1.6,4/9/2018,2.63,5/16/2018,7.75,6/6/2018,6.55,6/26/2018,5.55,7/23/2018,4.7,9/18/2018,7.1,9/21/2018,2.62,10/16/2018,0.93,11/26/2018,1.98,1/11/2019,0.66,,,4/3/2019,9.45,,,4/17/2019,6.03,6/7/2019,1.36,,,7/16/2019,6.15,9/3/2019,3.1,10/9/2019,2.51,10/24/2019,4.27,11/19/2019,2.28,,,1/16/2020,3.85,3/9/2020,0.66,4/21/2020,1.07,,,,,7/22/2020,12.5,,,,
,1/22/2015,1.65,,,4/8/2015,1.57,4/23/2015,2.57,6/9/2015,1.16,8/6/2015,2.16,7/29/2015,3.2,9/21/2015,0.26,11/3/2015,8.8,12/8/2015,6.42,11/19/2015,1.53,1/8/2016,0.13,1/28/2016,0.8,,,,,4/25/2016,1.83,6/9/2016,0.83,7/22/2016,2.99,9/15/2016,1,8/24/2016,1.97,10/10/2016,1.38,10/21/2016,2.01,11/25/2016,6.15,1/10/2017,2.99,1/23/2017,3.7,4/3/2017,3.74,4/6/2017,1.72,4/26/2017,3.32,6/13/2017,1.52,8/2/2017,0.94,8/11/2017,1.89,9/6/2017,0.95,10/5/2017,2.34,10/27/2017,2.95,11/16/2017,2.49,,,1/22/2018,6.8,3/6/2018,1.76,4/10/2018,2.5,5/24/2018,8.3,6/8/2018,7.29,6/27/2018,4.95,7/24/2018,4.5,9/20/2018,7.89,9/24/2018,2.32,10/17/2018,0.85,11/27/2018,2.02,1/14/2019,0.53,,,4/4/2019,9.47,,,4/18/2019,6,6/10/2019,1.84,,,7/17/2019,5.38,9/4/2019,3.5,10/10/2019,2.86,10/25/2019,3.83,11/20/2019,1.98,,,1/17/2020,4.05,3/10/2020,1.06,4/22/2020,1.17,,,,,7/29/2020,11.71,,,,
,1/23/2015,1.67,,,4/9/2015,1.6,4/24/2015,3.38,6/10/2015,1.61,8/17/2015,2.65,7/30/2015,3.6,9/23/2015,0.16,11/16/2015,5.25,12/9/2015,6.66,11/20/2015,1.94,1/12/2016,0.1,1/29/2016,1,,,,,4/26/2016,2.1,6/10/2016,0.6,7/25/2016,3,9/16/2016,0.49,8/25/2016,1.7,10/11/2016,0.97,10/24/2016,2.28,11/28/2016,5.61,1/11/2017,3.1,1/24/2017,4.25,4/20/2017,4.44,4/7/2017,1.62,4/27/2017,4.15,6/14/2017,1.57,8/3/2017,1,8/14/2017,2.33,9/7/2017,0.67,10/6/2017,2.41,10/30/2017,2.96,11/17/2017,2.75,,,1/23/2018,8.07,3/7/2018,1.34,4/11/2018,2.39,6/1/2018,8.6,6/14/2018,9.29,6/28/2018,5,7/25/2018,4.1,9/26/2018,7.91,9/25/2018,2.27,10/19/2018,0.38,11/28/2018,3.56,1/15/2019,0.54,,,4/15/2019,11.48,,,4/23/2019,6.67,6/11/2019,1.95,,,7/18/2019,5.1,9/5/2019,4.77,10/11/2019,3.52,10/28/2019,4,11/21/2019,1.79,,,1/21/2020,3.6,3/11/2020,0.48,4/23/2020,1.02,,,,,7/30/2020,12,,,,
,1/26/2015,1.75,,,4/10/2015,1.71,4/27/2015,3.49,6/11/2015,1.64,8/20/2015,2.49,7/31/2015,3.85,9/28/2015,0.03,11/17/2015,6.45,12/14/2015,4.47,11/23/2015,2.06,1/14/2016,0.04,2/2/2016,0.91,,,,,4/27/2016,2.11,6/13/2016,0.63,7/26/2016,2.95,,,8/26/2016,1.48,10/12/2016,1.16,10/25/2016,1.81,11/29/2016,5.8,1/12/2017,2.88,1/25/2017,4.69,,,4/11/2017,1.64,4/28/2017,3.58,6/15/2017,1.25,8/4/2017,0.67,8/15/2017,1.92,9/8/2017,0.49,10/9/2017,2.13,11/1/2017,2.94,11/20/2017,2.85,,,1/24/2018,8.1,3/8/2018,1.53,4/12/2018,2.33,6/11/2018,12.51,6/25/2018,6.65,6/29/2018,5.3,7/26/2018,5,10/5/2018,3.2,9/26/2018,2.51,10/22/2018,0.4,11/29/2018,3.2,1/16/2019,0.51,,,4/18/2019,12,,,4/29/2019,6.64,6/12/2019,1.93,,,7/19/2019,5.35,9/6/2019,5.05,10/14/2019,3.32,10/29/2019,3.76,11/22/2019,1.92,,,1/22/2020,3.9,3/12/2020,0.2,4/24/2020,1.17,,,,,7/31/2020,12.2,,,,
,1/27/2015,1.55,,,4/13/2015,1.46,4/28/2015,2.74,6/12/2015,1.43,8/21/2015,0.38,8/3/2015,3.45,10/5/2015,0.19,,,,,11/24/2015,1.94,1/19/2016,0.02,2/3/2016,0.61,,,,,4/28/2016,1.6,6/14/2016,0.48,8/9/2016,2.27,,,8/29/2016,1.55,10/13/2016,1.06,10/26/2016,1.66,12/1/2016,5.15,1/18/2017,3.35,1/27/2017,4.4,,,4/12/2017,1.54,5/1/2017,3.85,7/12/2017,0.53,8/7/2017,0.76,8/17/2017,1.58,9/11/2017,0.6,10/10/2017,2.13,11/3/2017,2.42,11/21/2017,3.04,,,1/25/2018,8.43,3/9/2018,2.08,4/13/2018,1.79,,,6/26/2018,7.3,7/2/2018,4.77,7/27/2018,5.34,10/8/2018,2.65,9/27/2018,2.65,10/23/2018,0.3,11/30/2018,3.57,1/17/2019,0.55,,,,,,,4/30/2019,5.9,6/13/2019,2.29,,,7/22/2019,4.49,9/9/2019,5.3,10/15/2019,3.91,10/30/2019,3.32,11/25/2019,2.39,,,1/23/2020,4.09,3/13/2020,0.1,4/27/2020,1.27,,,,,8/3/2020,12.16,,,,
,1/28/2015,1.24,,,4/14/2015,1.36,4/29/2015,2.29,6/15/2015,1.19,,,8/4/2015,3.7,10/12/2015,0.15,,,,,11/25/2015,2.2,1/20/2016,0.06,2/4/2016,0.53,,,,,5/2/2016,2.17,6/15/2016,0.61,8/15/2016,3.3,,,8/30/2016,1.32,10/14/2016,1.09,10/27/2016,1.29,12/2/2016,4.75,1/19/2017,3.2,1/30/2017,4.37,,,4/13/2017,1.23,5/10/2017,3.87,7/13/2017,0.56,8/8/2017,0.7,8/18/2017,0.99,9/12/2017,0.71,10/12/2017,1.67,11/6/2017,3,11/22/2017,3.2,,,1/26/2018,8.88,3/12/2018,2.22,4/16/2018,2.1,,,7/3/2018,6.93,7/3/2018,5.22,7/30/2018,3.6,10/9/2018,2.89,9/28/2018,2.59,10/24/2018,0.37,12/3/2018,4.7,1/18/2019,0.74,,,,,,,5/2/2019,5.04,6/14/2019,2.52,,,7/23/2019,4.84,9/10/2019,4.15,10/16/2019,4.1,10/31/2019,3.33,11/26/2019,2.89,,,1/24/2020,3.15,3/16/2020,0.09,4/28/2020,1.99,,,,,8/10/2020,17.02,,,,
,1/29/2015,1.56,,,4/15/2015,1.41,4/30/2015,1.88,6/16/2015,1.44,,,8/5/2015,3.08,10/13/2015,0.15,,,,,11/27/2015,1.98,1/27/2016,0.02,2/5/2016,0.3,,,,,5/3/2016,2.1,6/16/2016,0.58,8/17/2016,2.48,,,8/31/2016,1.17,10/17/2016,0.63,10/28/2016,1.24,12/7/2016,6.85,1/20/2017,3.3,1/31/2017,4.1,,,4/17/2017,1.57,5/11/2017,3.25,7/14/2017,0.5,8/9/2017,0.32,8/21/2017,0.91,9/13/2017,0.88,10/13/2017,1.9,11/8/2017,2.49,11/24/2017,3.25,,,1/29/2018,9.48,3/13/2018,1.86,4/17/2018,3.19,,,7/9/2018,8.35,7/5/2018,4.44,7/31/2018,4.1,10/10/2018,1.46,10/1/2018,2.45,10/25/2018,0.45,12/4/2018,2.56,1/22/2019,0.48,,,,,,,5/3/2019,6.37,6/17/2019,2.35,,,7/24/2019,5.35,9/11/2019,4.95,10/17/2019,4.36,11/1/2019,4.03,11/27/2019,3.6,,,1/27/2020,2.5,3/17/2020,0.15,4/29/2020,2.13,,,,,8/14/2020,18.24,,,,
,1/30/2015,1.63,,,4/16/2015,1.41,5/1/2015,2.16,6/17/2015,1.68,,,8/6/2015,2.15,10/14/2015,0.06,,,,,11/30/2015,1.6,1/28/2016,0.03,2/8/2016,0.12,,,,,5/4/2016,1.75,6/20/2016,0.72,8/18/2016,2.4,,,9/1/2016,1.29,10/18/2016,0.86,10/31/2016,1.27,12/8/2016,7.1,1/23/2017,3.2,2/1/2017,4.1,,,4/18/2017,1.53,5/16/2017,2.95,7/17/2017,0.65,8/10/2017,0.26,8/22/2017,1.27,9/14/2017,0.68,10/16/2017,1.99,11/9/2017,2.47,11/27/2017,3.1,,,1/30/2018,8.85,3/14/2018,2.16,4/18/2018,3.7,,,,,7/6/2018,5.5,8/1/2018,3.4,10/11/2018,0.51,10/2/2018,1.51,10/26/2018,0.2,12/6/2018,2.9,1/23/2019,0.52,,,,,,,5/7/2019,4.96,6/18/2019,2.82,,,7/25/2019,5.05,9/12/2019,5.39,10/18/2019,4.29,11/6/2019,4.34,11/29/2019,3.17,,,1/28/2020,2.84,3/18/2020,0.09,4/30/2020,1.53,,,,,,,,,,
,2/2/2015,1.55,,,4/17/2015,0.91,5/4/2015,2.57,6/19/2015,2.3,,,8/7/2015,2.31,10/15/2015,0.02,,,,,12/1/2015,1.89,2/3/2016,0.01,2/10/2016,0.17,,,,,5/6/2016,1.39,6/21/2016,0.55,,,,,9/2/2016,1.27,10/19/2016,0.81,11/1/2016,1.29,12/13/2016,7.28,1/30/2017,3.7,2/2/2017,4.12,,,4/19/2017,1.83,5/17/2017,2.44,7/18/2017,0.82,8/14/2017,0.26,8/23/2017,0.83,9/15/2017,0.55,10/17/2017,1.98,11/13/2017,3.35,11/28/2017,4,,,1/31/2018,8.39,3/15/2018,1.68,4/19/2018,3.2,,,,,7/9/2018,6.38,8/2/2018,3.9,10/12/2018,0.74,10/3/2018,1.59,10/30/2018,0.17,12/7/2018,1.82,1/24/2019,0.51,,,,,,,5/9/2019,4.55,6/19/2019,2.87,,,7/26/2019,5.05,9/13/2019,5.29,10/21/2019,4.38,11/7/2019,3.84,12/2/2019,2.63,,,1/29/2020,3.03,3/19/2020,0.12,5/1/2020,0.49,,,,,,,,,,
,2/3/2015,2.14,,,4/20/2015,1.19,5/5/2015,2.29,6/25/2015,2.28,,,8/10/2015,2.8,,,,,,,12/2/2015,1.53,2/16/2016,0.01,2/11/2016,0.17,,,,,5/10/2016,2.27,6/22/2016,0.58,,,,,9/6/2016,1.2,10/20/2016,0.73,11/2/2016,0.9,12/14/2016,6.93,1/31/2017,3.6,2/3/2017,4.01,,,4/20/2017,2.27,5/19/2017,2.75,7/19/2017,1.25,8/15/2017,0.06,8/25/2017,0.84,9/18/2017,0.35,10/19/2017,1.75,11/14/2017,3.23,11/29/2017,4.59,,,2/1/2018,7.49,3/16/2018,1.55,4/20/2018,2.54,,,,,7/10/2018,6.47,8/3/2018,4.1,10/15/2018,0.52,10/4/2018,0.86,10/31/2018,0.27,12/10/2018,1.67,1/25/2019,0.72,,,,,,,5/10/2019,3.29,6/20/2019,3.48,,,7/29/2019,4.66,9/16/2019,3.87,10/22/2019,3.89,11/8/2019,3.65,12/3/2019,1.95,,,1/30/2020,2.52,3/20/2020,0.05,5/4/2020,0.39,,,,,,,,,,
,2/4/2015,2.53,,,4/21/2015,1.19,5/6/2015,1.8,6/26/2015,2.35,,,8/11/2015,2.01,,,,,,,12/3/2015,1.17,,,2/12/2016,0.19,,,,,5/11/2016,1.45,6/23/2016,0.64,,,,,9/7/2016,1.17,10/21/2016,0.96,11/3/2016,0.84,12/15/2016,6.65,2/3/2017,3.5,2/7/2017,3.65,,,4/21/2017,2.04,5/23/2017,2.82,7/20/2017,1.15,8/18/2017,0.01,8/28/2017,0.69,9/19/2017,0.33,10/20/2017,1.92,11/15/2017,2.99,11/30/2017,5,,,2/2/2018,6.75,3/19/2018,1.01,4/23/2018,2.65,,,,,7/11/2018,6.35,8/6/2018,4.6,10/16/2018,1.14,10/5/2018,0.71,11/2/2018,0.46,12/11/2018,1.57,1/28/2019,0.52,,,,,,,5/13/2019,2.39,6/21/2019,3.1,,,7/30/2019,4.3,9/17/2019,4.29,10/23/2019,3.04,11/11/2019,3.43,12/4/2019,2.29,,,1/31/2020,2.92,3/23/2020,0.15,5/5/2020,0.57,,,,,,,,,,
,2/5/2015,2.9,,,4/22/2015,1.21,5/7/2015,1.85,6/29/2015,1.29,,,8/12/2015,2.05,,,,,,,12/4/2015,1.6,,,2/16/2016,0.26,,,,,5/12/2016,1.29,6/24/2016,0.12,,,,,9/8/2016,0.91,10/24/2016,1.15,11/4/2016,0.82,12/16/2016,6.4,2/6/2017,3.5,2/9/2017,4.65,,,4/24/2017,2.3,5/30/2017,3.95,7/21/2017,1.05,,,8/29/2017,0.61,9/20/2017,0.32,10/23/2017,1.74,11/16/2017,3.6,12/1/2017,4.95,,,2/5/2018,4.05,3/20/2018,1.14,4/24/2018,1.73,,,,,7/12/2018,6.94,8/7/2018,5.1,10/17/2018,0.53,10/8/2018,0.75,11/6/2018,0.45,12/12/2018,1.88,1/29/2019,0.39,,,,,,,5/14/2019,2.73,6/24/2019,2.57,,,7/31/2019,3.42,9/18/2019,4.34,10/24/2019,3.05,11/13/2019,2.96,12/5/2019,2.07,,,2/3/2020,3.42,3/24/2020,0.04,5/6/2020,0.17,,,,,,,,,,
,2/6/2015,2.77,,,4/23/2015,1.59,5/8/2015,2.45,7/1/2015,1.8,,,8/13/2015,2.03,,,,,,,12/7/2015,1.27,,,2/17/2016,0.5,,,,,5/13/2016,1.07,6/27/2016,0.05,,,,,9/9/2016,0.55,10/25/2016,0.73,11/7/2016,1.29,12/22/2016,5.8,2/8/2017,3.8,2/10/2017,4.88,,,4/25/2017,2.61,5/31/2017,4.05,,,,,8/30/2017,0.72,9/21/2017,0.29,10/24/2017,1.52,11/17/2017,3.91,12/4/2017,6.36,,,2/6/2018,5.8,3/21/2018,1.13,4/25/2018,2,,,,,7/13/2018,7.31,8/8/2018,5,10/18/2018,0.25,10/9/2018,0.68,11/7/2018,0.77,12/13/2018,1.47,1/30/2019,0.82,,,,,,,5/15/2019,2.99,6/25/2019,1.9,,,8/1/2019,2.57,9/19/2019,4.05,10/25/2019,2.77,11/15/2019,3.49,12/6/2019,2.47,,,2/4/2020,4.82,3/25/2020,0.06,5/7/2020,0.37,,,,,,,,,,
,2/9/2015,2.51,,,4/24/2015,2.09,5/11/2015,2.34,7/2/2015,1.84,,,8/14/2015,2.2,,,,,,,12/8/2015,1.16,,,2/18/2016,0.43,,,,,5/16/2016,1.25,6/28/2016,0.06,,,,,9/12/2016,0.7,10/26/2016,0.7,11/8/2016,1.57,12/23/2016,5.65,2/9/2017,4,2/13/2017,5.15,,,4/26/2017,3.35,6/1/2017,4.84,,,,,8/31/2017,1.11,9/22/2017,0.3,10/25/2017,1.41,11/20/2017,4.1,12/5/2017,5.9,,,2/7/2018,5.99,3/22/2018,0.68,4/26/2018,3.92,,,,,7/16/2018,6.7,8/9/2018,5.2,10/19/2018,0.04,10/10/2018,0.33,11/8/2018,0.73,12/14/2018,0.98,1/31/2019,1.05,,,,,,,5/16/2019,3.96,6/26/2019,2.08,,,8/2/2019,2.25,9/20/2019,3.12,10/28/2019,3.08,11/18/2019,3.67,12/9/2019,2.59,,,2/5/2020,5.2,3/26/2020,0.19,5/8/2020,0.65,,,,,,,,,,
,2/10/2015,3.1,,,4/27/2015,2.23,5/12/2015,2.09,7/6/2015,1.45,,,8/17/2015,2.65,,,,,,,12/9/2015,1.01,,,2/19/2016,0.35,,,,,5/17/2016,0.79,6/29/2016,0.07,,,,,9/13/2016,0.46,10/27/2016,0.32,11/9/2016,1.38,12/28/2016,5.5,2/10/2017,4.7,2/14/2017,5.3,,,4/27/2017,3.55,6/2/2017,5.03,,,,,9/1/2017,1.4,9/25/2017,0.25,10/27/2017,2.6,11/21/2017,4.48,12/6/2017,4.96,,,2/8/2018,4.35,3/23/2018,0.45,4/27/2018,3.1,,,,,7/17/2018,7.67,8/10/2018,4.9,,,10/11/2018,0.25,11/9/2018,0.7,12/17/2018,0.47,2/1/2019,0.44,,,,,,,5/17/2019,3.1,6/27/2019,2.37,,,8/5/2019,1.37,9/23/2019,3.05,10/29/2019,2.5,11/19/2019,2.92,12/10/2019,2.37,,,2/6/2020,4.65,3/27/2020,0.09,5/11/2020,0.49,,,,,,,,,,
,2/12/2015,3.86,,,4/28/2015,1.18,5/13/2015,1.8,7/8/2015,1.11,,,8/18/2015,2.75,,,,,,,12/10/2015,1.2,,,2/22/2016,0.6,,,,,5/18/2016,0.57,6/30/2016,0.17,,,,,9/14/2016,0.48,10/28/2016,0.38,11/10/2016,1.7,12/29/2016,5.25,2/13/2017,4.9,2/15/2017,5.75,,,4/28/2017,3.2,6/5/2017,5.05,,,,,9/5/2017,0.86,9/26/2017,0.26,11/1/2017,2.49,11/24/2017,4.68,12/7/2017,5.05,,,2/9/2018,3.7,3/26/2018,0.54,4/30/2018,2.78,,,,,7/18/2018,7.39,8/13/2018,4.91,,,10/12/2018,0.3,11/12/2018,0.45,12/18/2018,0.65,2/4/2019,0.33,,,,,,,5/20/2019,2.44,6/28/2019,2.48,,,8/6/2019,1.46,9/24/2019,2.3,10/30/2019,2.11,11/20/2019,2.43,12/11/2019,2.45,,,2/7/2020,4.17,3/30/2020,0.06,5/12/2020,0.09,,,,,,,,,,
,2/13/2015,4.15,,,4/29/2015,1.11,5/14/2015,1.91,7/9/2015,1.28,,,8/20/2015,1.57,,,,,,,12/11/2015,0.64,,,2/23/2016,0.58,,,,,5/19/2016,0.5,7/1/2016,0.29,,,,,9/15/2016,0.46,10/31/2016,0.39,11/11/2016,1.89,12/30/2016,4.5,2/14/2017,5.15,2/16/2017,5.4,,,5/1/2017,3.4,6/7/2017,4.45,,,,,9/6/2017,1.45,9/27/2017,0.33,11/2/2017,1.84,11/27/2017,5.07,12/12/2017,5.65,,,2/12/2018,4.2,3/27/2018,0.81,5/1/2018,2.55,,,,,7/19/2018,7.37,8/14/2018,5.2,,,10/15/2018,0.23,11/14/2018,0.25,12/19/2018,0.68,2/5/2019,0.62,,,,,,,5/21/2019,2.78,7/1/2019,2.69,,,8/7/2019,1.31,9/25/2019,2.93,10/31/2019,2.1,11/21/2019,2.19,12/12/2019,3.3,,,2/10/2020,5.05,3/31/2020,0.03,5/13/2020,0.01,,,,,,,,,,
,2/17/2015,3.83,,,4/30/2015,0.57,5/15/2015,2.23,7/10/2015,1.86,,,8/21/2015,0.77,,,,,,,12/14/2015,0.55,,,2/24/2016,0.57,,,,,5/20/2016,0.65,7/5/2016,0.08,,,,,9/16/2016,0.35,11/2/2016,0.22,11/14/2016,1.95,1/3/2017,4.85,2/15/2017,5.75,2/17/2017,5.5,,,5/2/2017,3.25,6/9/2017,3.75,,,,,9/8/2017,0.65,9/28/2017,0.28,11/6/2017,2.44,11/28/2017,5.73,12/13/2017,5.75,,,2/13/2018,4.35,3/29/2018,0.35,5/2/2018,2.28,,,,,7/20/2018,6.95,8/15/2018,3.1,,,10/18/2018,0.1,11/15/2018,0.18,12/20/2018,0.22,2/6/2019,0.37,,,,,,,5/22/2019,2.06,7/2/2019,2.75,,,8/8/2019,2.44,9/26/2019,2.61,11/1/2019,2.99,11/22/2019,2.39,12/13/2019,2.83,,,2/11/2020,6.14,4/2/2020,0.05,5/14/2020,0.04,,,,,,,,,,
,2/18/2015,3.91,,,5/1/2015,1.04,5/18/2015,2.23,7/13/2015,2.68,,,8/24/2015,0.42,,,,,,,12/15/2015,0.83,,,2/25/2016,0.85,,,,,5/23/2016,0.48,7/6/2016,0.19,,,,,9/19/2016,0.37,11/3/2016,0.27,11/15/2016,1.91,1/4/2017,6,2/16/2017,5.35,2/21/2017,6.15,,,5/3/2017,3.01,,,,,,,9/11/2017,0.82,9/29/2017,0.35,11/9/2017,2.16,11/29/2017,6.35,12/14/2017,6.15,,,2/14/2018,4.7,4/2/2018,0.09,5/3/2018,1.36,,,,,7/23/2018,6.45,8/16/2018,4.45,,,10/19/2018,0.05,11/16/2018,0.12,12/21/2018,0.13,2/7/2019,0.15,,,,,,,5/23/2019,1.21,7/3/2019,3.8,,,8/9/2019,2.1,9/27/2019,2.22,11/4/2019,2.95,11/25/2019,2.97,12/16/2019,3.4,,,2/12/2020,7.05,4/7/2020,0.05,5/15/2020,0.03,,,,,,,,,,
,2/19/2015,4.1,,,5/4/2015,1.14,5/19/2015,2.55,7/16/2015,3.18,,,8/25/2015,0.3,,,,,,,12/16/2015,0.99,,,2/26/2016,0.78,,,,,5/24/2016,0.73,7/8/2016,0.84,,,,,9/20/2016,0.35,11/4/2016,0.24,11/16/2016,2.11,1/19/2017,7.2,2/17/2017,5.35,2/22/2017,6.25,,,5/10/2017,3.58,,,,,,,9/12/2017,1.03,10/3/2017,0.5,11/13/2017,2.76,11/30/2017,6.68,12/15/2017,6.28,,,2/15/2018,5.9,4/3/2018,0.15,5/4/2018,2.84,,,,,7/24/2018,6,8/17/2018,3.9,,,10/23/2018,0.03,11/19/2018,0.05,12/24/2018,0.11,2/8/2019,0.09,,,,,,,5/24/2019,1.51,7/5/2019,3.82,,,8/12/2019,1.39,9/30/2019,2.76,11/5/2019,3.3,11/27/2019,4.65,12/17/2019,3.7,,,2/13/2020,6.95,4/9/2020,0.05,,,,,,,,,,,,
,2/20/2015,4.52,,,5/5/2015,0.8,5/20/2015,2.54,,,,,8/26/2015,0.42,,,,,,,12/17/2015,0.54,,,2/29/2016,0.78,,,,,5/25/2016,0.86,7/11/2016,1.18,,,,,9/21/2016,0.38,11/7/2016,0.34,11/17/2016,2.73,,,,,2/24/2017,5.75,,,5/15/2017,2.9,,,,,,,9/13/2017,1.52,10/4/2017,0.72,11/14/2017,2.5,12/1/2017,6.46,12/18/2017,6.97,,,2/16/2018,5.7,4/5/2018,0.45,5/9/2018,2.62,,,,,7/25/2018,6.25,8/20/2018,5.15,,,10/24/2018,0.07,11/20/2018,0.06,12/27/2018,0.12,2/11/2019,0.09,,,,,,,5/29/2019,0.65,7/8/2019,4.16,,,8/13/2019,1.89,10/1/2019,2.31,11/6/2019,3.2,11/29/2019,4.75,12/18/2019,3.84,,,2/14/2020,6.81,4/13/2020,0.08,,,,,,,,,,,,
,2/23/2015,4.53,,,5/6/2015,0.48,5/21/2015,2.58,,,,,8/27/2015,0.85,,,,,,,12/18/2015,0.36,,,3/1/2016,1.32,,,,,5/26/2016,0.96,7/12/2016,1.59,,,,,9/22/2016,0.5,11/8/2016,0.56,11/18/2016,2.68,,,,,2/27/2017,6.1,,,5/16/2017,2.97,,,,,,,,,10/5/2017,1,11/16/2017,3.15,12/4/2017,7.9,12/19/2017,7.02,,,2/20/2018,5.1,4/6/2018,0.21,5/10/2018,2.8,,,,,7/26/2018,6.4,8/21/2018,5.66,,,10/25/2018,0.07,11/26/2018,0.04,12/28/2018,0.31,2/12/2019,0.24,,,,,,,5/30/2019,0.72,7/9/2019,4.25,,,8/14/2019,0.97,10/2/2019,1.23,11/7/2019,2.52,12/3/2019,2.33,12/19/2019,4,,,2/19/2020,7.3,4/14/2020,0.32,,,,,,,,,,,,
,2/24/2015,4.76,,,5/7/2015,0.66,5/22/2015,2.52,,,,,8/28/2015,0.95,,,,,,,12/21/2015,0.24,,,3/4/2016,1.55,,,,,5/27/2016,1.06,7/13/2016,1.21,,,,,9/23/2016,0.5,11/9/2016,0.25,11/21/2016,2.91,,,,,3/1/2017,6.45,,,5/17/2017,1.73,,,,,,,,,10/6/2017,1.08,,,12/5/2017,7.55,12/21/2017,7.02,,,2/21/2018,5.8,4/9/2018,0.09,5/11/2018,2.96,,,,,7/27/2018,6.45,8/22/2018,5.85,,,10/31/2018,0.07,11/27/2018,0.03,12/31/2018,0.16,2/13/2019,0.43,,,,,,,5/31/2019,0.39,7/10/2019,4.45,,,8/15/2019,0.88,10/3/2019,1.05,11/8/2019,2.4,12/4/2019,2.8,12/20/2019,4.45,,,2/20/2020,6.53,4/16/2020,0.01,,,,,,,,,,,,
,2/25/2015,5.33,,,5/8/2015,0.94,5/26/2015,1.98,,,,,8/31/2015,0.66,,,,,,,12/22/2015,0.3,,,3/7/2016,1.21,,,,,6/1/2016,0.9,7/15/2016,0.98,,,,,9/26/2016,0.28,11/10/2016,0.6,11/22/2016,3.8,,,,,3/2/2017,6.35,,,5/18/2017,1.55,,,,,,,,,10/9/2017,0.99,,,12/7/2017,6.88,12/22/2017,7.1,,,2/22/2018,5.4,4/10/2018,0.12,5/14/2018,3.28,,,,,7/30/2018,5.35,8/27/2018,7.04,,,11/5/2018,0.02,11/28/2018,0.04,1/2/2019,0.15,2/14/2019,0.21,,,,,,,6/3/2019,0.2,7/11/2019,4.75,,,8/16/2019,0.93,10/4/2019,1.6,11/11/2019,2.14,12/5/2019,2.49,12/23/2019,4.08,,,2/24/2020,3.5,,,,,,,,,,,,,,
,2/27/2015,5.03,,,5/11/2015,0.64,5/27/2015,2.39,,,,,9/1/2015,0.25,,,,,,,12/23/2015,0.33,,,3/8/2016,0.9,,,,,6/2/2016,1.07,,,,,,,9/28/2016,0.39,11/11/2016,0.56,11/23/2016,3.95,,,,,3/10/2017,5.74,,,5/19/2017,2.51,,,,,,,,,10/10/2017,0.66,,,12/8/2017,7.15,12/26/2017,7.39,,,2/27/2018,6.4,4/11/2018,0.14,5/15/2018,2.24,,,,,8/2/2018,5.65,8/31/2018,8.21,,,11/7/2018,0.02,11/29/2018,0.09,1/3/2019,0.1,2/15/2019,0.04,,,,,,,6/4/2019,0.56,7/12/2019,6.12,,,8/19/2019,0.89,10/7/2019,1.31,11/12/2019,2.06,12/6/2019,3.25,12/24/2019,4.1,,,2/25/2020,1.67,,,,,,,,,,,,,,
,3/2/2015,5.75,,,5/12/2015,0.58,5/29/2015,2.13,,,,,9/2/2015,0.4,,,,,,,12/24/2015,0.29,,,3/9/2016,0.77,,,,,6/3/2016,0.68,,,,,,,9/29/2016,0.37,11/14/2016,0.63,11/28/2016,3.5,,,,,3/14/2017,6.07,,,,,,,,,,,,,10/11/2017,0.73,,,12/12/2017,7.5,12/29/2017,7.18,,,2/28/2018,5.38,4/12/2018,0.06,5/16/2018,3.47,,,,,8/3/2018,6.1,9/4/2018,8.25,,,11/9/2018,0.43,11/30/2018,0.1,1/4/2019,0.19,,,,,,,,,6/5/2019,0.76,7/15/2019,6.6,,,8/20/2019,1.2,10/8/2019,1.31,11/13/2019,1.51,12/9/2019,3.34,12/26/2019,5.42,,,2/26/2020,1.35,,,,,,,,,,,,,,
,3/3/2015,5.7,,,5/13/2015,0.23,6/1/2015,2.08,,,,,9/3/2015,0.5,,,,,,,12/28/2015,0.21,,,3/10/2016,0.82,,,,,6/6/2016,0.85,,,,,,,9/30/2016,0.5,11/15/2016,0.41,11/29/2016,3.65,,,,,3/16/2017,6.5,,,,,,,,,,,,,10/12/2017,0.36,,,12/14/2017,7.85,1/3/2018,8.61,,,3/2/2018,3,4/16/2018,0.02,5/17/2018,3.65,,,,,8/7/2018,7.3,9/5/2018,7.35,,,,,12/3/2018,0.18,1/7/2019,0.52,,,,,,,,,6/6/2019,1.07,7/16/2019,6.4,,,8/21/2019,1.87,10/9/2019,1.15,11/14/2019,3.23,12/10/2019,2.93,12/27/2019,5.63,,,2/27/2020,0.76,,,,,,,,,,,,,,
,3/4/2015,5.34,,,5/14/2015,0.24,6/2/2015,2.02,,,,,9/4/2015,0.2,,,,,,,12/29/2015,0.39,,,3/11/2016,1.48,,,,,6/7/2016,0.96,,,,,,,10/3/2016,0.36,11/16/2016,0.59,11/30/2016,3.1,,,,,,,,,,,,,,,,,,,10/13/2017,0.52,,,12/15/2017,8.15,1/5/2018,9.55,,,3/7/2018,4.35,4/17/2018,0.03,5/18/2018,2.9,,,,,8/8/2018,7.46,9/6/2018,6.85,,,,,,,1/8/2019,0.57,,,,,,,,,6/7/2019,1.99,7/17/2019,5.3,,,8/22/2019,2.07,10/10/2019,1.35,11/15/2019,2.29,12/11/2019,3.27,12/30/2019,4.88,,,2/28/2020,0.78,,,,,,,,,,,,,,
,3/5/2015,5.4,,,5/15/2015,0.55,6/3/2015,2.61,,,,,9/8/2015,0.32,,,,,,,12/30/2015,0.22,,,3/14/2016,1.74,,,,,6/8/2016,0.74,,,,,,,10/4/2016,0.35,11/17/2016,1.4,12/1/2016,3.05,,,,,,,,,,,,,,,,,,,10/16/2017,0.44,,,,,1/9/2018,10.25,,,3/9/2018,6,4/18/2018,0.07,,,,,,,8/14/2018,7.42,9/7/2018,7,,,,,,,1/9/2019,0.54,,,,,,,,,6/10/2019,2.51,7/18/2019,4.96,,,8/23/2019,0.88,10/11/2019,2.2,,,12/12/2019,4.5,1/3/2020,5.15,,,3/2/2020,0.49,,,,,,,,,,,,,,
,3/6/2015,5.15,,,,,6/4/2015,2.3,,,,,9/9/2015,0.29,,,,,,,12/31/2015,0.15,,,3/15/2016,1.54,,,,,6/9/2016,0.7,,,,,,,10/5/2016,0.44,11/18/2016,1.3,12/2/2016,2.64,,,,,,,,,,,,,,,,,,,10/17/2017,0.62,,,,,1/11/2018,10.5,,,3/12/2018,7,4/19/2018,0.01,,,,,,,8/17/2018,6.3,9/10/2018,7.55,,,,,,,1/10/2019,0.37,,,,,,,,,6/11/2019,2.83,7/19/2019,4.16,,,8/26/2019,1.12,10/14/2019,1.96,,,12/13/2019,4.11,1/7/2020,5.1,,,3/3/2020,0.56,,,,,,,,,,,,,,
,3/9/2015,4.9,,,,,6/8/2015,1.51,,,,,9/11/2015,0.29,,,,,,,1/4/2016,0.05,,,3/16/2016,2.22,,,,,6/10/2016,0.24,,,,,,,10/6/2016,0.39,,,12/5/2016,3.35,,,,,,,,,,,,,,,,,,,10/18/2017,0.55,,,,,1/12/2018,13,,,3/13/2018,7.2,,,,,,,,,,,9/11/2018,7.9,,,,,,,1/11/2019,0.24,,,,,,,,,6/12/2019,2.66,,,,,8/27/2019,0.99,10/15/2019,2.86,,,12/16/2019,4.74,1/8/2020,5.85,,,3/4/2020,0.48,,,,,,,,,,,,,,
,3/10/2015,4.1,,,,,6/9/2015,1.33,,,,,9/14/2015,0.15,,,,,,,1/6/2016,0.02,,,3/17/2016,2.42,,,,,6/13/2016,0.17,,,,,,,10/7/2016,0.27,,,12/6/2016,3.45,,,,,,,,,,,,,,,,,,,10/19/2017,0.1,,,,,1/16/2018,13.6,,,3/14/2018,5.72,,,,,,,,,,,9/17/2018,7.55,,,,,,,1/14/2019,0.15,,,,,,,,,6/13/2019,3.2,,,,,8/28/2019,1.37,10/16/2019,3.06,,,12/17/2019,5.32,1/9/2020,6.09,,,3/5/2020,0.39,,,,,,,,,,,,,,
,3/11/2015,3.4,,,,,6/10/2015,1.98,,,,,9/15/2015,0.22,,,,,,,1/7/2016,0.02,,,,,,,,,6/14/2016,0.05,,,,,,,10/10/2016,0.21,,,12/7/2016,4.05,,,,,,,,,,,,,,,,,,,10/20/2017,0.32,,,,,1/17/2018,12.4,,,3/15/2018,5.54,,,,,,,,,,,9/21/2018,7.88,,,,,,,1/15/2019,0.11,,,,,,,,,6/14/2019,3.65,,,,,8/29/2019,2.08,10/17/2019,3.47,,,12/18/2019,5.61,1/10/2020,5.5,,,3/6/2020,0.2,,,,,,,,,,,,,,
,3/12/2015,4.65,,,,,6/11/2015,1.92,,,,,9/16/2015,0.5,,,,,,,1/8/2016,0.01,,,,,,,,,6/15/2016,0.08,,,,,,,10/11/2016,0.06,,,12/8/2016,5.17,,,,,,,,,,,,,,,,,,,,,,,,,1/18/2018,12.82,,,3/16/2018,5.61,,,,,,,,,,,,,,,,,,,1/16/2019,0.12,,,,,,,,,6/17/2019,3.55,,,,,8/30/2019,1.76,10/18/2019,3.29,,,12/19/2019,5.88,1/14/2020,6.1,,,3/9/2020,0.07,,,,,,,,,,,,,,
,3/13/2015,4,,,,,6/15/2015,1.46,,,,,9/17/2015,0.22,,,,,,,1/11/2016,0.01,,,,,,,,,6/16/2016,0.03,,,,,,,10/12/2016,0.1,,,12/12/2016,4.51,,,,,,,,,,,,,,,,,,,,,,,,,1/19/2018,13.2,,,,,,,,,,,,,,,,,,,,,,,1/17/2019,0.03,,,,,,,,,6/18/2019,4.35,,,,,9/3/2019,1.54,,,,,,,1/15/2020,5.19,,,3/10/2020,0.09,,,,,,,,,,,,,,
,3/16/2015,4.7,,,,,6/16/2015,1.7,,,,,9/18/2015,0.02,,,,,,,1/14/2016,0.01,,,,,,,,,,,,,,,,,10/13/2016,0.05,,,12/13/2016,5.45,,,,,,,,,,,,,,,,,,,,,,,,,,,,,,,,,,,,,,,,,,,,,,,,,1/18/2019,0.01,,,,,,,,,6/19/2019,4.71,,,,,9/4/2019,1.74,,,,,,,1/16/2020,6.4,,,3/11/2020,0.1,,,,,,,,,,,,,,
,3/17/2015,4.8,,,,,6/17/2015,1.85,,,,,,,,,,,,,1/15/2016,0.01,,,,,,,,,,,,,,,,,10/14/2016,0.03,,,12/15/2016,4.64,,,,,,,,,,,,,,,,,,,,,,,,,,,,,,,,,,,,,,,,,,,,,,,,,,,,,,,,,,,6/20/2019,5.5,,,,,9/5/2019,3.1,,,,,,,,,,,3/17/2020,0.24,,,,,,,,,,,,,,
,3/19/2015,5.1,,,,,6/18/2015,3,,,,,,,,,,,,,,,,,,,,,,,,,,,,,,,10/17/2016,0.01,,,12/16/2016,3.75,,,,,,,,,,,,,,,,,,,,,,,,,,,,,,,,,,,,,,,,,,,,,,,,,,,,,,,,,,,6/21/2019,4.85,,,,,9/6/2019,3.21,,,,,,,,,,,3/19/2020,0.15,,,,,,,,,,,,,,
,3/20/2015,5.88,,,,,,,,,,,,,,,,,,,,,,,,,,,,,,,,,,,,,10/18/2016,0.02,,,,,,,,,,,,,,,,,,,,,,,,,,,,,,,,,,,,,,,,,,,,,,,,,,,,,,,,,,,,,,,,,,,,,9/9/2019,3.35,,,,,,,,,,,,,,,,,,,,,,,,,,
,,,,,,,,,,,,,,,,,,,,,,,,,,,,,,,,,,,,,,,10/19/2016,0.01,,,,,,,,,,,,,,,,,,,,,,,,,,,,,,,,,,,,,,,,,,,,,,,,,,,,,,,,,,,,,,,,,,,,,9/10/2019,2.8,,,,,,,,,,,,,,,,,,,,,,,,,,
,,,,,,,,,,,,,,,,,,,,,,,,,,,,,,,,,,,,,,,10/20/2016,0.01,,,,,,,,,,,,,,,,,,,,,,,,,,,,,,,,,,,,,,,,,,,,,,,,,,,,,,,,,,,,,,,,,,,,,9/11/2019,3.11,,,,,,,,,,,,,,,,,,,,,,,,,,
,,,,,,,,,,,,,,,,,,,,,,,,,,,,,,,,,,,,,,,,,,,,,,,,,,,,,,,,,,,,,,,,,,,,,,,,,,,,,,,,,,,,,,,,,,,,,,,,,,,,,,,,,,,,,9/12/2019,4.33,,,,,,,,,,,,,,,,,,,,,,,,,,
,,,,,,,,,,,,,,,,,,,,,,,,,,,,,,,,,,,,,,,,,,,,,,,,,,,,,,,,,,,,,,,,,,,,,,,,,,,,,,,,,,,,,,,,,,,,,,,,,,,,,,,,,,,,,9/13/2019,3.62,,,,,,,,,,,,,,,,,,,,,,,,,,
,,,,,,,,,,,,,,,,,,,,,,,,,,,,,,,,,,,,,,,,,,,,,,,,,,,,,,,,,,,,,,,,,,,,,,,,,,,,,,,,,,,,,,,,,,,,,,,,,,,,,,,,,,,,,9/16/2019,2.26,,,,,,,,,,,,,,,,,,,,,,,,,,
,,,,,,,,,,,,,,,,,,,,,,,,,,,,,,,,,,,,,,,,,,,,,,,,,,,,,,,,,,,,,,,,,,,,,,,,,,,,,,,,,,,,,,,,,,,,,,,,,,,,,,,,,,,,,9/17/2019,2.41,,,,,,,,,,,,,,,,,,,,,,,,,,
,,,,,,,,,,,,,,,,,,,,,,,,,,,,,,,,,,,,,,,,,,,,,,,,,,,,,,,,,,,,,,,,,,,,,,,,,,,,,,,,,,,,,,,,,,,,,,,,,,,,,,,,,,,,,9/18/2019,1.81,,,,,,,,,,,,,,,,,,,,,,,,,,
,,,,,,,,,,,,,,,,,,,,,,,,,,,,,,,,,,,,,,,,,,,,,,,,,,,,,,,,,,,,,,,,,,,,,,,,,,,,,,,,,,,,,,,,,,,,,,,,,,,,,,,,,,,,,9/19/2019,2.38,,,,,,,,,,,,,,,,,,,,,,,,,,
,,,,,,,,,,,,,,,,,,,,,,,,,,,,,,,,,,,,,,,,,,,,,,,,,,,,,,,,,,,,,,,,,,,,,,,,,,,,,,,,,,,,,,,,,,,,,,,,,,,,,,,,,,,,,9/20/2019,0.57,,,,,,,,,,,,,,,,,,,,,,,,,,
