,XLY 3/20/15 P71,,XLY 4/17/15 P70,,XLY 5/15/15 P76,,XLY 6/19/15 P75,,XLY 7/17/15 P76,,XLY 8/21/15 P76,,XLY 9/18/15 P77,,XLY 10/16/15 P79,,XLY 11/20/15 P73,,XLY 12/18/15 P74,,XLY 1/15/16 P81,,XLY 2/19/16 P81,,XLY 3/18/16 P76,,XLY 4/15/16 P74,,XLY 5/20/16 P76,,XLY 6/17/16 P79,,XLY 7/15/16 P80,,XLY 8/19/16 P79,,XLY 9/16/16 P78,,XLY 10/21/16 P81,,XLY 11/18/16 P80,,XLY 12/16/16 P79,,XLY 1/20/17 P77,,XLY 2/17/17 P81,,XLY 3/17/17 P81,,XLY 4/21/17 P84,,XLY 5/19/17 P87,,XLY 6/16/17 P87,,XLY 7/21/17 P90,,XLY 8/18/17 P91,,XLY 9/15/17 P89,,XLY 10/20/17 P91,,XLY 11/17/17 P90,,XLY 12/15/17 P90,,XLY 1/19/18 P92,,XLY 2/16/18 P96,,XLY 3/16/18 P100,,XLY 4/20/18 P106,,XLY 5/18/18 P102,,XLY 6/15/18 P98,,XLY 7/20/18 P103,,XLY 8/17/18 P106,,XLY 9/21/18 P109,,XLY 10/19/18 P110,,XLY 11/16/18 P117,,XLY 12/21/18 P116,,XLY 1/18/19 P107,,XLY 2/15/19 P110,,XLY 3/15/19 P99,,XLY 4/18/19 P107,,XLY 5/17/19 P111,,XLY 6/21/19 P115,,XLY 7/19/19 P118,,XLY 8/16/19 P110,,XLY 9/20/19 P120,,XLY 10/18/19 P119,,XLY 11/15/19 P119,,XLY 12/20/19 P119,,XLY 1/17/20 P121,,XLY 2/21/20 P121,,XLY 3/20/20 P126,,XLY 4/17/20 P126,,XLY 5/15/20 P119,,XLY 6/19/20 P93,,XLY 7/17/20 P112,,XLY 8/21/20 P125,,XLY 9/18/20 P129,,XLY 10/16/20 P136,
0,1/2/2015,2.09,2/24/2015,0.37,3/25/2015,1.6,4/1/2015,2.46,5/18/2015,1.39,6/23/2015,0.79,7/1/2015,2.15,8/27/2015,4.4,9/21/2015,1.37,10/5/2015,1.89,11/2/2015,2.28,12/29/2015,2.75,1/4/2016,2.5,2/23/2016,2.52,3/22/2016,1.3,4/1/2016,2.14,5/27/2016,1.96,6/21/2016,2.23,7/1/2016,2.13,8/2/2016,2.59,9/23/2016,1.75,10/4/2016,1.94,11/1/2016,2.6,12/20/2016,0.96,1/4/2017,1.43,2/21/2017,0.68,3/21/2017,1.64,4/5/2017,1.72,5/23/2017,1.83,7/14/2017,1.76,7/13/2017,1.47,9/6/2017,1.91,9/18/2017,1.84,10/3/2017,1.62,11/1/2017,1.8,12/20/2017,0.72,1/2/2018,2,2/21/2018,2.72,3/19/2018,2.05,4/2/2018,3.65,5/21/2018,1.45,6/7/2018,1.26,7/2/2018,3.37,8/20/2018,1.33,9/4/2018,2.64,10/2/2018,2.52,11/1/2018,3.48,12/27/2018,14.51,1/2/2019,3.9,2/19/2019,1.49,3/20/2019,1.96,4/1/2019,3.26,5/29/2019,6.83,6/24/2019,0.58,7/1/2019,3,8/21/2019,2.88,9/23/2019,2,10/1/2019,2.84,11/6/2019,2.57,12/23/2019,1.27,1/2/2020,3.22,2/25/2020,5.97,4/30/2020,4.7,#N/A Invalid Security,,5/14/2020,6.07,6/18/2020,5.27,7/1/2020,6.49,8/21/2020,2.32
,1/5/2015,2.59,2/26/2015,0.26,3/26/2015,2.6,4/6/2015,1.8,5/19/2015,1.44,6/24/2015,0.95,7/2/2015,2.15,8/28/2015,4.5,9/28/2015,2.68,10/7/2015,1.93,11/4/2015,2.04,,,1/5/2016,2.35,2/26/2016,1.8,3/30/2016,0.78,4/13/2016,2.09,5/31/2016,2,6/28/2016,3.85,7/5/2016,2.44,8/3/2016,2.5,9/26/2016,2.23,10/7/2016,1.74,11/2/2016,2.49,12/21/2016,0.93,1/5/2017,1.48,2/22/2017,0.67,3/22/2017,2.09,4/6/2017,1.67,5/24/2017,1.77,7/17/2017,1.29,7/14/2017,1.19,9/8/2017,2.51,9/19/2017,1.92,10/4/2017,1.35,11/2/2017,2.42,12/22/2017,0.74,1/3/2018,1.72,2/27/2018,2.99,3/23/2018,3.95,4/3/2018,3.2,5/22/2018,1.41,6/8/2018,1.35,7/3/2018,2.78,8/21/2018,1.06,9/5/2018,2.85,10/3/2018,3.2,11/2/2018,3.45,1/15/2019,5.85,1/8/2019,2.14,2/20/2019,1.43,3/21/2019,1.54,4/3/2019,2.55,5/31/2019,7.55,6/25/2019,0.63,7/3/2019,2.44,8/22/2019,2.86,9/24/2019,2.67,10/4/2019,3.8,11/7/2019,2.72,12/26/2019,0.91,1/6/2020,3.25,2/26/2020,6.51,5/11/2020,2.95,,,5/15/2020,5.15,6/19/2020,5.05,7/2/2020,5.65,8/24/2020,1.76
,1/6/2015,3.15,3/6/2015,0.32,3/30/2015,1.68,4/8/2015,1.73,5/20/2015,1.41,6/25/2015,0.98,7/6/2015,2.25,8/31/2015,4.76,9/29/2015,2.71,10/8/2015,1.43,11/5/2015,2.19,,,1/6/2016,2.78,3/1/2016,1.26,3/31/2016,0.75,4/15/2016,1.78,6/1/2016,2.12,6/29/2016,2.91,7/7/2016,1.82,8/4/2016,2.4,9/27/2016,1.85,10/10/2016,1.61,11/3/2016,2.75,12/22/2016,1.22,1/6/2017,1.28,2/24/2017,0.73,3/23/2017,1.87,4/10/2017,1.64,5/26/2017,1.13,7/18/2017,1.09,7/19/2017,0.89,9/11/2017,2.18,9/21/2017,1.66,10/5/2017,1.16,11/3/2017,2.05,12/26/2017,0.65,1/4/2018,1.75,3/12/2018,1.8,3/27/2018,3.4,4/4/2018,3.26,5/23/2018,1.27,6/14/2018,0.8,7/9/2018,1.95,8/22/2018,1.11,9/7/2018,3.2,10/4/2018,4.38,11/5/2018,3.78,1/16/2019,5.35,1/14/2019,1.72,2/21/2019,1.51,3/22/2019,2.37,4/4/2019,2.45,6/3/2019,8.85,6/26/2019,0.69,7/8/2019,2.33,8/23/2019,5.04,9/25/2019,2.38,10/15/2019,2.06,11/8/2019,2.85,12/27/2019,0.96,1/7/2020,3.2,2/27/2020,10.38,5/12/2020,4.49,,,5/19/2020,2.78,6/24/2020,5.64,7/6/2020,5.1,8/25/2020,1.6
,1/8/2015,1.93,3/10/2015,0.4,4/1/2015,2.2,4/9/2015,1.7,5/21/2015,1.22,6/29/2015,1.2,7/7/2015,1.9,9/1/2015,6.5,9/30/2015,2.05,10/12/2015,1.06,11/6/2015,2.19,,,1/7/2016,3.75,3/3/2016,1.05,4/5/2016,1.06,4/18/2016,1.47,6/2/2016,1.79,7/1/2016,1.8,7/14/2016,0.95,8/5/2016,1.91,9/28/2016,1.81,10/11/2016,2.17,11/4/2016,2.52,12/23/2016,1.25,1/9/2017,1.27,2/27/2017,0.67,3/24/2017,1.59,4/11/2017,1.91,5/30/2017,1.06,7/19/2017,0.88,7/21/2017,0.94,9/13/2017,1.44,9/22/2017,1.57,10/10/2017,1.25,11/6/2017,1.82,12/27/2017,0.65,1/9/2018,1.25,3/13/2018,2.06,3/29/2018,3,4/10/2018,2.01,5/24/2018,1.13,6/15/2018,0.79,7/10/2018,1.75,8/24/2018,0.89,9/10/2018,3.25,10/5/2018,5.57,11/7/2018,1.94,1/18/2019,4.28,1/15/2019,1.4,2/22/2019,1.2,3/25/2019,2.35,4/8/2019,1.87,6/6/2019,5.24,6/27/2019,0.62,7/9/2019,2.2,8/26/2019,4.64,9/26/2019,2.3,10/18/2019,1.79,11/11/2019,2.81,12/30/2019,1.19,1/9/2020,2.55,2/28/2020,13.09,,,,,5/22/2020,2.46,6/25/2020,5.95,7/7/2020,5.2,8/26/2020,1.3
,1/9/2015,2.2,3/17/2015,0.25,4/2/2015,1.92,4/13/2015,1.56,5/22/2015,1.23,6/30/2015,1.6,7/8/2015,2.48,9/9/2015,4.7,10/6/2015,0.99,10/13/2015,1.15,11/9/2015,2.63,,,1/8/2016,4.2,3/4/2016,0.95,4/11/2016,0.93,4/19/2016,1.59,6/7/2016,1.59,7/5/2016,2.35,7/15/2016,0.97,8/8/2016,1.97,9/29/2016,1.53,10/13/2016,2.11,11/7/2016,2.04,12/27/2016,1.07,1/10/2017,1.09,3/1/2017,0.55,3/27/2017,1.73,4/12/2017,1.8,5/31/2017,1.05,7/20/2017,0.9,7/24/2017,0.83,9/15/2017,1.65,9/25/2017,1.73,10/11/2017,1.16,11/8/2017,2.15,12/29/2017,0.68,1/10/2018,1.28,3/16/2018,1.94,4/2/2018,4.85,4/17/2018,0.95,5/25/2018,1.08,6/25/2018,1.73,7/11/2018,1.83,8/27/2018,0.71,9/11/2018,2.87,10/9/2018,4.69,11/8/2018,1.69,1/22/2019,5.45,1/16/2019,1.36,2/25/2019,1.16,3/26/2019,1.93,4/9/2019,2.24,6/7/2019,3.57,7/1/2019,0.35,7/10/2019,2.07,8/28/2019,3.55,9/27/2019,2.41,10/21/2019,1.61,11/12/2019,2.75,12/31/2019,1.12,1/10/2020,2.65,3/2/2020,9.77,,,,,5/26/2020,1.8,6/26/2020,6.65,7/8/2020,5.81,8/27/2020,1.45
,1/12/2015,2.55,3/18/2015,0.24,4/6/2015,1.37,4/14/2015,1.53,5/26/2015,1.57,7/1/2015,1.33,7/10/2015,1.91,9/15/2015,3.7,10/7/2015,0.84,10/14/2015,1.45,11/12/2015,2.62,,,1/11/2016,4.1,3/7/2016,1.06,4/13/2016,0.53,4/20/2016,1.49,6/8/2016,1.61,7/8/2016,0.97,7/18/2016,0.84,8/10/2016,1.85,9/30/2016,1.46,10/14/2016,2.08,11/8/2016,1.64,12/29/2016,1.2,1/11/2017,1.24,3/2/2017,0.56,3/28/2017,1.2,4/13/2017,1.91,6/1/2017,0.76,7/21/2017,0.89,7/25/2017,0.76,9/26/2017,1.77,9/26/2017,1.65,10/12/2017,1.34,11/9/2017,2.09,1/2/2018,0.48,1/11/2018,0.9,3/19/2018,3.07,4/3/2018,4.7,4/19/2018,0.96,5/29/2018,1.59,6/26/2018,1.29,7/13/2018,1.41,8/28/2018,0.67,9/12/2018,2.85,10/11/2018,9.7,11/12/2018,2.9,1/25/2019,3.65,1/17/2019,1.45,2/26/2019,1.32,4/1/2019,1.14,4/11/2019,2.07,6/10/2019,2.76,7/3/2019,0.26,7/11/2019,1.9,8/29/2019,2.63,10/1/2019,1.93,10/22/2019,1.68,11/13/2019,3,1/2/2020,0.75,1/13/2020,2.43,3/3/2020,9.96,,,,,5/27/2020,1.92,6/29/2020,5.35,7/9/2020,5.32,8/28/2020,1.68
,1/13/2015,2.16,3/23/2015,0.04,4/7/2015,1.47,4/15/2015,1.45,5/28/2015,1.3,7/2/2015,1.26,7/13/2015,1.35,9/16/2015,3.5,10/13/2015,0.39,10/15/2015,1.38,11/16/2015,3.64,,,1/12/2016,3.11,3/9/2016,1.3,4/15/2016,0.47,4/21/2016,1.54,6/9/2016,1.7,7/11/2016,0.68,7/19/2016,0.9,8/11/2016,1.56,10/4/2016,1.74,10/17/2016,2.33,11/9/2016,1.53,12/30/2016,1.52,1/17/2017,0.89,3/3/2017,0.56,3/29/2017,1.1,4/18/2017,1.74,6/2/2017,0.65,7/24/2017,0.91,7/26/2017,0.73,9/27/2017,1.78,9/27/2017,1.67,10/13/2017,1.12,11/10/2017,1.85,1/3/2018,0.39,1/12/2018,0.66,3/21/2018,2.33,4/4/2018,2.92,4/23/2018,1.15,5/30/2018,1.07,6/27/2018,1.27,7/16/2018,1.34,8/29/2018,0.53,9/14/2018,2.74,10/24/2018,12,11/16/2018,3.75,1/28/2019,4.75,1/18/2019,0.96,2/27/2019,1.2,4/2/2019,1.06,4/12/2019,1.64,6/11/2019,3.01,7/5/2019,0.24,7/12/2019,1.56,8/30/2019,2.91,10/2/2019,3.91,10/23/2019,1.89,11/14/2019,2.66,1/3/2020,0.96,1/21/2020,1.8,3/4/2020,7.27,,,,,5/28/2020,1.41,6/30/2020,4.26,7/10/2020,4.9,9/1/2020,1.54
,1/14/2015,3.15,3/26/2015,0.16,4/8/2015,1.3,4/16/2015,1.44,5/29/2015,1.39,7/7/2015,1.28,7/15/2015,1.22,9/18/2015,3.43,10/14/2015,0.65,10/19/2015,0.78,11/17/2015,3.5,,,1/13/2016,3.2,3/11/2016,0.77,4/18/2016,0.27,4/22/2016,1.93,6/10/2016,2.4,7/12/2016,0.63,7/27/2016,0.74,8/12/2016,1.64,10/5/2016,1.47,10/18/2016,2.06,11/10/2016,1.47,1/4/2017,0.88,1/18/2017,0.88,3/6/2017,0.62,3/30/2017,0.96,4/19/2017,1.37,6/5/2017,0.67,7/25/2017,0.62,7/27/2017,0.69,10/4/2017,0.62,9/28/2017,1.43,10/16/2017,1.24,11/13/2017,1.88,1/4/2018,0.36,1/16/2018,0.9,3/26/2018,3.7,4/5/2018,2.37,4/24/2018,1.52,5/31/2018,1.24,7/2/2018,1.31,7/17/2018,1.22,8/30/2018,0.69,9/18/2018,2.65,11/9/2018,6.4,11/19/2018,4.97,1/29/2019,5,1/22/2019,1.51,2/28/2019,1.34,4/3/2019,0.87,4/15/2019,1.5,6/12/2019,2.83,7/8/2019,0.21,7/16/2019,1.35,9/3/2019,3.2,10/3/2019,4.25,10/24/2019,1.78,11/15/2019,2.54,1/6/2020,0.89,1/22/2020,1.66,3/5/2020,9.96,,,,,5/29/2020,1.86,7/1/2020,3.75,7/13/2020,4.03,9/2/2020,1.34
,1/15/2015,3.35,4/1/2015,0.14,4/9/2015,1.16,4/17/2015,1.97,6/1/2015,1.26,7/8/2015,1.7,7/16/2015,1.08,9/22/2015,4.03,10/15/2015,0.52,10/20/2015,0.76,11/19/2015,2.59,,,1/19/2016,4.85,3/14/2016,0.57,4/19/2016,0.31,4/25/2016,1.82,6/13/2016,2.43,7/18/2016,0.53,7/28/2016,0.79,8/17/2016,1.82,10/6/2016,1.48,10/19/2016,1.87,11/11/2016,1.42,1/6/2017,0.71,1/19/2017,0.97,3/7/2017,0.55,3/31/2017,0.89,4/20/2017,1.22,6/6/2017,0.91,7/26/2017,0.67,7/28/2017,0.74,10/5/2017,0.47,9/29/2017,1.22,10/20/2017,1.04,11/14/2017,1.75,1/5/2018,0.3,1/19/2018,0.64,4/2/2018,6.08,4/6/2018,3.24,4/25/2018,1.99,6/1/2018,0.87,7/3/2018,1.15,7/19/2018,1.31,8/31/2018,0.57,9/19/2018,2.4,11/15/2018,10.78,11/27/2018,4.8,1/30/2019,3.55,1/24/2019,1.18,3/1/2019,1.07,4/4/2019,0.81,4/16/2019,1.33,6/13/2019,2.42,7/9/2019,0.21,7/18/2019,2.02,9/4/2019,2.4,10/4/2019,2.66,10/25/2019,1.71,11/18/2019,2.24,1/7/2020,0.91,1/23/2020,2.32,3/6/2020,13.5,,,,,6/1/2020,1.26,7/2/2020,3.2,7/14/2020,5.85,9/3/2020,2.4
,1/16/2015,3.3,,,4/10/2015,1.01,4/20/2015,1.48,6/2/2015,1.19,7/9/2015,1.47,7/17/2015,1.03,9/24/2015,5.15,10/21/2015,0.25,10/21/2015,0.75,11/23/2015,1.86,,,1/20/2016,6.7,3/16/2016,0.48,4/25/2016,0.61,4/26/2016,1.62,6/14/2016,3.15,7/19/2016,0.57,8/1/2016,0.6,8/18/2016,1.7,10/7/2016,1.63,10/20/2016,1.98,11/14/2016,1.29,1/9/2017,0.7,1/20/2017,0.81,3/8/2017,0.51,4/3/2017,1.18,4/24/2017,0.94,6/7/2017,0.85,7/27/2017,0.43,7/31/2017,0.73,10/6/2017,0.34,10/2/2017,1.14,10/23/2017,1.28,11/15/2017,2.08,1/10/2018,0.25,1/22/2018,0.48,4/19/2018,2.12,4/9/2018,3.05,4/26/2018,0.93,6/4/2018,0.62,7/5/2018,1.18,7/23/2018,1.42,9/5/2018,0.65,9/20/2018,2.16,12/6/2018,11.99,11/28/2018,2.79,1/31/2019,2.24,1/25/2019,0.82,3/4/2019,1.14,4/5/2019,0.56,4/17/2019,1.25,6/14/2019,2.01,7/10/2019,0.17,7/19/2019,1.99,9/5/2019,1.39,10/7/2019,2.44,10/29/2019,1.5,11/19/2019,2.8,1/8/2020,0.78,1/24/2020,2.84,3/9/2020,18.57,,,,,6/2/2020,1.23,7/6/2020,2.6,7/15/2020,4.2,9/4/2020,2.51
,1/20/2015,3.2,,,4/13/2015,1.11,4/21/2015,1.42,6/3/2015,1.03,7/10/2015,0.97,7/20/2015,0.94,9/29/2015,7,10/22/2015,0.2,10/30/2015,0.32,11/24/2015,2.07,,,1/21/2016,4.64,3/17/2016,0.28,4/28/2016,0.21,4/28/2016,2.02,6/15/2016,2.72,7/21/2016,0.55,8/2/2016,0.87,8/19/2016,1.67,10/10/2016,1.47,10/21/2016,1.65,11/15/2016,1.2,1/10/2017,0.57,1/23/2017,0.75,3/9/2017,0.5,4/4/2017,1.1,4/25/2017,0.71,6/8/2017,1.01,7/28/2017,0.69,8/1/2017,0.58,10/9/2017,0.24,10/3/2017,1,10/24/2017,1.1,11/16/2017,1.42,1/16/2018,0.21,1/23/2018,0.43,4/20/2018,2.86,4/10/2018,3.1,4/27/2018,0.81,6/5/2018,0.59,7/6/2018,0.86,7/24/2018,1.49,9/6/2018,0.85,9/21/2018,1.96,,,11/30/2018,2.7,2/1/2019,2.9,1/28/2019,0.96,3/5/2019,0.96,4/8/2019,0.47,4/22/2019,1.39,6/17/2019,1.96,7/18/2019,0.14,7/22/2019,2.09,9/6/2019,1.2,10/8/2019,3.05,10/30/2019,1.78,11/20/2019,3.04,1/9/2020,0.62,1/27/2020,3.8,3/10/2020,16.2,,,,,6/3/2020,0.75,7/7/2020,2.98,7/16/2020,4.38,9/8/2020,2.6
,1/22/2015,2.18,,,4/14/2015,1.16,4/22/2015,1.35,6/4/2015,1.3,7/13/2015,0.52,7/21/2015,1.07,10/13/2015,0.94,10/23/2015,0.11,11/4/2015,0.28,11/25/2015,1.6,,,1/22/2016,4.08,3/23/2016,0.28,5/4/2016,0.22,4/29/2016,1.9,6/16/2016,3.28,7/25/2016,0.36,8/3/2016,0.82,8/22/2016,1.64,10/11/2016,2.11,10/24/2016,1.35,11/16/2016,1.03,1/11/2017,0.63,1/24/2017,0.58,3/14/2017,0.43,4/5/2017,1.04,4/26/2017,0.59,6/9/2017,0.96,7/31/2017,0.63,8/2/2017,0.75,10/10/2017,0.39,10/4/2017,0.8,10/25/2017,1.4,11/17/2017,1.25,1/22/2018,0.11,1/24/2018,0.5,,,4/11/2018,2.71,4/30/2018,0.83,6/6/2018,0.41,7/9/2018,0.58,7/25/2018,1.39,9/7/2018,0.7,9/24/2018,2.62,,,12/3/2018,1.89,2/4/2019,2.5,1/29/2019,1.01,3/6/2019,1.08,4/10/2019,0.5,4/23/2019,0.98,6/18/2019,1.57,7/22/2019,0.14,7/23/2019,1.99,9/9/2019,1.11,10/9/2019,2.8,10/31/2019,1.86,11/21/2019,3.35,1/10/2020,0.65,1/28/2020,3.1,3/11/2020,19.68,,,,,6/4/2020,0.7,7/8/2020,2.93,7/17/2020,4.1,9/9/2020,1.85
,1/23/2015,1.86,,,4/15/2015,1.16,4/23/2015,1.2,6/5/2015,1.29,7/14/2015,0.5,7/22/2015,0.93,10/15/2015,1.16,10/26/2015,0.11,11/10/2015,0.35,11/27/2015,1.76,,,1/25/2016,4.2,3/29/2016,0.13,5/5/2016,0.24,5/2/2016,1.32,6/17/2016,2.6,8/3/2016,0.47,8/4/2016,0.75,8/23/2016,1.45,10/12/2016,1.77,10/25/2016,1.73,11/17/2016,0.78,1/13/2017,0.42,1/25/2017,0.5,3/15/2017,0.3,4/6/2017,1.11,4/27/2017,0.53,6/12/2017,1.21,8/1/2017,0.53,8/3/2017,0.62,10/12/2017,0.43,10/5/2017,0.62,10/26/2017,1.08,11/20/2017,1.03,1/23/2018,0.11,1/26/2018,0.39,,,4/12/2018,2.2,5/1/2018,0.84,6/8/2018,0.37,7/10/2018,0.56,7/26/2018,1.41,9/10/2018,0.68,9/26/2018,2.27,,,12/4/2018,2.99,2/6/2019,2.03,1/30/2019,0.66,3/7/2019,1.73,4/11/2019,0.49,4/24/2019,0.98,6/19/2019,1.78,7/23/2019,0.13,7/29/2019,1.6,9/10/2019,1.25,10/10/2019,2.46,11/1/2019,1.41,11/22/2019,2.78,1/13/2020,0.53,1/29/2020,2.97,3/12/2020,29.04,,,,,6/5/2020,0.49,7/9/2020,2.94,7/21/2020,3.37,9/10/2020,1.58
,1/26/2015,1.62,,,4/16/2015,1.01,4/24/2015,0.89,6/8/2015,1.4,7/15/2015,0.5,7/23/2015,1.07,,,10/28/2015,0.13,11/11/2015,0.31,11/30/2015,1.93,,,1/26/2016,3.98,3/30/2016,0.1,5/6/2016,0.2,5/3/2016,1.43,6/20/2016,1.84,8/4/2016,0.32,8/8/2016,0.52,8/24/2016,1.54,10/13/2016,1.96,10/28/2016,2.33,11/18/2016,0.77,1/17/2017,0.42,1/26/2017,0.45,3/16/2017,0.27,4/7/2017,1.13,4/28/2017,0.52,6/13/2017,0.9,8/2/2017,0.61,8/4/2017,0.63,10/13/2017,0.28,10/6/2017,0.57,10/27/2017,0.79,11/21/2017,0.92,1/30/2018,0.14,1/29/2018,0.38,,,4/13/2018,2.5,5/2/2018,0.71,6/11/2018,0.3,7/12/2018,0.5,7/27/2018,1.21,9/11/2018,0.52,9/27/2018,2.06,,,12/6/2018,4.45,2/7/2019,2.93,1/31/2019,0.49,3/8/2019,2.1,4/12/2019,0.32,4/25/2019,1.07,6/20/2019,1.15,7/26/2019,0.07,7/30/2019,1.82,9/11/2019,0.97,10/11/2019,1.7,11/4/2019,1.31,11/25/2019,2.14,1/14/2020,0.54,1/30/2020,3.65,3/13/2020,25.66,,,,,6/8/2020,0.4,7/10/2020,2.41,7/27/2020,2.62,9/11/2020,1.92
,1/28/2015,1.78,,,4/17/2015,1.65,4/27/2015,1.1,6/9/2015,1.47,7/16/2015,0.36,7/24/2015,1.07,,,11/4/2015,0.05,11/12/2015,0.36,12/1/2015,1.96,,,1/29/2016,3.33,3/31/2016,0.05,5/11/2016,0.12,5/4/2016,1.75,6/22/2016,2.18,8/5/2016,0.15,8/10/2016,0.5,8/25/2016,1.7,10/14/2016,1.93,10/31/2016,2.32,11/21/2016,0.61,1/18/2017,0.49,1/27/2017,0.48,3/17/2017,0.24,4/10/2017,0.98,5/1/2017,0.45,6/14/2017,0.88,8/3/2017,0.56,8/7/2017,0.53,10/16/2017,0.31,10/9/2017,0.53,10/30/2017,0.88,11/22/2017,0.8,1/31/2018,0.14,1/30/2018,0.54,,,4/16/2018,1.91,5/3/2018,1.18,6/12/2018,0.26,7/16/2018,2.46,7/30/2018,1.64,9/12/2018,0.51,9/28/2018,2.06,,,12/7/2018,3.9,2/11/2019,2.8,2/1/2019,0.61,3/12/2019,1,4/15/2019,0.29,4/26/2019,0.9,6/21/2019,1.16,8/5/2019,0.8,7/31/2019,2.22,9/12/2019,0.73,10/14/2019,1.51,11/5/2019,1.25,11/26/2019,1.77,1/15/2020,0.52,1/31/2020,3.46,3/16/2020,33,,,,,6/10/2020,0.52,7/13/2020,3,7/29/2020,2.4,9/14/2020,1.25
,2/2/2015,2.14,,,4/20/2015,1.13,4/28/2015,1.2,6/10/2015,1.09,7/17/2015,0.36,7/27/2015,1.2,,,11/11/2015,0.04,11/13/2015,0.72,12/2/2015,1.95,,,2/3/2016,4.53,4/4/2016,0.08,5/12/2016,0.1,5/5/2016,1.8,6/24/2016,3.25,8/12/2016,0.05,8/11/2016,0.35,8/26/2016,1.61,10/17/2016,2.31,11/1/2016,3,11/22/2016,0.51,1/20/2017,0.39,1/30/2017,0.58,3/20/2017,0.21,4/11/2017,1.18,5/2/2017,0.48,6/15/2017,1.09,8/4/2017,0.65,8/8/2017,0.62,10/18/2017,0.1,10/10/2017,0.69,10/31/2017,0.85,11/24/2017,0.69,2/5/2018,0.21,2/1/2018,0.55,,,4/17/2018,1.09,5/4/2018,0.64,6/14/2018,0.2,7/17/2018,0.28,7/31/2018,1.5,9/13/2018,0.39,10/1/2018,2.09,,,12/10/2018,6.11,2/12/2019,1.34,2/4/2019,0.43,3/13/2019,0.72,4/17/2019,0.21,4/29/2019,0.92,6/24/2019,1.45,8/6/2019,0.41,8/1/2019,3.45,9/13/2019,0.69,10/15/2019,1.14,11/6/2019,1.22,11/27/2019,1.41,1/16/2020,0.37,2/3/2020,2.58,3/17/2020,34.55,,,,,6/11/2020,1.55,7/14/2020,2.62,7/30/2020,2.63,9/15/2020,0.93
,2/3/2015,1.47,,,4/21/2015,1.01,4/29/2015,1.28,6/11/2015,0.92,7/20/2015,0.3,7/28/2015,1.11,,,11/16/2015,0.05,11/16/2015,0.83,12/3/2015,2.83,,,2/4/2016,4.42,4/8/2016,0.06,5/18/2016,0.19,5/6/2016,1.66,6/27/2016,5.05,8/18/2016,0.07,8/16/2016,0.37,8/29/2016,1.63,10/18/2016,1.85,11/2/2016,3,11/23/2016,0.47,1/23/2017,0.35,1/31/2017,0.56,3/21/2017,0.47,4/12/2017,1.28,5/3/2017,0.5,7/12/2017,0.65,8/7/2017,0.46,8/9/2017,0.8,10/19/2017,0.1,10/11/2017,0.68,11/2/2017,0.96,11/27/2017,0.65,2/8/2018,0.9,2/2/2018,0.66,,,4/18/2018,0.91,5/7/2018,0.54,6/15/2018,0.19,7/18/2018,0.28,8/1/2018,1.53,9/17/2018,0.53,10/2/2018,2.6,,,12/11/2018,4.95,2/13/2019,0.76,2/6/2019,0.35,3/14/2019,0.89,4/22/2019,0.2,4/30/2019,0.96,6/25/2019,1.96,8/7/2019,0.5,8/2/2019,4.05,9/16/2019,1.16,10/16/2019,0.88,11/7/2019,1.51,11/29/2019,1.73,1/17/2020,0.32,2/4/2020,1.72,3/18/2020,38.67,,,,,6/12/2020,2.19,7/15/2020,2.17,8/3/2020,2.01,9/16/2020,0.84
,2/4/2015,1.06,,,4/22/2015,0.98,4/30/2015,1.78,6/12/2015,1.11,7/22/2015,0.3,7/29/2015,0.85,,,11/17/2015,0.01,11/19/2015,0.22,12/4/2015,1.72,,,2/9/2016,8.34,4/12/2016,0.04,5/20/2016,0.01,5/9/2016,1.44,6/29/2016,2.85,,,8/19/2016,0.26,8/30/2016,1.82,10/19/2016,1.66,11/4/2016,2.99,11/25/2016,0.43,1/25/2017,0.13,2/1/2017,0.52,3/23/2017,0.41,4/13/2017,1.51,5/4/2017,0.55,7/13/2017,0.53,8/8/2017,0.47,8/10/2017,1.38,,,10/12/2017,0.72,11/3/2017,0.84,11/28/2017,0.55,2/9/2018,0.88,2/5/2018,2.68,,,4/19/2018,1.22,5/8/2018,0.57,6/18/2018,0.21,7/19/2018,0.27,8/2/2018,1.63,9/18/2018,0.35,10/3/2018,3.1,,,12/12/2018,3.9,2/14/2019,1.54,2/7/2019,0.46,3/15/2019,0.63,4/23/2019,0.14,5/1/2019,1.1,6/26/2019,1.54,8/12/2019,0.06,8/5/2019,6.75,9/17/2019,1.04,10/17/2019,0.74,11/8/2019,1.41,12/2/2019,2.27,1/21/2020,0.36,2/5/2020,1.49,3/19/2020,35.32,,,,,6/15/2020,1.64,7/16/2020,1.94,8/4/2020,1.89,9/17/2020,1.31
,2/6/2015,0.96,,,4/23/2015,0.8,5/1/2015,1.36,6/15/2015,1.22,7/24/2015,0.2,8/3/2015,0.6,,,,,11/20/2015,0.18,12/7/2015,1.84,,,2/10/2016,7.2,,,,,5/10/2016,0.99,7/1/2016,1.37,,,8/23/2016,0.23,8/31/2016,1.85,10/20/2016,1.68,11/8/2016,1.8,11/28/2016,0.52,1/26/2017,0.12,2/2/2017,0.51,3/24/2017,0.39,4/17/2017,1.32,5/5/2017,0.45,7/14/2017,0.37,8/9/2017,0.94,8/11/2017,1.18,,,10/13/2017,0.61,11/6/2017,0.63,11/29/2017,0.53,2/14/2018,0.05,2/6/2018,1.46,,,4/20/2018,1.55,5/9/2018,0.49,6/22/2018,0.21,7/20/2018,0.28,8/3/2018,1.14,9/19/2018,0.32,10/4/2018,4.4,,,12/13/2018,4.65,2/15/2019,0.05,2/8/2019,0.48,3/18/2019,0.46,4/26/2019,0.08,5/2/2019,1.29,6/27/2019,1.33,8/15/2019,0.02,8/6/2019,4.9,9/18/2019,1.28,10/18/2019,0.81,11/11/2019,1.53,12/3/2019,2.94,1/22/2020,0.28,2/6/2020,1.46,3/20/2020,35.68,,,,,6/16/2020,0.96,7/17/2020,1.75,8/7/2020,1.27,9/18/2020,1.81
,2/10/2015,0.93,,,4/24/2015,0.45,5/4/2015,1.07,6/16/2015,1,7/27/2015,0.51,8/4/2015,0.56,,,,,12/11/2015,0.27,12/8/2015,1.99,,,2/12/2016,6.7,,,,,5/11/2016,1.66,7/7/2016,1.09,,,8/24/2016,0.29,9/1/2016,1.84,10/21/2016,1.36,11/9/2016,1.67,11/30/2016,0.54,1/31/2017,0.18,2/3/2017,0.45,3/27/2017,0.3,4/18/2017,1.04,5/8/2017,0.36,7/17/2017,0.19,8/10/2017,1.67,8/15/2017,0.99,,,10/16/2017,0.6,11/7/2017,0.79,11/30/2017,0.46,,,2/7/2018,1.22,,,4/23/2018,1.32,5/10/2018,0.38,6/25/2018,0.48,7/23/2018,0.28,8/6/2018,0.87,9/21/2018,0.22,10/5/2018,5.2,,,12/14/2018,5.21,,,2/11/2019,0.39,3/19/2019,0.34,4/29/2019,0.07,5/3/2019,0.89,6/28/2019,1.24,,,8/7/2019,5.52,9/19/2019,0.98,10/21/2019,0.64,11/12/2019,1.3,12/4/2019,2.4,1/23/2020,0.44,2/7/2020,1.77,3/23/2020,39.66,,,,,6/17/2020,0.91,7/20/2020,1.07,8/12/2020,0.75,9/21/2020,2.85
,2/11/2015,0.76,,,4/27/2015,0.68,5/5/2015,1.46,6/17/2015,0.79,7/28/2015,0.41,8/5/2015,0.75,,,,,12/14/2015,0.21,12/9/2015,2.67,,,2/22/2016,2.7,,,,,5/12/2016,1.58,7/11/2016,0.11,,,8/26/2016,0.26,9/2/2016,1.64,10/24/2016,1.05,11/10/2016,1.58,12/5/2016,0.4,2/8/2017,0.05,2/6/2017,0.42,3/28/2017,0.18,4/19/2017,0.89,5/9/2017,0.31,7/18/2017,0.16,8/11/2017,1.77,8/17/2017,1.4,,,10/17/2017,0.54,11/8/2017,0.77,12/1/2017,0.61,,,2/8/2018,3.25,,,4/24/2018,2.19,5/11/2018,0.28,6/26/2018,0.37,7/24/2018,0.33,8/7/2018,0.73,9/25/2018,0.23,10/8/2018,4.78,,,12/17/2018,6.85,,,2/13/2019,0.19,3/20/2019,0.41,5/2/2019,0.09,5/6/2019,1.19,7/1/2019,0.62,,,8/8/2019,3.35,9/20/2019,1.23,10/22/2019,0.63,11/13/2019,1.41,12/5/2019,2.45,1/24/2020,0.78,2/10/2020,1.36,3/24/2020,33.15,,,,,6/19/2020,0.86,7/21/2020,0.93,8/13/2020,0.73,9/22/2020,1.45
,2/12/2015,0.52,,,4/28/2015,0.7,5/6/2015,1.7,6/18/2015,0.49,7/29/2015,0.25,8/6/2015,1.24,,,,,12/18/2015,0.02,12/10/2015,2.54,,,2/23/2016,2.7,,,,,5/13/2016,2.04,7/12/2016,0.05,,,8/29/2016,0.3,9/6/2016,1.59,10/25/2016,1.51,11/11/2016,1.4,12/7/2016,0.25,,,2/7/2017,0.43,3/29/2017,0.11,4/20/2017,0.7,5/10/2017,0.32,7/19/2017,0.04,8/17/2017,1.64,8/18/2017,1.68,,,10/18/2017,0.53,11/9/2017,0.81,12/4/2017,0.38,,,2/9/2018,3.25,,,4/25/2018,2.01,5/14/2018,0.24,6/27/2018,0.39,7/26/2018,0.27,8/8/2018,0.63,9/26/2018,0.19,10/9/2018,4.31,,,12/19/2018,6.4,,,2/15/2019,0.14,3/21/2019,0.28,5/7/2019,0.35,5/7/2019,1.7,7/2/2019,0.53,,,8/9/2019,3.23,9/23/2019,1.1,10/23/2019,0.82,11/14/2019,1.32,12/6/2019,1.88,1/27/2020,1.23,2/11/2020,1.11,4/8/2020,21.38,,,,,6/23/2020,0.35,7/22/2020,0.75,8/14/2020,0.77,9/23/2020,1.21
,2/13/2015,0.48,,,4/29/2015,0.86,5/7/2015,1.45,6/19/2015,0.45,7/30/2015,0.15,8/7/2015,1.23,,,,,,,12/11/2015,3.75,,,2/29/2016,1.81,,,,,5/16/2016,1.68,7/15/2016,0.03,,,8/30/2016,0.23,9/7/2016,1.45,10/26/2016,1.62,11/14/2016,1.21,12/14/2016,0.22,,,2/8/2017,0.34,3/30/2017,0.11,4/24/2017,0.38,5/11/2017,0.47,,,8/18/2017,2.61,8/21/2017,1.6,,,10/19/2017,0.74,11/10/2017,0.68,12/5/2017,0.43,,,2/12/2018,1.73,,,4/26/2018,1.08,5/15/2018,0.33,7/2/2018,0.35,7/30/2018,0.33,8/9/2018,0.55,9/27/2018,0.18,10/10/2018,6.65,,,12/20/2018,12,,,2/20/2019,0.09,3/26/2019,0.36,5/8/2019,0.22,5/8/2019,1.75,7/3/2019,0.23,,,8/12/2019,4.35,9/24/2019,1.63,10/24/2019,0.82,11/15/2019,1.15,12/9/2019,1.74,1/28/2020,0.84,2/12/2020,0.72,4/14/2020,15.21,,,,,6/26/2020,0.79,7/23/2020,1.07,8/18/2020,0.41,9/24/2020,1.69
,2/17/2015,0.44,,,4/30/2015,1.42,5/8/2015,0.97,6/23/2015,0.31,7/31/2015,0.15,8/10/2015,0.87,,,,,,,12/15/2015,2.65,,,3/1/2016,1.94,,,,,5/17/2016,2.31,,,,,9/1/2016,0.25,9/8/2016,1.77,10/27/2016,2.28,11/15/2016,1.05,12/15/2016,0.19,,,2/9/2017,0.25,4/3/2017,0.11,4/25/2017,0.27,5/12/2017,0.4,,,,,8/22/2017,0.99,,,10/20/2017,0.5,11/13/2017,0.69,12/6/2017,0.51,,,2/13/2018,1.77,,,4/27/2018,0.82,5/16/2018,0.22,7/3/2018,0.19,7/31/2018,0.15,8/10/2018,0.84,9/28/2018,0.16,10/11/2018,9.72,,,12/24/2018,13.15,,,2/21/2019,0.11,3/27/2019,0.44,5/10/2019,0.4,5/9/2019,2.07,7/5/2019,0.25,,,8/14/2019,5.99,9/25/2019,1.35,10/25/2019,0.64,11/18/2019,0.91,12/10/2019,1.79,1/29/2020,0.77,2/13/2020,0.73,,,,,,,6/29/2020,0.43,7/24/2020,1.02,8/21/2020,0.37,9/25/2020,1.19
,2/19/2015,0.33,,,5/1/2015,0.77,5/11/2015,1.08,6/24/2015,0.37,8/4/2015,0.09,8/11/2015,1.25,,,,,,,12/17/2015,2.66,,,3/3/2016,0.95,,,,,5/18/2016,2.65,,,,,9/6/2016,0.12,9/14/2016,3.39,10/28/2016,2.3,11/16/2016,0.9,12/16/2016,0.21,,,2/13/2017,0.23,4/11/2017,0.1,4/26/2017,0.17,5/15/2017,0.35,,,,,8/23/2017,1.4,,,10/23/2017,0.61,11/14/2017,0.65,12/7/2017,0.42,,,2/14/2018,0.91,,,4/30/2018,0.86,5/17/2018,0.21,7/5/2018,0.24,8/1/2018,0.21,8/13/2018,0.93,10/1/2018,0.11,10/15/2018,8.49,,,12/26/2018,11.61,,,2/22/2019,0.08,4/1/2019,0.12,5/13/2019,0.42,5/10/2019,1.88,7/8/2019,0.14,,,8/15/2019,5.2,9/26/2019,1.29,10/28/2019,0.47,11/19/2019,1.23,12/11/2019,1.71,1/30/2020,0.8,2/14/2020,0.75,,,,,,,6/30/2020,0.22,7/27/2020,0.71,8/24/2020,0.25,9/28/2020,0.58
,2/20/2015,0.31,,,5/4/2015,0.51,5/12/2015,1.07,6/25/2015,0.34,8/6/2015,0.34,8/12/2015,1.29,,,,,,,12/18/2015,3.67,,,3/8/2016,1.05,,,,,5/19/2016,2.51,,,,,9/8/2016,0.1,9/15/2016,2.79,10/31/2016,2.29,11/17/2016,0.63,12/19/2016,0.13,,,2/14/2017,0.13,4/12/2017,0.06,4/27/2017,0.18,5/16/2017,0.35,,,,,8/24/2017,1.46,,,10/24/2017,0.53,11/15/2017,0.68,12/8/2017,0.31,,,2/15/2018,0.7,,,5/1/2018,1.13,5/18/2018,0.2,7/6/2018,0.1,8/7/2018,0.05,8/15/2018,1.05,10/2/2018,0.19,10/25/2018,10.27,,,12/31/2018,8.17,,,2/26/2019,0.07,4/2/2019,0.08,5/14/2019,0.27,5/13/2019,3.45,7/9/2019,0.13,,,8/16/2019,5.47,9/27/2019,1.42,10/29/2019,0.6,11/20/2019,1.46,12/12/2019,1.21,1/31/2020,0.96,2/18/2020,0.69,,,,,,,7/2/2020,0.07,7/28/2020,0.6,9/4/2020,0.5,9/29/2020,0.66
,2/23/2015,0.21,,,5/5/2015,0.78,5/13/2015,1.29,6/26/2015,0.44,8/7/2015,0.31,8/13/2015,1.1,,,,,,,12/30/2015,1.99,,,3/9/2016,1.24,,,,,5/20/2016,2.1,,,,,9/9/2016,0.66,9/19/2016,2.66,11/1/2016,3.05,11/18/2016,0.55,12/27/2016,0.1,,,2/16/2017,0.15,4/13/2017,0.05,4/28/2017,0.18,5/17/2017,0.86,,,,,8/25/2017,1.22,,,10/25/2017,0.78,11/16/2017,0.46,12/12/2017,0.24,,,2/16/2018,0.75,,,5/2/2018,0.9,5/21/2018,0.13,7/10/2018,0.07,8/10/2018,0.14,8/16/2018,0.77,10/3/2018,0.16,10/30/2018,14,,,1/2/2019,7.6,,,2/28/2019,0.05,4/3/2019,0.06,5/15/2019,0.05,5/14/2019,2.54,7/11/2019,0.05,,,8/19/2019,3.69,9/30/2019,0.99,10/30/2019,0.46,11/21/2019,1.55,12/13/2019,1.02,2/3/2020,0.5,2/19/2020,0.57,,,,,,,7/8/2020,0.01,7/29/2020,0.49,9/10/2020,0.05,9/30/2020,0.41
,3/9/2015,0.08,,,5/6/2015,1.2,5/14/2015,1.13,6/29/2015,0.98,8/10/2015,0.13,8/14/2015,1.07,,,,,,,1/4/2016,4.95,,,3/10/2016,1.36,,,,,5/23/2016,2.16,,,,,9/12/2016,0.19,9/21/2016,2.6,11/2/2016,3.15,11/21/2016,0.45,12/30/2016,0.18,,,2/21/2017,0.08,4/17/2017,0.05,5/1/2017,0.15,5/18/2017,0.64,,,,,8/28/2017,1.19,,,10/26/2017,0.59,11/17/2017,0.32,12/13/2017,0.2,,,2/20/2018,0.76,,,5/3/2018,1.65,5/22/2018,0.11,,,8/15/2018,0.04,8/17/2018,0.72,10/4/2018,0.57,,,,,1/3/2019,8.89,,,3/4/2019,0.04,4/4/2019,0.03,,,5/15/2019,2.65,7/12/2019,0.03,,,8/20/2019,3.43,10/1/2019,1.43,10/31/2019,0.53,11/22/2019,1.11,12/16/2019,0.74,2/4/2020,0.22,2/20/2020,0.65,,,,,,,,,7/30/2020,0.47,9/16/2020,0.01,10/2/2020,0.38
,3/10/2015,0.13,,,5/8/2015,0.34,5/15/2015,0.93,7/1/2015,0.58,8/11/2015,0.26,8/17/2015,0.72,,,,,,,1/5/2016,4.55,,,3/11/2016,0.45,,,,,5/24/2016,1.74,,,,,9/13/2016,0.56,9/22/2016,1.62,11/3/2016,3.25,11/22/2016,0.25,1/3/2017,0.1,,,2/24/2017,0.09,4/21/2017,0.01,5/2/2017,0.14,5/19/2017,0.48,,,,,8/29/2017,1.5,,,10/27/2017,0.31,11/20/2017,0.23,12/14/2017,0.2,,,2/21/2018,0.66,,,5/4/2018,0.59,5/24/2018,0.09,,,8/16/2018,0.03,8/20/2018,0.57,10/5/2018,0.69,,,,,1/4/2019,6.85,,,3/8/2019,0.04,4/8/2019,0.01,,,5/16/2019,1.57,7/16/2019,0.01,,,8/21/2019,2.38,10/2/2019,2.84,11/1/2019,0.33,11/25/2019,0.74,12/17/2019,0.56,2/5/2020,0.17,2/21/2020,1.13,,,,,,,,,7/31/2020,0.48,,,10/5/2020,0.21
,3/11/2015,0.13,,,5/11/2015,0.38,5/18/2015,0.7,7/2/2015,0.59,8/12/2015,0.4,8/18/2015,0.72,,,,,,,1/11/2016,6.67,,,3/14/2016,0.26,,,,,5/25/2016,1.28,,,,,9/14/2016,0.45,9/26/2016,2.36,11/4/2016,3.05,11/23/2016,0.25,1/4/2017,0.05,,,2/27/2017,0.16,,,5/4/2017,0.16,5/22/2017,0.28,,,,,8/30/2017,0.79,,,10/30/2017,0.34,11/21/2017,0.19,12/15/2017,0.16,,,2/22/2018,0.57,,,5/7/2018,0.44,5/25/2018,0.07,,,,,8/21/2018,0.41,10/8/2018,0.71,,,,,1/8/2019,3.25,,,,,4/10/2019,0.02,,,5/17/2019,1.84,7/17/2019,0.02,,,8/22/2019,2.32,10/3/2019,2.26,11/4/2019,0.26,11/26/2019,0.55,12/18/2019,0.54,2/6/2020,0.11,2/24/2020,3.01,,,,,,,,,8/3/2020,0.29,,,10/7/2020,0.09
,3/12/2015,0.13,,,5/12/2015,0.38,5/19/2015,0.65,7/6/2015,0.65,8/13/2015,0.14,8/19/2015,0.74,,,,,,,,,,,3/15/2016,0.18,,,,,5/26/2016,1.15,,,,,9/15/2016,0.18,9/27/2016,1.81,11/8/2016,1.5,11/25/2016,0.21,1/6/2017,0.04,,,2/28/2017,0.09,,,5/5/2017,0.12,5/23/2017,0.3,,,,,8/31/2017,0.58,,,10/31/2017,0.34,11/22/2017,0.13,12/18/2017,0.09,,,2/23/2018,0.34,,,5/8/2018,0.52,5/29/2018,0.14,,,,,8/22/2018,0.41,10/9/2018,0.55,,,,,1/9/2019,2.77,,,,,,,,,5/20/2019,2.27,7/19/2019,0.02,,,8/23/2019,4.8,10/4/2019,1.32,11/5/2019,0.2,11/27/2019,0.38,12/19/2019,0.52,2/7/2020,0.17,2/25/2020,4.95,,,,,,,,,8/4/2020,0.22,,,,
,,,,,5/13/2015,0.55,5/20/2015,0.63,7/7/2015,0.74,8/14/2015,0.14,8/20/2015,1.74,,,,,,,,,,,,,,,,,5/31/2016,0.89,,,,,9/16/2016,0.05,9/28/2016,1.82,11/9/2016,1.34,11/28/2016,0.28,1/11/2017,0.03,,,3/1/2017,0.06,,,5/8/2017,0.07,5/24/2017,0.22,,,,,9/1/2017,0.39,,,11/1/2017,0.34,11/24/2017,0.11,12/19/2017,0.09,,,2/26/2018,0.23,,,5/9/2018,0.38,6/1/2018,0.05,,,,,8/23/2018,0.4,10/10/2018,2.26,,,,,1/10/2019,2.94,,,,,,,,,5/21/2019,1.73,,,,,8/28/2019,4,10/7/2019,1.43,11/6/2019,0.15,11/29/2019,0.42,12/20/2019,0.42,2/10/2020,0.1,2/26/2020,5.5,,,,,,,,,8/5/2020,0.13,,,,
,,,,,5/14/2015,0.28,5/21/2015,0.55,7/8/2015,0.76,8/17/2015,0.09,8/21/2015,3.57,,,,,,,,,,,,,,,,,6/6/2016,0.59,,,,,,,9/29/2016,1.88,11/10/2016,1.14,11/29/2016,0.24,1/17/2017,0.01,,,3/2/2017,0.05,,,5/11/2017,0.04,5/25/2017,0.15,,,,,9/6/2017,0.27,,,11/2/2017,0.38,11/27/2017,0.08,12/20/2017,0.09,,,2/27/2018,0.39,,,5/10/2018,0.28,6/5/2018,0.01,,,,,8/27/2018,0.21,10/11/2018,3.9,,,,,1/11/2019,2.59,,,,,,,,,5/22/2019,2.17,,,,,8/29/2019,1.97,10/8/2019,2.33,11/7/2019,0.23,12/2/2019,0.86,12/23/2019,0.41,2/11/2020,0.04,2/27/2020,7.91,,,,,,,,,8/6/2020,0.11,,,,
,,,,,5/15/2015,0.06,5/22/2015,0.52,7/9/2015,0.66,8/18/2015,0.05,8/24/2015,6.72,,,,,,,,,,,,,,,,,6/7/2016,0.46,,,,,,,10/5/2016,1.19,11/11/2016,1.2,11/30/2016,0.24,1/20/2017,0.01,,,3/7/2017,0.03,,,5/15/2017,0.01,6/1/2017,0.06,,,,,9/11/2017,0.25,,,11/3/2017,0.25,11/28/2017,0.04,12/21/2017,0.1,,,2/28/2018,0.38,,,5/11/2018,0.11,6/8/2018,0.46,,,,,8/29/2018,0.12,10/12/2018,2.57,,,,,1/14/2019,3.03,,,,,,,,,5/23/2019,3.24,,,,,8/30/2019,2.34,10/9/2019,1.44,11/8/2019,0.17,12/3/2019,1.2,12/24/2019,0.37,2/12/2020,0.07,2/28/2020,12.95,,,,,,,,,8/7/2020,0.1,,,,
,,,,,,,5/26/2015,0.75,7/10/2015,0.25,8/19/2015,0.05,8/25/2015,4.08,,,,,,,,,,,,,,,,,6/13/2016,1.15,,,,,,,10/7/2016,1.38,11/14/2016,0.64,12/1/2016,0.35,,,,,3/9/2017,0.02,,,5/17/2017,0.12,6/2/2017,0.04,,,,,9/12/2017,0.18,,,11/6/2017,0.17,11/29/2017,0.11,12/22/2017,0.09,,,3/1/2018,0.81,,,5/16/2018,0.02,6/11/2018,0.02,,,,,8/30/2018,0.11,10/15/2018,2.09,,,,,1/15/2019,2.8,,,,,,,,,5/24/2019,2.89,,,,,9/3/2019,2.59,10/10/2019,1.23,11/11/2019,0.09,12/4/2019,0.84,12/26/2019,0.25,2/13/2020,0.03,3/2/2020,9.13,,,,,,,,,8/10/2020,0.07,,,,
,,,,,,,5/27/2015,0.5,7/13/2015,0.08,8/20/2015,0.14,8/27/2015,3.4,,,,,,,,,,,,,,,,,6/14/2016,1.53,,,,,,,10/10/2016,1.33,11/15/2016,0.38,12/2/2016,0.34,,,,,3/10/2017,0.03,,,5/18/2017,0.08,6/5/2017,0.03,,,,,9/14/2017,0.01,,,11/7/2017,0.24,11/30/2017,0.07,12/27/2017,0.06,,,3/2/2018,0.94,,,,,6/13/2018,0.02,,,,,8/31/2018,0.14,10/16/2018,0.57,,,,,1/16/2019,2.27,,,,,,,,,5/28/2019,2.68,,,,,9/4/2019,1.83,10/11/2019,0.33,11/12/2019,0.06,12/5/2019,0.94,12/27/2019,0.27,2/14/2020,0.03,3/3/2020,7.04,,,,,,,,,8/11/2020,0.05,,,,
,,,,,,,5/28/2015,0.52,7/14/2015,0.02,8/21/2015,1.4,8/31/2015,2.91,,,,,,,,,,,,,,,,,6/15/2016,0.8,,,,,,,10/11/2016,2.15,11/16/2016,0.16,12/5/2016,0.14,,,,,3/17/2017,0.01,,,,,6/6/2017,0.05,,,,,,,,,11/9/2017,0.24,12/1/2017,0.1,12/28/2017,0.06,,,3/5/2018,0.48,,,,,6/14/2018,0.01,,,,,9/4/2018,0.13,10/17/2018,1.08,,,,,1/17/2019,1.77,,,,,,,,,5/29/2019,4.35,,,,,9/5/2019,0.59,10/14/2019,0.32,11/13/2019,0.05,12/6/2019,0.47,12/30/2019,0.4,2/18/2020,0.02,3/4/2020,6.8,,,,,,,,,8/12/2020,0.05,,,,
,,,,,,,5/29/2015,0.64,7/16/2015,0.03,,,9/2/2015,3.9,,,,,,,,,,,,,,,,,6/16/2016,1.5,,,,,,,10/12/2016,1.8,11/17/2016,0.02,12/6/2016,0.12,,,,,,,,,,,6/8/2017,0.05,,,,,,,,,11/10/2017,0.13,12/4/2017,0.06,12/29/2017,0.08,,,3/12/2018,0.02,,,,,,,,,,,9/11/2018,0.06,10/18/2018,2.5,,,,,1/18/2019,0.26,,,,,,,,,5/30/2019,3.28,,,,,9/6/2019,0.46,10/17/2019,0.03,11/14/2019,0.02,12/9/2019,0.41,12/31/2019,0.35,2/19/2020,0.01,3/5/2020,10.28,,,,,,,,,8/13/2020,0.06,,,,
,,,,,,,6/1/2015,0.47,,,,,9/3/2015,2.64,,,,,,,,,,,,,,,,,6/17/2016,1.08,,,,,,,10/13/2016,1.97,11/18/2016,0.01,12/7/2016,0.05,,,,,,,,,,,6/9/2017,0.1,,,,,,,,,11/13/2017,0.13,12/6/2017,0.1,1/2/2018,0.05,,,3/13/2018,0.01,,,,,,,,,,,9/12/2018,0.08,,,,,,,,,,,,,,,,,5/31/2019,4.6,,,,,9/9/2019,0.43,10/18/2019,0.01,11/15/2019,0.01,12/10/2019,0.38,1/2/2020,0.15,2/20/2020,0.03,3/6/2020,11.62,,,,,,,,,8/14/2020,0.04,,,,
,,,,,,,6/2/2015,0.4,,,,,9/8/2015,2.76,,,,,,,,,,,,,,,,,,,,,,,,,10/14/2016,2.03,,,12/8/2016,0.14,,,,,,,,,,,6/12/2017,0.07,,,,,,,,,11/14/2017,0.1,12/7/2017,0.09,1/3/2018,0.04,,,3/14/2018,0.01,,,,,,,,,,,9/13/2018,0.05,,,,,,,,,,,,,,,,,6/3/2019,5.61,,,,,9/10/2019,0.44,,,,,12/11/2019,0.37,1/3/2020,0.25,2/21/2020,0.02,3/9/2020,17.9,,,,,,,,,8/18/2020,0.02,,,,
,,,,,,,6/3/2015,0.31,,,,,9/9/2015,1.68,,,,,,,,,,,,,,,,,,,,,,,,,10/17/2016,2.67,,,12/12/2016,0.03,,,,,,,,,,,6/14/2017,0.03,,,,,,,,,11/16/2017,0.03,12/8/2017,0.05,1/4/2018,0.05,,,,,,,,,,,,,,,9/17/2018,0.07,,,,,,,,,,,,,,,,,6/4/2019,3.3,,,,,9/11/2019,0.28,,,,,12/12/2019,0.22,1/6/2020,0.18,,,3/10/2020,15.01,,,,,,,,,8/20/2020,0.02,,,,
,,,,,,,6/4/2015,0.46,,,,,9/10/2015,2.45,,,,,,,,,,,,,,,,,,,,,,,,,10/19/2016,1.9,,,12/13/2016,0.02,,,,,,,,,,,,,,,,,,,,,,,12/14/2017,0.01,1/5/2018,0.01,,,,,,,,,,,,,,,,,,,,,,,,,,,,,,,,,6/5/2019,2.67,,,,,9/12/2019,0.14,,,,,12/13/2019,0.08,1/7/2020,0.15,,,3/12/2020,28.3,,,,,,,,,,,,,,
,,,,,,,6/5/2015,0.41,,,,,9/11/2015,2.3,,,,,,,,,,,,,,,,,,,,,,,,,10/20/2016,1.95,,,12/14/2016,0.02,,,,,,,,,,,,,,,,,,,,,,,,,1/9/2018,0.01,,,,,,,,,,,,,,,,,,,,,,,,,,,,,,,,,6/6/2019,2.43,,,,,9/13/2019,0.16,,,,,12/16/2019,0.04,1/8/2020,0.06,,,3/13/2020,27.89,,,,,,,,,,,,,,
,,,,,,,6/9/2015,0.52,,,,,9/14/2015,2.35,,,,,,,,,,,,,,,,,,,,,,,,,10/21/2016,1.47,,,12/15/2016,0.08,,,,,,,,,,,,,,,,,,,,,,,,,1/10/2018,0.01,,,,,,,,,,,,,,,,,,,,,,,,,,,,,,,,,6/7/2019,1.16,,,,,9/16/2019,0.45,,,,,12/17/2019,0.02,1/9/2020,0.03,,,3/16/2020,34.45,,,,,,,,,,,,,,
,,,,,,,6/10/2015,0.21,,,,,9/15/2015,2.21,,,,,,,,,,,,,,,,,,,,,,,,,,,,,12/16/2016,0.01,,,,,,,,,,,,,,,,,,,,,,,,,1/11/2018,0.01,,,,,,,,,,,,,,,,,,,,,,,,,,,,,,,,,6/10/2019,0.57,,,,,9/17/2019,0.23,,,,,12/19/2019,0.01,1/10/2020,0.03,,,3/17/2020,38.29,,,,,,,,,,,,,,
,,,,,,,6/11/2015,0.16,,,,,9/16/2015,0.89,,,,,,,,,,,,,,,,,,,,,,,,,,,,,,,,,,,,,,,,,,,,,,,,,,,,,,,1/12/2018,0.04,,,,,,,,,,,,,,,,,,,,,,,,,,,,,,,,,6/11/2019,0.58,,,,,9/18/2019,0.12,,,,,,,1/13/2020,0.01,,,3/20/2020,35.91,,,,,,,,,,,,,,
,,,,,,,6/12/2015,0.18,,,,,9/17/2015,0.58,,,,,,,,,,,,,,,,,,,,,,,,,,,,,,,,,,,,,,,,,,,,,,,,,,,,,,,1/16/2018,0.02,,,,,,,,,,,,,,,,,,,,,,,,,,,,,,,,,6/12/2019,0.54,,,,,9/19/2019,0.04,,,,,,,1/14/2020,0.01,,,,,,,,,,,,,,,,,,
,,,,,,,6/15/2015,0.22,,,,,9/18/2015,1.27,,,,,,,,,,,,,,,,,,,,,,,,,,,,,,,,,,,,,,,,,,,,,,,,,,,,,,,1/17/2018,0.02,,,,,,,,,,,,,,,,,,,,,,,,,,,,,,,,,6/13/2019,0.36,,,,,9/20/2019,0.03,,,,,,,1/15/2020,0.01,,,,,,,,,,,,,,,,,,
,,,,,,,6/16/2015,0.1,,,,,,,,,,,,,,,,,,,,,,,,,,,,,,,,,,,,,,,,,,,,,,,,,,,,,,,,,,,,,1/19/2018,0.01,,,,,,,,,,,,,,,,,,,,,,,,,,,,,,,,,6/14/2019,0.18,,,,,,,,,,,,,1/16/2020,0.02,,,,,,,,,,,,,,,,,,
,,,,,,,6/17/2015,0.04,,,,,,,,,,,,,,,,,,,,,,,,,,,,,,,,,,,,,,,,,,,,,,,,,,,,,,,,,,,,,,,,,,,,,,,,,,,,,,,,,,,,,,,,,,,,,,,6/17/2019,0.11,,,,,,,,,,,,,,,,,,,,,,,,,,,,,,,,
,,,,,,,,,,,,,,,,,,,,,,,,,,,,,,,,,,,,,,,,,,,,,,,,,,,,,,,,,,,,,,,,,,,,,,,,,,,,,,,,,,,,,,,,,,,,,,,,,,,,,,,6/18/2019,0.04,,,,,,,,,,,,,,,,,,,,,,,,,,,,,,,,
,,,,,,,,,,,,,,,,,,,,,,,,,,,,,,,,,,,,,,,,,,,,,,,,,,,,,,,,,,,,,,,,,,,,,,,,,,,,,,,,,,,,,,,,,,,,,,,,,,,,,,,6/19/2019,0.06,,,,,,,,,,,,,,,,,,,,,,,,,,,,,,,,
,,,,,,,,,,,,,,,,,,,,,,,,,,,,,,,,,,,,,,,,,,,,,,,,,,,,,,,,,,,,,,,,,,,,,,,,,,,,,,,,,,,,,,,,,,,,,,,,,,,,,,,6/20/2019,0.01,,,,,,,,,,,,,,,,,,,,,,,,,,,,,,,,
